Firm/Organization,Contact Name,Email,Domain,Category
Y Combinator,Trevor Blackwell,trevor@ycombinator.com,ycombinator.com,VC/Investor
Y Combinator,Paul Buchheit,pb@ycombinator.com,ycombinator.com,VC/Investor
Y Combinator,Sam Altman,sam@ycombinator.com,ycombinator.com,VC/Investor
Y Combinator,Geoff Ralston,geoff@ycombinator.com,ycombinator.com,VC/Investor
Y Combinator,Kevin Hale,kevin@ycombinator.com,ycombinator.com,VC/Investor
Y Combinator,Aaron Harris,aaron@ycombinator.com,ycombinator.com,VC/Investor
Y Combinator,Paul Alex Graham,pg@ycombinator.com,ycombinator.com,VC/Investor
Y Combinator,Jessica Livingston,jessica@ycombinator.com,ycombinator.com,VC/Investor
Y Combinator,Qasar Younis,qasar@ycombinator.com,ycombinator.com,VC/Investor
Y Combinator,Jared Friedman,jared@ycombinator.com,ycombinator.com,VC/Investor
Y Combinator,Dalton Caldwell,dalton@ycombinator.com,ycombinator.com,VC/Investor
Y Combinator,Michael Seibel,michael@ycombinator.com,ycombinator.com,VC/Investor
Y Combinator,Ali Rowghani,ali@ycombinator.com,ycombinator.com,VC/Investor
Techstars,David Cohen,david.cohen@techstars.com,techstars.com,VC/Investor
Techstars,Jason Seats,jason@techstars.com,techstars.com,VC/Investor
Techstars,Semyon Dukach,semyon.dukach@techstars.com,techstars.com,VC/Investor
Techstars,Chris DeVore,chris.devore@techstars.com,techstars.com,VC/Investor
Techstars,Alex Iskold,alex.iskold@techstars.com,techstars.com,VC/Investor
Techstars,KJ Singh,kj.singh@techstars.com,techstars.com,VC/Investor
Techstars,Ari Newman,ari.newman@techstars.com,techstars.com,VC/Investor
Techstars,Mark Solon,mark.solon@techstars.com,techstars.com,VC/Investor
Founders Fund,Brian Singerman,brian@foundersfund.com,foundersfund.com,VC/Investor
Founders Fund,Peter Andreas Thiel,peter@foundersfund.com,foundersfund.com,VC/Investor
Founders Fund,Cyan Banister,cyan@foundersfund.com,foundersfund.com,VC/Investor
Founders Fund,Kevin Hartz,kevin@foundersfund.com,foundersfund.com,VC/Investor
Founders Fund,Ken Howery,ken@foundersfund.com,foundersfund.com,VC/Investor
Founders Fund,Luke Nosek,luke@foundersfund.com,foundersfund.com,VC/Investor
Meta (Facebook),Dan Rose,dan@fb.com,fb.com,VC/Investor
Meta (Facebook),David Marcus,dmarcus@fb.com,fb.com,VC/Investor
Meta (Facebook),Jay Parikh,jay@fb.com,fb.com,VC/Investor
Meta (Facebook),Mark Zuckerberg,mzuckerberg@fb.com,fb.com,VC/Investor
Meta (Facebook),Alex Stamos,alex@fb.com,fb.com,VC/Investor
Meta (Facebook),Mike Schroepfer,mike@fb.com,fb.com,VC/Investor
Meta (Facebook),Sheryl Sandberg,ssandberg@fb.com,fb.com,VC/Investor
Meta (Facebook),Andrew Anker,andrew@fb.com,fb.com,VC/Investor
Andreessen Horowitz (a16z),Marc L. Andreessen,ma@a16z.com,a16z.com,VC/Investor
Andreessen Horowitz (a16z),Christopher J. Dixon,chris@a16z.com,a16z.com,VC/Investor
Andreessen Horowitz (a16z),Benjamin Horowitz,ben@a16z.com,a16z.com,VC/Investor
Andreessen Horowitz (a16z),Steven Sinofsky,steven@a16z.com,a16z.com,VC/Investor
Andreessen Horowitz (a16z),Alastair Rampell,arampell@a16z.com,a16z.com,VC/Investor
Andreessen Horowitz (a16z),John M. Jack,jj@a16z.com,a16z.com,VC/Investor
Andreessen Horowitz (a16z),Lars Dalgaard,lars@a16z.com,a16z.com,VC/Investor
Greylock Partners,Mark Davidson,mdavidson@greylock.com,greylock.com,VC/Investor
Greylock Partners,Reid Hoffman,rhoffman@greylock.com,greylock.com,VC/Investor
Greylock Partners,Sarah Guo,sguo@greylock.com,greylock.com,VC/Investor
Greylock Partners,Josh Elman,jelman@greylock.com,greylock.com,VC/Investor
Greylock Partners,David Strohm,dstrohm@greylock.com,greylock.com,VC/Investor
Greylock Partners,Asheem Chandna,achandna@greylock.com,greylock.com,VC/Investor
Greylock Partners,Simon Rothman,srothman@greylock.com,greylock.com,VC/Investor
Greylock Partners,Joshua D. McFarland,jmcfarland@greylock.com,greylock.com,VC/Investor
500 Global,David McClure,dave@500.co,500.co,VC/Investor
500 Global,Sean Percival,sean@500.co,500.co,VC/Investor
500 Global,Pankaj Jain,pankaj@500.co,500.co,VC/Investor
500 Global,Edith Yeung,edith@500.co,500.co,VC/Investor
500 Global,Bedy Yang,bedy@500.co,500.co,VC/Investor
500 Global,Patrick Lor,pat@500.co,500.co,VC/Investor
New York Angels,Elizabeth Lindsey,elindsey@newyorkangels.com,newyorkangels.com,VC/Investor
New York Angels,David S. Rose,david@newyorkangels.com,newyorkangels.com,VC/Investor
New York Angels,Brian S. Cohen,bcohen@newyorkangels.com,newyorkangels.com,VC/Investor
New York Angels,Scott Kurnit,scott@newyorkangels.com,newyorkangels.com,VC/Investor
Google,Eugene John Frantz,gfrantz@google.com,google.com,VC/Investor
Google,Eric E. Schmidt,eschmidt@google.com,google.com,VC/Investor
Google,Diane Greene,diane@google.com,google.com,VC/Investor
Google,Hal R Varian,hal@google.com,google.com,VC/Investor
Google,David E. Weekly,dweekly@google.com,google.com,VC/Investor
Google,David C. Drummond,ddrummond@google.com,google.com,VC/Investor
Google,David Krane,dkrane@google.com,google.com,VC/Investor
Plug and Play Tech Center,Marc Steiner,marc@plugandplaytechcenter.com,plugandplaytechcenter.com,VC/Investor
Plug and Play Tech Center,Alireza Masrour,alireza@plugandplaytechcenter.com,plugandplaytechcenter.com,VC/Investor
Plug and Play Tech Center,Saeed Amidi,saeed@plugandplaytechcenter.com,plugandplaytechcenter.com,VC/Investor
Plug and Play Tech Center,Zarko Maletin,zarko@plugandplaytechcenter.com,plugandplaytechcenter.com,VC/Investor
Plug and Play Tech Center,Ivan Zgomba,ivan@plugandplaytechcenter.com,plugandplaytechcenter.com,VC/Investor
Plug and Play Tech Center,Michael Olmstead,michael@plugandplaytechcenter.com,plugandplaytechcenter.com,VC/Investor
FirstMark Capital,Matt Turck,mturck@firstmarkcap.com,firstmarkcap.com,VC/Investor
FirstMark Capital,Rick Heitzmann,rheitzmann@firstmarkcap.com,firstmarkcap.com,VC/Investor
FirstMark Capital,Josh Abramson,jabramson@firstmarkcap.com,firstmarkcap.com,VC/Investor
FirstMark Capital,Christopher Ahearn,cahearn@firstmarkcap.com,firstmarkcap.com,VC/Investor
FirstMark Capital,Amish A. Jani,ajani@firstmarkcap.com,firstmarkcap.com,VC/Investor
FirstMark Capital,Martin A. Nisenholtz,martin@firstmarkcap.com,firstmarkcap.com,VC/Investor
GV (Google Ventures),Jodi Olson,jodi@gv.com,gv.com,VC/Investor
GV (Google Ventures),Georges Harik,gh@gv.com,gv.com,VC/Investor
GV (Google Ventures),Kenneth Norton,ken@gv.com,gv.com,VC/Investor
GV (Google Ventures),MG Siegler,mg@gv.com,gv.com,VC/Investor
GV (Google Ventures),Shernaz Daver,shernaz@gv.com,gv.com,VC/Investor
GV (Google Ventures),Joe Kraus,joe@gv.com,gv.com,VC/Investor
Kleiner Perkins,Nancy Sun,nancys@kpcb.com,kpcb.com,VC/Investor
Kleiner Perkins,John L. Doerr,johnd@kpcb.com,kpcb.com,VC/Investor
Kleiner Perkins,Frank J. Caufield,fcaufield@kpcb.com,kpcb.com,VC/Investor
Kleiner Perkins,Arielle Zuckerberg,a.zuckerberg@kpcb.com,kpcb.com,VC/Investor
Kleiner Perkins,William Gordon,bingg@kpcb.com,kpcb.com,VC/Investor
Kleiner Perkins,Michael R. Abbott,mikea@kpcb.com,kpcb.com,VC/Investor
Lightspeed Venture Partners,Michael Romano,michael@lsvp.com,lsvp.com,VC/Investor
Lightspeed Venture Partners,Aaron Batalion,aaron@lsvp.com,lsvp.com,VC/Investor
Lightspeed Venture Partners,Samer Hamadeh,samer@lsvp.com,lsvp.com,VC/Investor
Lightspeed Venture Partners,Ravi Mhatre,ravi@lsvp.com,lsvp.com,VC/Investor
Lightspeed Venture Partners,Arif Janmohamed,arif@lsvp.com,lsvp.com,VC/Investor
Lightspeed Venture Partners,Eric O'Brien,eric@lsvp.com,lsvp.com,VC/Investor
Foundry Group,Bradley A. Feld,brad@foundrygroup.com,foundrygroup.com,VC/Investor
Foundry Group,Ryan Andrew McIntyre,ryan@foundrygroup.com,foundrygroup.com,VC/Investor
Foundry Group,Seth Levine,seth@foundrygroup.com,foundrygroup.com,VC/Investor
Foundry Group,Jason Mendelson,jason@foundrygroup.com,foundrygroup.com,VC/Investor
Draper Fisher Jurvetson,Mark J. Greenstein,mark@dfj.com,dfj.com,VC/Investor
Draper Fisher Jurvetson,Mark W. Bailey,mbailey@dfj.com,dfj.com,VC/Investor
Draper Fisher Jurvetson,Neel Murarka,bubba@dfj.com,dfj.com,VC/Investor
Draper Fisher Jurvetson,John H.N. Fisher,jfisher@dfj.com,dfj.com,VC/Investor
Draper Fisher Jurvetson,Barry M. Schuler,bschuler@dfj.com,dfj.com,VC/Investor
Draper Fisher Jurvetson,Randall S. Glein,rglein@dfj.com,dfj.com,VC/Investor
Golden Seeds,Peggy Wallace,pwallace@goldenseeds.com,goldenseeds.com,VC/Investor
Golden Seeds,Jim Estill,jestill@goldenseeds.com,goldenseeds.com,VC/Investor
Golden Seeds,Una S. Ryan,uryan@goldenseeds.com,goldenseeds.com,VC/Investor
Golden Seeds,Sandra Kresch,skresch@goldenseeds.com,goldenseeds.com,VC/Investor
Golden Seeds,Carol Curley,ccurley@goldenseeds.com,goldenseeds.com,VC/Investor
Sand Hill Angels,Tom Chiu,tchiu@sandhillangels.com,sandhillangels.com,VC/Investor
Sand Hill Angels,Sherman Ting,sting@sandhillangels.com,sandhillangels.com,VC/Investor
Sand Hill Angels,Sarosh Kumana,skumana@sandhillangels.com,sandhillangels.com,VC/Investor
Sand Hill Angels,Frank Willemsen,fwillemsen@sandhillangels.com,sandhillangels.com,VC/Investor
Sand Hill Angels,Gordon Chaffee,gchaffee@sandhillangels.com,sandhillangels.com,VC/Investor
Sand Hill Angels,Jo-ning Ta,jta@sandhillangels.com,sandhillangels.com,VC/Investor
First Round Capital,Jeffrey Donnon,jeff@firstround.com,firstround.com,VC/Investor
First Round Capital,Joshua Kopelman,joshua@firstround.com,firstround.com,VC/Investor
First Round Capital,Bill Trenchard,bill@firstround.com,firstround.com,VC/Investor
First Round Capital,Robert Hayes,rob@firstround.com,firstround.com,VC/Investor
Capital Factory,Joshua Baer,joshuabaer@capitalfactory.com,capitalfactory.com,VC/Investor
Capital Factory,Gordon Daugherty,gordondaugherty@capitalfactory.com,capitalfactory.com,VC/Investor
Capital Factory,Mellie Price,mellieprice@capitalfactory.com,capitalfactory.com,VC/Investor
Capital Factory,David Altounian,davidaltounian@capitalfactory.com,capitalfactory.com,VC/Investor
Slow Ventures,Kevin Colleran,kevin@slow.co,slow.co,VC/Investor
Slow Ventures,Dave Morin,dave@slow.co,slow.co,VC/Investor
Slow Ventures,Samuel W. Lessin,sam@slow.co,slow.co,VC/Investor
Slow Ventures,Scott Marlette,scott@slow.co,slow.co,VC/Investor
Social Capital,Ted Maidenberg,ted@socialcapital.com,socialcapital.com,VC/Investor
Social Capital,Arjun Sethi,arjun@socialcapital.com,socialcapital.com,VC/Investor
Social Capital,Chamath Palihapitiya,chamath@socialcapital.com,socialcapital.com,VC/Investor
Social Capital,Brigette Lau,brigette@socialcapital.com,socialcapital.com,VC/Investor
Social Capital,Thomas Layton,thomas@socialcapital.com,socialcapital.com,VC/Investor
Mayfield Fund,Kamini Ramani,kramani@mayfield.com,mayfield.com,VC/Investor
Mayfield Fund,Timothy Chang,tchang@mayfield.com,mayfield.com,VC/Investor
Mayfield Fund,Navin Chaddha,nchaddha@mayfield.com,mayfield.com,VC/Investor
Mayfield Fund,Robin Vasan,rvasan@mayfield.com,mayfield.com,VC/Investor
Mayfield Fund,Rajeev Batra,rbatra@mayfield.com,mayfield.com,VC/Investor
WIN Funding,Dena Porter,dena@winfunding.com,winfunding.com,VC/Investor
WIN Funding,Michael Neril,michael@winfunding.com,winfunding.com,VC/Investor
WIN Funding,Maynard G. Webb,maynard@winfunding.com,winfunding.com,VC/Investor
WIN Funding,Jonathan Pines,jonathan@winfunding.com,winfunding.com,VC/Investor
Chicago Ventures,Stuart Larkins,stuart@chicagoventures.com,chicagoventures.com,VC/Investor
Chicago Ventures,Kevin Willer,kw@chicagoventures.com,chicagoventures.com,VC/Investor
Chicago Ventures,Ezra Galston,ezra@chicagoventures.com,chicagoventures.com,VC/Investor
Chicago Ventures,Jason Duboe,jason@chicagoventures.com,chicagoventures.com,VC/Investor
Cultivation Capital,William Schmidt,wschmidt@cultivationcapital.com,cultivationcapital.com,VC/Investor
Cultivation Capital,James McKelvey,jmckelvey@cultivationcapital.com,cultivationcapital.com,VC/Investor
Cultivation Capital,Rick Holton,rholton@cultivationcapital.com,cultivationcapital.com,VC/Investor
Cultivation Capital,Clifford Holekamp,cholekamp@cultivationcapital.com,cultivationcapital.com,VC/Investor
Sigma Partners,Robert E. Davoli,bob@sigmapartners.com,sigmapartners.com,VC/Investor
Sigma Partners,Clifford L. Haas,haas@sigmapartners.com,sigmapartners.com,VC/Investor
Sigma Partners,Jere Doyle,jere@sigmapartners.com,sigmapartners.com,VC/Investor
Alsop Louie Partners,Gilman Louie,glouie@alsop-louie.com,alsop-louie.com,VC/Investor
Alsop Louie Partners,Stewart Alsop,stewart@alsop-louie.com,alsop-louie.com,VC/Investor
Alsop Louie Partners,Joseph Alsop,jalsop@alsop-louie.com,alsop-louie.com,VC/Investor
Alsop Louie Partners,Joseph Addiego,jaddiego@alsop-louie.com,alsop-louie.com,VC/Investor
NYU,Dennis D. Dintino,ddd2009@nyu.edu,nyu.edu,VC/Investor
NYU,Frank Rimalovski,frank.rimalovski@nyu.edu,nyu.edu,VC/Investor
NYU,Martin S. Dorph,martin.dorph@nyu.edu,nyu.edu,VC/Investor
NYU,Kenneth G. Langone,kenneth.langone@nyu.edu,nyu.edu,VC/Investor
Clearstone Venture Partners,Dana Moraly,dana@clearstone.com,clearstone.com,VC/Investor
Clearstone Venture Partners,William Elkus,bill@clearstone.com,clearstone.com,VC/Investor
Clearstone Venture Partners,William Quigley,william@clearstone.com,clearstone.com,VC/Investor
Clearstone Venture Partners,Vish Mishra,vish@clearstone.com,clearstone.com,VC/Investor
Wealthfront,Adam Nash,adam@wealthfront.com,wealthfront.com,VC/Investor
Wealthfront,Alison H. Rosenthal,ali@wealthfront.com,wealthfront.com,VC/Investor
Wealthfront,Andrew S. Rachleff,andy@wealthfront.com,wealthfront.com,VC/Investor
Wealthfront,Daniel Carroll,dan@wealthfront.com,wealthfront.com,VC/Investor
Wealthfront,Elliot Shmukler,elliot@wealthfront.com,wealthfront.com,VC/Investor
Accel Partners,Anne Rockhold,arockhold@accel.com,accel.com,VC/Investor
Accel Partners,Steve Loughlin,steve.loughlin@accel.com,accel.com,VC/Investor
Accel Partners,Kevin Efrusy,kefrusy@accel.com,accel.com,VC/Investor
Accel Partners,Jeffery Rothschild,jrothschild@accel.com,accel.com,VC/Investor
Sequoia Capital,Marie Klemchuk,klemchuk@sequoiacap.com,sequoiacap.com,VC/Investor
Sequoia Capital,Omar Hamoui,ohamoui@sequoiacap.com,sequoiacap.com,VC/Investor
Sequoia Capital,Alfred Lin,lin@sequoiacap.com,sequoiacap.com,VC/Investor
Sequoia Capital,Roelof F. Botha,botha@sequoiacap.com,sequoiacap.com,VC/Investor
General Catalyst,Lawrence S. Bohn,lbohn@generalcatalyst.com,generalcatalyst.com,VC/Investor
General Catalyst,Peter Boyce,pboyce@generalcatalyst.com,generalcatalyst.com,VC/Investor
General Catalyst,Hugh Crean,hcrean@generalcatalyst.com,generalcatalyst.com,VC/Investor
General Catalyst,Robert Gierkink,rgierkink@generalcatalyst.com,generalcatalyst.com,VC/Investor
Khosla Ventures,Keith Janosky,kj@khoslaventures.com,khoslaventures.com,VC/Investor
Khosla Ventures,Benjamin Ling,bling@khoslaventures.com,khoslaventures.com,VC/Investor
Khosla Ventures,Keith Rabois,kr@khoslaventures.com,khoslaventures.com,VC/Investor
Khosla Ventures,Kevin Freedman,kf@khoslaventures.com,khoslaventures.com,VC/Investor
Twitter/X,Meredith Finn,mf@twitter.com,twitter.com,VC/Investor
Twitter/X,Jack Dorsey,jack@twitter.com,twitter.com,VC/Investor
Twitter/X,Deb Roy,droy@twitter.com,twitter.com,VC/Investor
DCVC (Data Collective),Matthew Ocko,matt@dcvc.com,dcvc.com,VC/Investor
DCVC (Data Collective),Bruno Bowden,bruno@dcvc.com,dcvc.com,VC/Investor
DCVC (Data Collective),Zachary S. Bogue,zack@dcvc.com,dcvc.com,VC/Investor
Redpoint Ventures,Lars Pedersen,lpedersen@redpoint.com,redpoint.com,VC/Investor
Redpoint Ventures,G. Bradford Jones,bjones@redpoint.com,redpoint.com,VC/Investor
Redpoint Ventures,Jeffrey D. Brody,jbrody@redpoint.com,redpoint.com,VC/Investor
Redpoint Ventures,Timothy M. Haley,thaley@redpoint.com,redpoint.com,VC/Investor
Great Oaks Venture Capital,Celine Kwok,ckwok@greatoaksvc.com,greatoaksvc.com,VC/Investor
Great Oaks Venture Capital,Ben Lin,blin@greatoaksvc.com,greatoaksvc.com,VC/Investor
Great Oaks Venture Capital,Andrew K. Boszhardt,ab@greatoaksvc.com,greatoaksvc.com,VC/Investor
Great Oaks Venture Capital,Henry L. McNamara,hlmcnamara@greatoaksvc.com,greatoaksvc.com,VC/Investor
Lerer Hippeau,Taylor Greene,taylor@lererhippeau.com,lererhippeau.com,VC/Investor
Lerer Hippeau,Joe Medved,joe@lererhippeau.com,lererhippeau.com,VC/Investor
Lerer Hippeau,Eric Hippeau,eric@lererhippeau.com,lererhippeau.com,VC/Investor
Benchmark Capital,Jill Jarrett,jill@benchmark.com,benchmark.com,VC/Investor
Benchmark Capital,Robert C. Kagle,bkagle@benchmark.com,benchmark.com,VC/Investor
Benchmark Capital,Mitch Lasky,mlasky@benchmark.com,benchmark.com,VC/Investor
Benchmark Capital,Kevin Harvey,kharvey@benchmark.com,benchmark.com,VC/Investor
Western Technology Investment,Martin D. Eng,martine@westerntech.com,westerntech.com,VC/Investor
Western Technology Investment,Sal O. Gutierrez,sal@westerntech.com,westerntech.com,VC/Investor
Western Technology Investment,Maurice Werdegar,mauricew@westerntech.com,westerntech.com,VC/Investor
Western Technology Investment,Jay L. Cohan,jay@westerntech.com,westerntech.com,VC/Investor
Madrona Venture Group,Jennifer Chambers,jennifer@madrona.com,madrona.com,VC/Investor
Madrona Venture Group,Soma Somasegar,somasegar@madrona.com,madrona.com,VC/Investor
Madrona Venture Group,Greg Gottesman,greg@madrona.com,madrona.com,VC/Investor
Madrona Venture Group,Thomas A. Alberg,tom@madrona.com,madrona.com,VC/Investor
Charles River Ventures,Saar Gur,saar@crv.com,crv.com,VC/Investor
Charles River Ventures,George Zachary,george@crv.com,crv.com,VC/Investor
Charles River Ventures,Richard M. Burnes,rickb@crv.com,crv.com,VC/Investor
Charles River Ventures,Rafael Corrales,rafael@crv.com,crv.com,VC/Investor
Shasta Ventures,David L. Anderson,dave@shv.com,shv.com,VC/Investor
Shasta Ventures,Gina Bauman,dave@shv.com,shv.com,VC/Investor
Shasta Ventures,Michael L. Speiser,mike@shv.com,shv.com,VC/Investor
Shasta Ventures,Andrew T. Sheehan,andrew@shv.com,shv.com,VC/Investor
Emergence Capital,Jason Green,jgreen@emcap.com,emcap.com,VC/Investor
Emergence Capital,Brian Jacobs,bjacobs@emcap.com,emcap.com,VC/Investor
Emergence Capital,Santiago Subotovsky,ssubotovsky@emcap.com,emcap.com,VC/Investor
Social Leverage,Tom Peterson,tom@socialleverage.com,socialleverage.com,VC/Investor
Social Leverage,Howard Lindzon,howard@socialleverage.com,socialleverage.com,VC/Investor
Social Leverage,Gary Benitt,gary@socialleverage.com,socialleverage.com,VC/Investor
Raptor Group,Robert Needham,robert.needham@raptorgroup.com,raptorgroup.com,VC/Investor
Raptor Group,James J. Pallotta,james.pallotta@raptorgroup.com,raptorgroup.com,VC/Investor
Raptor Group,Harry DeMott,harry.demott@raptorgroup.com,raptorgroup.com,VC/Investor
Raptor Group,Joshua Langsam,joshua.langsam@raptorgroup.com,raptorgroup.com,VC/Investor
gener8tor,Troy Vosseller,troy@gener8tor.com,gener8tor.com,VC/Investor
gener8tor,Jon Eckhardt,jon@gener8tor.com,gener8tor.com,VC/Investor
gener8tor,Joe Kirgues,joe@gener8tor.com,gener8tor.com,VC/Investor
NFX,James Currier,james@nfx.com,nfx.com,VC/Investor
NFX,Stan Chudnovsky,stan@nfx.com,nfx.com,VC/Investor
NFX,Pete Flint,pete@nfx.com,nfx.com,VC/Investor
Susaventures,Seth Berman,seth@susaventures.com,susaventures.com,VC/Investor
Susaventures,Chad Byers,chad@susaventures.com,susaventures.com,VC/Investor
Susaventures,Leo Polovets,leo@susaventures.com,susaventures.com,VC/Investor
Nextviewventures,Rob Go,rob@nextviewventures.com,nextviewventures.com,VC/Investor
Nextviewventures,Lee Hower,lee@nextviewventures.com,nextviewventures.com,VC/Investor
Nextviewventures,David Beisel,david@nextviewventures.com,nextviewventures.com,VC/Investor
Learnlaunch,Liam Pisano,liam@learnlaunch.com,learnlaunch.com,Corporate/Other
Learnlaunch,Jean Hammond,jean@learnlaunch.com,learnlaunch.com,Corporate/Other
Learnlaunch,Eileen Rudden,eileen@learnlaunch.com,learnlaunch.com,Corporate/Other
Learnlaunch,Hakan Satiroglu,hakan@learnlaunch.com,learnlaunch.com,Corporate/Other
Brv,Cheryl Cheng,ccheng@brv.com,brv.com,Corporate/Other
Brv,Jonathan Ebinger,jebinger@brv.com,brv.com,Corporate/Other
Brv,John A. Malloy,jmalloy@brv.com,brv.com,Corporate/Other
Hearst,Rick Marini,rmarini@hearst.com,hearst.com,Corporate/Other
Hearst,Travis Ing,ting@hearst.com,hearst.com,Corporate/Other
Hearst,Ellen Koskinas,ekoskinas@hearst.com,hearst.com,Corporate/Other
Hearst,Gil Canaani,gcanaani@hearst.com,hearst.com,Corporate/Other
Idealab,Craig Chrisney,craig@idealab.com,idealab.com,Corporate/Other
Idealab,Allen L. Morgan,amorgan@idealab.com,idealab.com,Corporate/Other
Idealab,Howard Morgan,howard@idealab.com,idealab.com,Corporate/Other
Idealab,Tom Hughes,tom@idealab.com,idealab.com,Corporate/Other
Revolution,Evan B. Morgan,evan.morgan@revolution.com,revolution.com,Corporate/Other
Revolution,Meredith Balenske,meredithb@revolution.com,revolution.com,Corporate/Other
Revolution,Ted Leonsis,ted.leonsis@revolution.com,revolution.com,Corporate/Other
Revolution,David G. Golden,david.golden@revolution.com,revolution.com,Corporate/Other
Westlygroup,Steve P. Westly,steve.westly@westlygroup.com,westlygroup.com,Corporate/Other
Westlygroup,Mike Jackson,mike.jackson@westlygroup.com,westlygroup.com,Corporate/Other
Westlygroup,Gary Dillabough,gary.dillabough@westlygroup.com,westlygroup.com,Corporate/Other
Dell,James Lussier,jim_lussier@dell.com,dell.com,Corporate/Other
Dell,Thomas W. Sweet,ts@dell.com,dell.com,Corporate/Other
Dell,Michael S. Dell,michael_dell@dell.com,dell.com,Corporate/Other
Dell,Suresh C. Vaswani,suresh_vaswani@dell.com,dell.com,Corporate/Other
Corevc,Arjan Schütte,arjan@corevc.com,corevc.com,VC/Investor
Corevc,Ramtin Naimi,ramtin@corevc.com,corevc.com,VC/Investor
Alphaprime,Owen Davis,owen@alphaprime.com,alphaprime.com,Corporate/Other
Alphaprime,Joseph Rothman,joseph@alphaprime.com,alphaprime.com,Corporate/Other
Alphaprime,Alessandro Piol,ap@alphaprime.com,alphaprime.com,Corporate/Other
Secondave,Pete Higgins,pete@secondave.com,secondave.com,Corporate/Other
Secondave,Nicolas Hanauer,nick@secondave.com,secondave.com,Corporate/Other
Secondave,Michael B. Slade,mike@secondave.com,secondave.com,Corporate/Other
Fyrfly,Philipp Stauffer,philipp@fyrfly.vc,fyrfly.vc,VC/Investor
Fyrfly,Julie Allegro,julie@fyrfly.vc,fyrfly.vc,VC/Investor
Workday,Ignacio Millán Vilela,ignacio.vilela@workday.com,workday.com,Corporate/Other
Workday,Adeyemi Ajao,adeyemi.ajao@workday.com,workday.com,Corporate/Other
Workday,Mike Frandsen,mike.frandsen@workday.com,workday.com,Corporate/Other
Kdwcventures,Lon Chow,lon@kdwcventures.com,kdwcventures.com,VC/Investor
Kdwcventures,Terry Diamond,terry@kdwcventures.com,kdwcventures.com,VC/Investor
Kdwcventures,Christopher W. Capps,chris@kdwcventures.com,kdwcventures.com,VC/Investor
Twilio,Jeff Lawson,jeff@twilio.com,twilio.com,Corporate/Other
Twilio,John Wolthuis,john@twilio.com,twilio.com,Corporate/Other
Twilio,Ott Kaukver,okaukver@twilio.com,twilio.com,Corporate/Other
Twilio,George Hu,george@twilio.com,twilio.com,Corporate/Other
Rackspace,Pat Condon,pcondon@rackspace.com,rackspace.com,Corporate/Other
Rackspace,Dirk Elmendorf,delmendorf@rackspace.com,rackspace.com,Corporate/Other
Rackspace,Richard Yoo,ryoo@rackspace.com,rackspace.com,Corporate/Other
Rackspace,John Engates,jengates@rackspace.com,rackspace.com,Corporate/Other
Uber,Emil Michael,emil@uber.com,uber.com,Corporate/Other
Uber,Garrett Camp,camp@uber.com,uber.com,Corporate/Other
Uber,Travis Cordell Kalanick,travis@uber.com,uber.com,Corporate/Other
Uber,Jeff Holden,jeff@uber.com,uber.com,Corporate/Other
Bcvp,David Jones,david@bcvp.com,bcvp.com,Corporate/Other
Bcvp,Jason Caplain,jason@bcvp.com,bcvp.com,Corporate/Other
137Ventures,Andrew D. Hansen,andrew@137ventures.com,137ventures.com,VC/Investor
137Ventures,Justin Fishner-Wolfson,justin@137ventures.com,137ventures.com,VC/Investor
137Ventures,Elizabeth Bailey Weil,elizabeth@137ventures.com,137ventures.com,VC/Investor
137Ventures,Alda Leu Dennis,alda@137ventures.com,137ventures.com,VC/Investor
Trueglobalventures,Dušan Stojanovic,dusan.stojanovic@trueglobalventures.com,trueglobalventures.com,VC/Investor
Trueglobalventures,Magnus Emilson,magnus.emilson@trueglobalventures.com,trueglobalventures.com,VC/Investor
Trueglobalventures,Tom Voute,tom.voute@trueglobalventures.com,trueglobalventures.com,VC/Investor
Trueglobalventures,Heiko Rauch,heiko.rauch@trueglobalventures.com,trueglobalventures.com,VC/Investor
Canalpartners,Todd Belfer,todd@canalpartners.com,canalpartners.com,VC/Investor
Canalpartners,Wain Kellum,wain@canalpartners.com,canalpartners.com,VC/Investor
Canalpartners,Jim Armstrong,jim@canalpartners.com,canalpartners.com,VC/Investor
Naspers,Russell Dreisenstock,rad@naspers.com,naspers.com,Corporate/Other
Naspers,Larry Illg,larry@naspers.com,naspers.com,Corporate/Other
Naspers,Mike Katz,mike.katz@naspers.com,naspers.com,Corporate/Other
Nea,Tim Schaller,tschaller@nea.com,nea.com,Corporate/Other
Nea,C. Richard Kramlich,dkramlich@nea.com,nea.com,Corporate/Other
Nea,Richard K. Whitney,rwhitney@nea.com,nea.com,Corporate/Other
Svangel,Brian Pokorny,brian@svangel.com,svangel.com,Corporate/Other
Svangel,Ronald C. Conway,rc@svangel.com,svangel.com,Corporate/Other
Intel,Lee M. Sessions,lee.m.sessions@intel.com,intel.com,Corporate/Other
Intel,Stacy J. Smith,stacy.j.smith@intel.com,intel.com,Corporate/Other
Intel,John Galvin,john.galvin@intel.com,intel.com,Corporate/Other
Dreamit,Karen Griffith Gryga,karen.griffith@dreamit.com,dreamit.com,Corporate/Other
Dreamit,Steven D. Welch,steve@dreamit.com,dreamit.com,Corporate/Other
Socialstarts,William Lohse,wlohse@socialstarts.com,socialstarts.com,Corporate/Other
Socialstarts,Charles C. Smith,charles@socialstarts.com,socialstarts.com,Corporate/Other
Insightpartners,Jeffrey L. Horing,jhoring@insightpartners.com,insightpartners.com,VC/Investor
Insightpartners,Jerry Murdock,jmurdock@insightpartners.com,insightpartners.com,VC/Investor
Insightpartners,Nicolas Wittenborn,nicolas.wittenborn@insightpartners.com,insightpartners.com,VC/Investor
Trueventures,James Stewart,jim@trueventures.com,trueventures.com,VC/Investor
Trueventures,Jyri Engestrom,jyri@trueventures.com,trueventures.com,VC/Investor
Trueventures,Jonathan D. Callaghan,jon@trueventures.com,trueventures.com,VC/Investor
Menlovc,Jenny Saling,jenny@menlovc.com,menlovc.com,VC/Investor
Menlovc,Mark A. Siegel,mark@menlovc.com,menlovc.com,VC/Investor
Menlovc,Douglas C. Carlisle,doug@menlovc.com,menlovc.com,VC/Investor
Felicis,Guergana Tomova,guergana@felicis.com,felicis.com,Corporate/Other
Felicis,Aydin Senkut,aydin@felicis.com,felicis.com,Corporate/Other
Felicis,Wesley Chan,wesley@felicis.com,felicis.com,Corporate/Other
Matrixpartners,Josh Hannah,jhannah@matrixpartners.com,matrixpartners.com,VC/Investor
Matrixpartners,Ilya Sukhar,ilya@matrixpartners.com,matrixpartners.com,VC/Investor
Matrixpartners,Robert Soni,rsoni@matrixpartners.com,matrixpartners.com,VC/Investor
Crosslinkcapital,Joel Hausman,jhausmna@crosslinkcapital.com,crosslinkcapital.com,VC/Investor
Crosslinkcapital,Phil Boyer,pboyer@crosslinkcapital.com,crosslinkcapital.com,VC/Investor
Crosslinkcapital,Eric Chin,echin@crosslinkcapital.com,crosslinkcapital.com,VC/Investor
Trinityventures,Ajay Chopra,ajay@trinityventures.com,trinityventures.com,VC/Investor
Trinityventures,Anjula Acharia,anjula@trinityventures.com,trinityventures.com,VC/Investor
Innovationworks.Org,David Lishego,dlishego@innovationworks.org,innovationworks.org,Corporate/Other
Innovationworks.Org,Gary G. Glausser,gglausser@innovationworks.org,innovationworks.org,Corporate/Other
Kaporcenter.Org,Freada Kapor Klein,freada@kaporcenter.org,kaporcenter.org,Corporate/Other
Kaporcenter.Org,Mitchell David Kapor,mitch@kaporcenter.org,kaporcenter.org,Corporate/Other
Kaporcenter.Org,Ellen Pao,ellen@kaporcenter.org,kaporcenter.org,Corporate/Other
Ggvc,Jixun Foo,jfoo@ggvc.com,ggvc.com,VC/Investor
Ggvc,Hany M. Nada,hnada@ggvc.com,ggvc.com,VC/Investor
Ggvc,Jeff Richards,jrichards@ggvc.com,ggvc.com,VC/Investor
Initialized,Garry Tan,garry@initialized.co,initialized.co,Corporate/Other
Initialized,Harj Taggar,harjeet.taggar@initialized.co,initialized.co,Corporate/Other
Usv,Albert Wenger,albert@usv.com,usv.com,Corporate/Other
Usv,Frederick R. Wilson,fred@usv.com,usv.com,Corporate/Other
Drapervc,Timothy C. Draper,tdraper@drapervc.com,drapervc.com,VC/Investor
Drapervc,Billy Draper,billy@drapervc.com,drapervc.com,VC/Investor
Angelpad.Org,Carine Magescas,carine@angelpad.org,angelpad.org,Corporate/Other
Angelpad.Org,Thomas Korte,thomas@angelpad.org,angelpad.org,Corporate/Other
Accomplice,Jeffery Fagnan,jfagnan@accomplice.co,accomplice.co,Corporate/Other
Accomplice,Ryan Moore,ryan@accomplice.co,accomplice.co,Corporate/Other
Techcoastangels,Arash Sani,arash@techcoastangels.com,techcoastangels.com,VC/Investor
Techcoastangels,John Harbison,john.harbison@techcoastangels.com,techcoastangels.com,VC/Investor
Techcoastangels,David W. Berkus,david.berkus@techcoastangels.com,techcoastangels.com,VC/Investor
Cisco,Alok Bardiya,abardiya@cisco.com,cisco.com,Corporate/Other
Cisco,Tom Yoritaka,tom@cisco.com,cisco.com,Corporate/Other
Sep.Benfranklin.Org,RoseAnn B. Rosenthal,roseann@sep.benfranklin.org,sep.benfranklin.org,Corporate/Other
Sep.Benfranklin.Org,Jeff Snellenburg,jsnellenburg@sep.benfranklin.org,sep.benfranklin.org,Corporate/Other
Sep.Benfranklin.Org,Omar G. Mencin,omar@sep.benfranklin.org,sep.benfranklin.org,Corporate/Other
Blumbergcapital,Jaime Felix,jaime@blumbergcapital.com,blumbergcapital.com,VC/Investor
Blumbergcapital,Joel Englander,joel@blumbergcapital.com,blumbergcapital.com,VC/Investor
Blumbergcapital,Matt Bornstein,matt@blumbergcapital.com,blumbergcapital.com,VC/Investor
Eniac,Hadley Harris,hadley@eniac.vc,eniac.vc,VC/Investor
Eniac,Nihal Mehta,nihal@eniac.vc,eniac.vc,VC/Investor
Eniac,Timothy Young,tim@eniac.vc,eniac.vc,VC/Investor
Angel,Naval Ravikant,naval@angel.co,angel.co,Corporate/Other
Angel,Kevin Laws,klaws@angel.co,angel.co,Corporate/Other
Canaan,Guy Russo,grusso@canaan.com,canaan.com,Corporate/Other
Canaan,Richard Boyle,rboyle@canaan.com,canaan.com,Corporate/Other
Canaan,John Balen,jbalen@canaan.com,canaan.com,Corporate/Other
Mdv,William Ericson,bericson@mdv.com,mdv.com,Corporate/Other
Mdv,Katherine Barr,kbarr@mdv.com,mdv.com,Corporate/Other
Pritzkergroup,Christopher E. Girgenti,cgirgenti@pritzkergroup.com,pritzkergroup.com,Corporate/Other
Pritzkergroup,Matthew B. McCall,mmccall@pritzkergroup.com,pritzkergroup.com,Corporate/Other
Pritzkergroup,Ablorde Ashigbi,aashigbi@pritzkergroup.com,pritzkergroup.com,Corporate/Other
Augustcap,David Hornik,hornik@augustcap.com,augustcap.com,Corporate/Other
Augustcap,Villi Iltchev,villi@augustcap.com,augustcap.com,Corporate/Other
Augustcap,John R. Johnston,jrj@augustcap.com,augustcap.com,Corporate/Other
Founder.Org,Michael Baum,michael@founder.org,founder.org,Corporate/Other
Founder.Org,Tony Ayaz,tony@founder.org,founder.org,Corporate/Other
Hyperloop-One,Shervin Pishevar,shervin@hyperloop-one.com,hyperloop-one.com,Corporate/Other
Hyperloop-One,Kimberly Salzer,salzer@hyperloop-one.com,hyperloop-one.com,Corporate/Other
Seraf-Investor,Hambleton Lord,hambleton@seraf-investor.com,seraf-investor.com,VC/Investor
Seraf-Investor,Christopher Mirabile,christopher@seraf-investor.com,seraf-investor.com,VC/Investor
Expansionvc,Joseph Melohn,joe@expansionvc.com,expansionvc.com,VC/Investor
Expansionvc,Ryan T. Melohn,ryan@expansionvc.com,expansionvc.com,VC/Investor
Rallyventures,Charles Beeler,charles@rallyventures.com,rallyventures.com,VC/Investor
Rallyventures,Thomas Peterson,tom@rallyventures.com,rallyventures.com,VC/Investor
Tcv,Robert Trudeau,rtrudeau@tcv.com,tcv.com,Corporate/Other
Tcv,Erik Blachford,eblachford@tcv.com,tcv.com,Corporate/Other
Tcv,John Drew,jdrew@tcv.com,tcv.com,Corporate/Other
Epicvc,Nick Efstratis,nick@epicvc.com,epicvc.com,VC/Investor
Epicvc,Ryan Hemingway,rhemingway@epicvc.com,epicvc.com,VC/Investor
Upwestlabs,Shuly Galili,shuly@upwestlabs.com,upwestlabs.com,Corporate/Other
Upwestlabs,Liron Petrushka,liron@upwestlabs.com,upwestlabs.com,Corporate/Other
Upfront,Mark Suster,msuster@upfront.com,upfront.com,Corporate/Other
Upfront,Greg Bettinelli,greg@upfront.com,upfront.com,Corporate/Other
Learncapital,Tom Vander Ark,tom@learncapital.com,learncapital.com,VC/Investor
Learncapital,Elliott Bisnow,elliott@learncapital.com,learncapital.com,VC/Investor
Cotacapital,Bobby Yazdani,bobby@cotacapital.com,cotacapital.com,VC/Investor
Amplify.La,Paul Bricault,paul@amplify.la,amplify.la,Corporate/Other
Amplify.La,Kris Bjornerud,kris@amplify.la,amplify.la,Corporate/Other
Drummondroad,Morris H. Wheeler,mowheeler@drummondroad.com,drummondroad.com,Corporate/Other
Xg-Ventures,Andrea Zurek,andrea@xg-ventures.com,xg-ventures.com,VC/Investor
Xg-Ventures,Pietro Dova,pietro@xg-ventures.com,xg-ventures.com,VC/Investor
Vulcan,Chris Orndorff,chris.orndorff@vulcan.com,vulcan.com,Corporate/Other
Vulcan,Paul G. Allen,paul.allen@vulcan.com,vulcan.com,Corporate/Other
Vulcan,Steve Hall,steveh@vulcan.com,vulcan.com,Corporate/Other
Silvertonpartners,Kip McClanahan,kmcclanahan@silvertonpartners.com,silvertonpartners.com,VC/Investor
Silvertonpartners,Morgan Flager,mflager@silvertonpartners.com,silvertonpartners.com,VC/Investor
Fourriversgroup,Richard Lee Thompson,rick.thompson@fourriversgroup.com,fourriversgroup.com,Corporate/Other
Fourriversgroup,Farouk Ladha,farouk.ladha@fourriversgroup.com,fourriversgroup.com,Corporate/Other
Scripps,J.B. Kropp,j.b.kropp@scripps.com,scripps.com,Corporate/Other
Scripps,Timothy M. Wesolowski,twesolowski@scripps.com,scripps.com,Corporate/Other
Cowboy,Aileen Lee,aileen@cowboy.vc,cowboy.vc,VC/Investor
Cowboy,Noah Lichtenstein,noah@cowboy.vc,cowboy.vc,VC/Investor
Amplifypartners,Mike Dauber,mike@amplifypartners.com,amplifypartners.com,VC/Investor
Amplifypartners,David Beyer,david@amplifypartners.com,amplifypartners.com,VC/Investor
Amplifypartners,Lenny Pruss,lenny@amplifypartners.com,amplifypartners.com,VC/Investor
1871,Howard A. Tullman,howard@1871.com,1871.com,Corporate/Other
Qedinvestors,Nigel W. Morris,nigel@qedinvestors.com,qedinvestors.com,VC/Investor
K5Ventures,Amir Banifatemi,amir@k5ventures.com,k5ventures.com,VC/Investor
K5Ventures,Raymond Chan,ray.chan@k5ventures.com,k5ventures.com,VC/Investor
Transmediacapital,Chris Redlitz,chris@transmediacapital.com,transmediacapital.com,VC/Investor
Transmediacapital,Peter Boboff,peter@transmediacapital.com,transmediacapital.com,VC/Investor
Allenco,Kim Wieland,kwieland@allenco.com,allenco.com,Corporate/Other
Allenco,Shelby W. Bonnie,sbonnie@allenco.com,allenco.com,Corporate/Other
Allenco,Nancy Peretsman,nperetsman@allenco.com,allenco.com,Corporate/Other
Wakestreamventures,Rick DeVos,rick@wakestreamventures.com,wakestreamventures.com,VC/Investor
Wakestreamventures,Michael DeVries,mike@wakestreamventures.com,wakestreamventures.com,VC/Investor
Oracle,Safra A. Catz,safra.catz@oracle.com,oracle.com,Corporate/Other
Oracle,Reggie Bradford,reggie.bradford@oracle.com,oracle.com,Corporate/Other
Oracle,Lawrence J. Ellison,larry.ellison@oracle.com,oracle.com,Corporate/Other
Homebrew,Hunter Walk,hunter@homebrew.co,homebrew.co,Corporate/Other
Homebrew,Satya Patel,satya@homebrew.co,homebrew.co,Corporate/Other
Allegiscapital,Barry M. Weinman,weinman@allegiscapital.com,allegiscapital.com,VC/Investor
Allegiscapital,Spencer C. Tall,tall@allegiscapital.com,allegiscapital.com,VC/Investor
Allegiscapital,Robert R. Ackerman,bob.ackerman@allegiscapital.com,allegiscapital.com,VC/Investor
Xseedcap,Michael G. Borrus,mborrus@xseedcap.com,xseedcap.com,VC/Investor
Xseedcap,Alan Chiu,achiu@xseedcap.com,xseedcap.com,VC/Investor
Xseedcap,Robert Siegel,rsiegel@xseedcap.com,xseedcap.com,VC/Investor
Trilogyequity,Yuval Neeman,yuval.neeman@trilogyequity.com,trilogyequity.com,VC/Investor
Trilogyequity,Cole Brodman,cole.brodman@trilogyequity.com,trilogyequity.com,VC/Investor
August,Jason Johnson,jason@august.com,august.com,Corporate/Other
August,Yves Behar,yves@august.com,august.com,Corporate/Other
Wasabiventures,Thomas Kuegler,tk@wasabiventures.com,wasabiventures.com,VC/Investor
Wasabiventures,Chris Yeh,chris@wasabiventures.com,wasabiventures.com,VC/Investor
Vestor.In,Pavel Cherkashin,pavel.cherkashin@vestor.in,vestor.in,Corporate/Other
Sound-Ventures,Ashton Kutcher,ashton.kutcher@sound-ventures.com,sound-ventures.com,VC/Investor
Sound-Ventures,Guy Oseary,g_oseary@sound-ventures.com,sound-ventures.com,VC/Investor
Sevenpeaksventures,Dino Vendetti,dino@sevenpeaksventures.com,sevenpeaksventures.com,VC/Investor
Sevenpeaksventures,Corey Schmid,corey@sevenpeaksventures.com,sevenpeaksventures.com,VC/Investor
Cntp,Mohsen Moazami,mmoazami@cntp.com,cntp.com,Corporate/Other
Cntp,Edmundo Gonzalez,egonzalez@cntp.com,cntp.com,Corporate/Other
Strongvc,Kihong Bae,kihong@strongvc.com,strongvc.com,VC/Investor
Strongvc,John Nahm,john@strongvc.com,strongvc.com,VC/Investor
Iconventures,Joseph H. Horowitz,joe@iconventures.com,iconventures.com,VC/Investor
Iconventures,Paul Sallaberry,paul@iconventures.com,iconventures.com,VC/Investor
Iconventures,Jeb Miller,jeb@iconventures.com,iconventures.com,VC/Investor
Automattic,Matt C. Mullenweg,matt@automattic.com,automattic.com,Corporate/Other
Automattic,John Maeda,maeda@automattic.com,automattic.com,Corporate/Other
Rocketship,Anand Rajaraman,anand@rocketship.vc,rocketship.vc,VC/Investor
Packard.Place,Dan Roselli,dan.roselli@packard.place,packard.place,Corporate/Other
Meruscap,Peter Hsing,peter@meruscap.com,meruscap.com,Corporate/Other
Meruscap,Salman Ullah,salman@meruscap.com,meruscap.com,Corporate/Other
Blueprinthealth.Org,Mathew Slade Farkash,mfarkash@blueprinthealth.org,blueprinthealth.org,Corporate/Other
Blueprinthealth.Org,Brad Weinberg,bweinberg@blueprinthealth.org,blueprinthealth.org,Corporate/Other
Bandangels,Ian Sobieski,ian@bandangels.com,bandangels.com,VC/Investor
Bandangels,V. K. Rajaram,vr@bandangels.com,bandangels.com,VC/Investor
Bandangels,Steve Nasiri,snasiri@bandangels.com,bandangels.com,VC/Investor
Zettavp,Mark Gorenberg,mark@zettavp.com,zettavp.com,Corporate/Other
Zettavp,Ashley Fontana,ash@zettavp.com,zettavp.com,Corporate/Other
Fairhavencapital,Paul Ciriello,paul@fairhavencapital.com,fairhavencapital.com,VC/Investor
Fairhavencapital,Wan Li Zhu,wanli@fairhavencapital.com,fairhavencapital.com,VC/Investor
Vastvc,Aniq Rahman,aniq@vastvc.com,vastvc.com,VC/Investor
Vastvc,Doug Chertok,doug@vastvc.com,vastvc.com,VC/Investor
Vastvc,Nikhil Kalghatgi,nikhil@vastvc.com,vastvc.com,VC/Investor
Mhscapital,Mark Sugarman,msugarman@mhscapital.com,mhscapital.com,VC/Investor
Mhscapital,Vijay Nagappan,vijay@mhscapital.com,mhscapital.com,VC/Investor
Staenberg,Melinda Morbeck Lewison,melinda@staenberg.com,staenberg.com,Corporate/Other
Staenberg,Jonathan R. Staenberg,jon@staenberg.com,staenberg.com,Corporate/Other
Atxseedventures,Christopher Shonk,chris@atxseedventures.com,atxseedventures.com,VC/Investor
Swayvc,Joe Lonsdale,joe.lonsdale@swayvc.com,swayvc.com,VC/Investor
Wsgr,Larry W. Sonsini,lsonsini@wsgr.com,wsgr.com,Corporate/Other
Wsgr,Craig E. Sherman,csherman@wsgr.com,wsgr.com,Corporate/Other
Raine,Gordon Rubenstein,grubenstein@raine.com,raine.com,Corporate/Other
Raine,Sherri A. Williams,swilliams@raine.com,raine.com,Corporate/Other
Rwbaird,Aaron C. Rudberg,arudberg@rwbaird.com,rwbaird.com,Corporate/Other
Rwbaird,Ross Williams,rwilliams@rwbaird.com,rwbaird.com,Corporate/Other
Rwbaird,Anne Crago,acrago@rwbaird.com,rwbaird.com,Corporate/Other
Anthemvp,Claudia L. Llanos,claudia@anthemvp.com,anthemvp.com,Corporate/Other
Anthemvp,William Woodward,bill@anthemvp.com,anthemvp.com,Corporate/Other
Anthemvp,Brian Mesic,brian@anthemvp.com,anthemvp.com,Corporate/Other
Divergent,Kevin Ober,ober@divergent.com,divergent.com,Corporate/Other
Divergent,Todd Warren,warren@divergent.com,divergent.com,Corporate/Other
Katerra,Michael E. Marks,michael@katerra.com,katerra.com,Corporate/Other
Katerra,Ash Bhardwaj,ash.bhardwaj@katerra.com,katerra.com,Corporate/Other
Startacapital,Alexey Girin,alexey.girin@startacapital.com,startacapital.com,VC/Investor
Startacapital,Liudmila Golubkova,liudmila.golubkova@startacapital.com,startacapital.com,VC/Investor
Valhallapartners,Harry D'Andrea,harry@valhallapartners.com,valhallapartners.com,VC/Investor
Valhallapartners,Kiran Hebbar,kiran@valhallapartners.com,valhallapartners.com,VC/Investor
Valhallapartners,Arthur J. Marks,art@valhallapartners.com,valhallapartners.com,VC/Investor
Crossculturevc,Troy Carter,troy@crossculturevc.com,crossculturevc.com,VC/Investor
Crossculturevc,Marlon C. Nichols,marlon@crossculturevc.com,crossculturevc.com,VC/Investor
Montavc,Venktesh Shukla,venk@montavc.com,montavc.com,VC/Investor
Montavc,Prashant Shah,prashant@montavc.com,montavc.com,VC/Investor
Obvious,James Joaquin,jj@obvious.com,obvious.com,Corporate/Other
Obvious,Evan Clark Williams,ev@obvious.com,obvious.com,Corporate/Other
Concur,Michael Koetting,michael.koetting@concur.com,concur.com,Corporate/Other
Concur,Barry Padgett,barryp@concur.com,concur.com,Corporate/Other
Concur,Sudhir Steven Singh,ssingh@concur.com,concur.com,Corporate/Other
Chrysalisventures,David A. Jones,djones@chrysalisventures.com,chrysalisventures.com,VC/Investor
Chrysalisventures,John H. Willmoth,jwillmoth@chrysalisventures.com,chrysalisventures.com,VC/Investor
Chrysalisventures,Douglas Cobb,dcobb@chrysalisventures.com,chrysalisventures.com,VC/Investor
Bolt.Io,Benjamin Einstein,ben@bolt.io,bolt.io,Corporate/Other
Bolt.Io,Axel Bichara,axel@bolt.io,bolt.io,Corporate/Other
Bolt.Io,Scott N. Miller,scott@bolt.io,bolt.io,Corporate/Other
Atlantatechvillage,David Cummings,david.cummings@atlantatechvillage.com,atlantatechvillage.com,Corporate/Other
Laconiacapitalgroup,Geri Kirilova,geri@laconiacapitalgroup.com,laconiacapitalgroup.com,VC/Investor
Laconiacapitalgroup,David Arcara,david@laconiacapitalgroup.com,laconiacapitalgroup.com,VC/Investor
Laconiacapitalgroup,Vamsi Sistla,vamsi@laconiacapitalgroup.com,laconiacapitalgroup.com,VC/Investor
Healthwildcatters,Hubert Zajicek,hubert@healthwildcatters.com,healthwildcatters.com,Corporate/Other
Healthwildcatters,Carl Soderstrom,csoderstrom@healthwildcatters.com,healthwildcatters.com,Corporate/Other
Assetman,Bennett S. Dubin,ben@assetman.com,assetman.com,Corporate/Other
Assetman,Franklin Johnson,pitch@assetman.com,assetman.com,Corporate/Other
Assetman,Skip Fleshman,skip@assetman.com,assetman.com,Corporate/Other
Svgpartners,Alberto Acito,alberto.acito@svgpartners.com,svgpartners.com,VC/Investor
Svgpartners,John Hartnett,john.hartnett@svgpartners.com,svgpartners.com,VC/Investor
Binarycap,Jonathan Teo,jt@binarycap.com,binarycap.com,Corporate/Other
Binarycap,Justin Caldbeck,justin@binarycap.com,binarycap.com,Corporate/Other
Tigerlabs,Bertrand Navarette,bert@tigerlabs.co,tigerlabs.co,Corporate/Other
Vertexventures,Insik Rhee,insik@vertexventures.com,vertexventures.com,VC/Investor
Vertexventures,Sandeep Bhadra,sandeep@vertexventures.com,vertexventures.com,VC/Investor
Vertexventures,Jonathan Heiliger,jh@vertexventures.com,vertexventures.com,VC/Investor
Hackhands,Ed Roman,ed@hackhands.com,hackhands.com,Corporate/Other
Hackhands,Geraldo Ramos,geraldo@hackhands.com,hackhands.com,Corporate/Other
Hackhands,Forest Good,forest@hackhands.com,hackhands.com,Corporate/Other
Columbia.Edu,Ofra Weinberger,ofra.weinberger@columbia.edu,columbia.edu,Corporate/Other
Columbia.Edu,Noam Gottesman,noam.gottesman@columbia.edu,columbia.edu,Corporate/Other
Columbia.Edu,Donna Hitscherich,dmh9@columbia.edu,columbia.edu,Corporate/Other
Angelsforum,Leif Langensand,llangensand@angelsforum.com,angelsforum.com,VC/Investor
Angelsforum,Steve Eskenazi,seskenazi@angelsforum.com,angelsforum.com,VC/Investor
Uprising.Us,Tabreez Verjee,tabreez.verjee@uprising.us,uprising.us,Corporate/Other
Uprising.Us,Saad Khan,saad@uprising.us,uprising.us,Corporate/Other
Juvocapital,Talmadge O'Neill,talmadge@juvocapital.com,juvocapital.com,VC/Investor
Juvocapital,Harry Tsao,harry@juvocapital.com,juvocapital.com,VC/Investor
Eastoncapital,John H. Friedman,friedman@eastoncapital.com,eastoncapital.com,VC/Investor
Eastoncapital,Nathan Maidenbaum,nathan@eastoncapital.com,eastoncapital.com,VC/Investor
Trunkclub,Brian Spaly,brian@trunkclub.com,trunkclub.com,Corporate/Other
Trunkclub,John Tucker,john@trunkclub.com,trunkclub.com,Corporate/Other
Trunkclub,Rob Chesney,rob@trunkclub.com,trunkclub.com,Corporate/Other
Yahoo-Inc,Marissa Ann Mayer,mmayer@yahoo-inc.com,yahoo-inc.com,Corporate/Other
Yahoo-Inc,Chris Himes,chimes@yahoo-inc.com,yahoo-inc.com,Corporate/Other
Yahoo-Inc,Ido Yablonka,iyablonka@yahoo-inc.com,yahoo-inc.com,Corporate/Other
Northhillventures,Shamez Kanji,shamez.kanji@northhillventures.com,northhillventures.com,VC/Investor
Northhillventures,Brett J. Rome,brettj.rome@northhillventures.com,northhillventures.com,VC/Investor
Jpmorgan,Katherine Q. Rosa,katherine.q.rosa@jpmorgan.com,jpmorgan.com,Corporate/Other
Jpmorgan,Sanjeev Singh,sanjeev.singh@jpmorgan.com,jpmorgan.com,Corporate/Other
Jpmorgan,Lauren M. Tyler,lauren.m.tyler@jpmorgan.com,jpmorgan.com,Corporate/Other
Gracebeauty,Kathryn Cavanaugh,kcavanaugh@gracebeauty.com,gracebeauty.com,Corporate/Other
Gracebeauty,Marisa Seyfert,mseyfert@gracebeauty.com,gracebeauty.com,Corporate/Other
Gracebeauty,William McClelland,william.mcclelland@gracebeauty.com,gracebeauty.com,Corporate/Other
Clear.Ventures,Rajeev Madhavan,rajeev@clear.ventures,clear.ventures,VC/Investor
Clear.Ventures,Christopher Jefferey Rust,chris@clear.ventures,clear.ventures,VC/Investor
Calcefangelfund,Danny Kennedy,danny.kennedy@calcefangelfund.com,calcefangelfund.com,VC/Investor
Calcefangelfund,Susan Preston,susan.preston@calcefangelfund.com,calcefangelfund.com,VC/Investor
Eclipse,Pierre Lamond,pierre@eclipse.vc,eclipse.vc,VC/Investor
Eclipse,Angela Hayward,angela@eclipse.vc,eclipse.vc,VC/Investor
Eclipse,Lior Susan,lior@eclipse.vc,eclipse.vc,VC/Investor
Herox,Peter H. Diamandis,peter@herox.com,herox.com,Corporate/Other
Herox,Christian Cotichini,c@herox.com,herox.com,Corporate/Other
Equidateinc,Samvit Ramadurgam,samvit@equidateinc.com,equidateinc.com,Corporate/Other
Equidateinc,Sohail Prasad,sohail@equidateinc.com,equidateinc.com,Corporate/Other
Threelines.Us,Peter Adams,peter.adams@threelines.us,threelines.us,Corporate/Other
Stripe,Patrick Collison,patrick@stripe.com,stripe.com,Corporate/Other
Stripe,William Gaybrick,will@stripe.com,stripe.com,Corporate/Other
Stripe,John Collison,john@stripe.com,stripe.com,Corporate/Other
Instagram,Mike Krieger,mike@instagram.com,instagram.com,Corporate/Other
Instagram,Kevin Weil,kevin.weil@instagram.com,instagram.com,Corporate/Other
Instagram,Kevin Systrom,kevin@instagram.com,instagram.com,Corporate/Other
Lemnoslabs,Jeremy Conrad,jeremy@lemnoslabs.com,lemnoslabs.com,Corporate/Other
Lemnoslabs,Eric Klein,eric@lemnoslabs.com,lemnoslabs.com,Corporate/Other
Lemnoslabs,Helen Zelman Boniske,helz@lemnoslabs.com,lemnoslabs.com,Corporate/Other
Xandex,Shaheen Shamsavari,sshamsavari@xandex.com,xandex.com,Corporate/Other
Xandex,Kamran Shamsavari,kamran.shamsavari@xandex.com,xandex.com,Corporate/Other
Elevate,Nitin Rai,nitin@elevate.vc,elevate.vc,VC/Investor
Kkr,Richard Sarnoff,richard.sarnoff@kkr.com,kkr.com,Corporate/Other
Kkr,Vance Serchuk,vance.serchuk@kkr.com,kkr.com,Corporate/Other
Kkr,Jonathan D. Smidt,smidtj@kkr.com,kkr.com,Corporate/Other
Weebly,John David Rusenko,david@weebly.com,weebly.com,Corporate/Other
Weebly,Daniel W. Veltri,dan@weebly.com,weebly.com,Corporate/Other
Weebly,Christopher Fanini,chris@weebly.com,weebly.com,Corporate/Other
Amazon,Jeffrey P. Bezos,jeffreybezos@amazon.com,amazon.com,Corporate/Other
Amazon,Jeffrey M. Blackburn,jeff@amazon.com,amazon.com,Corporate/Other
Amazon,Jeffrey A. Wilke,jwilke@amazon.com,amazon.com,Corporate/Other
Vedacap,Parag Saxena,parag@vedacap.com,vedacap.com,Corporate/Other
Vedacap,Howard Goldstein,howard@vedacap.com,vedacap.com,Corporate/Other
Appnexus,Tom Shields,tshields@appnexus.com,appnexus.com,Corporate/Other
Appnexus,Brian O'Kelley,brian@appnexus.com,appnexus.com,Corporate/Other
Appnexus,Michael Rubenstein,mrubenstein@appnexus.com,appnexus.com,Corporate/Other
Tynker,Srinivas Mandyam,smandyam@tynker.com,tynker.com,Corporate/Other
Tynker,Krishna Vedati,kvedati@tynker.com,tynker.com,Corporate/Other
Tynker,Kelvin Chong,kchong@tynker.com,tynker.com,Corporate/Other
Zillow,Lloyd Frink,llyod@zillow.com,zillow.com,Corporate/Other
Zillow,Spencer M. Rascoff,spencer@zillow.com,zillow.com,Corporate/Other
Zillow,Matthew Daimler,matt@zillow.com,zillow.com,Corporate/Other
Buzzfeed,John S. Johnson,jsj@buzzfeed.com,buzzfeed.com,Corporate/Other
Buzzfeed,Jonah Peretti,jonah@buzzfeed.com,buzzfeed.com,Corporate/Other
Buzzfeed,Greg Coleman,greg@buzzfeed.com,buzzfeed.com,Corporate/Other
Etsy,Chad Dickerson,cdickerson@etsy.com,etsy.com,Corporate/Other
Etsy,Josh Silverman,jsilverman@etsy.com,etsy.com,Corporate/Other
Etsy,John Allspaw,jallspaw@etsy.com,etsy.com,Corporate/Other
M13,Carter Reum,carter@m13.co,m13.co,Corporate/Other
M13,Courtney Reum,courtney@m13.co,m13.co,Corporate/Other
Groupon,Brian Ficho,bficho@groupon.com,groupon.com,Corporate/Other
Groupon,Raj Ruparell,rruparell@groupon.com,groupon.com,Corporate/Other
Groupon,Jason Harinstein,jharinstein@groupon.com,groupon.com,Corporate/Other
Zendesk,Alexander Aghassipour,alexander@zendesk.com,zendesk.com,Corporate/Other
Zendesk,Morten Primdahl,morten@zendesk.com,zendesk.com,Corporate/Other
Zendesk,Adrian McDermott,adrian@zendesk.com,zendesk.com,Corporate/Other
Apollolp,Aaron Stone,astone@apollolp.com,apollolp.com,Corporate/Other
Apollolp,John J. Hannan,jhannan@apollolp.com,apollolp.com,Corporate/Other
Apollolp,Marc Jeffrey Rowan,mrowan@apollolp.com,apollolp.com,Corporate/Other
Uw.Edu,Elizabeth Scallon,escallon@uw.edu,uw.edu,Corporate/Other
Uw.Edu,Amy Sallin,asallin@uw.edu,uw.edu,Corporate/Other
Weddingwire,Timothy Chi,tchi@weddingwire.com,weddingwire.com,Corporate/Other
Weddingwire,Justin Tan,jtan@weddingwire.com,weddingwire.com,Corporate/Other
Weddingwire,Sonny Ganguly,sganguly@weddingwire.com,weddingwire.com,Corporate/Other
Chegg,Nathan Schultz,nathan@chegg.com,chegg.com,Corporate/Other
Chegg,Daniel L. Rosensweig,dan@chegg.com,chegg.com,Corporate/Other
Chegg,Chuck F. Geiger,chuck@chegg.com,chegg.com,Corporate/Other
Cbs,Joel Molinoff,joel.molinoff@cbs.com,cbs.com,Corporate/Other
Cbs,Michael Powers,michael.powers@cbs.com,cbs.com,Corporate/Other
Cbs,Adam Townsend,adam.townsend@cbs.com,cbs.com,Corporate/Other
Pinterest,Tim Kendall,tim@pinterest.com,pinterest.com,Corporate/Other
Pinterest,Kamran Ansari,kamran@pinterest.com,pinterest.com,Corporate/Other
Pinterest,Gene Alston,gene@pinterest.com,pinterest.com,Corporate/Other
Linkedin,Tim Converse,tconverse@linkedin.com,linkedin.com,Corporate/Other
Linkedin,Mike Gamson,mgamson@linkedin.com,linkedin.com,Corporate/Other
Linkedin,Emilie Choi,echoi@linkedin.com,linkedin.com,Corporate/Other
Zuora,Tien Tzuo,tien.tzuo@zuora.com,zuora.com,Corporate/Other
Zuora,Marc Diouane,marc.diouane@zuora.com,zuora.com,Corporate/Other
Zuora,Tyler Sloat,tyler.sloat@zuora.com,zuora.com,Corporate/Other
Theastorgroup,Mickey Klein,klein@theastorgroup.com,theastorgroup.com,Corporate/Other
Theastorgroup,Seth R. Zalkin,zalkin@theastorgroup.com,theastorgroup.com,Corporate/Other
Bvp,Ed Colloton,ed@bvp.com,bvp.com,Corporate/Other
Bvp,David Cowan,david@bvp.com,bvp.com,Corporate/Other
Battery,Rebecca Buckman,becky@battery.com,battery.com,Corporate/Other
Battery,Neeraj Agrawal,nagrawal@battery.com,battery.com,Corporate/Other
Sosv,Sean O'Sullivan,sean.o'sullivan@sosv.com,sosv.com,Corporate/Other
Sosv,Cyril Ebersweiler,cyril.ebersweiler@sosv.com,sosv.com,Corporate/Other
Fundersclub,Boris Silver,boris@fundersclub.com,fundersclub.com,VC/Investor
Fundersclub,Eugene Mirkin,eugene@fundersclub.com,fundersclub.com,VC/Investor
Qti.Qualcomm,Quinn Li,qli@qti.qualcomm.com,qti.qualcomm.com,Corporate/Other
Qti.Qualcomm,Nagraj Kashyap,nkashyap@qti.qualcomm.com,qti.qualcomm.com,Corporate/Other
Greycroftpartners,Alan J. Patricof,apatricof@greycroftpartners.com,greycroftpartners.com,VC/Investor
Greycroftpartners,Ellie Wheeler,wheeler@greycroftpartners.com,greycroftpartners.com,VC/Investor
Nvp,Matthew Howard,mhoward@nvp.com,nvp.com,Corporate/Other
Nvp,Sean Jacobson,sjacobson@nvp.com,nvp.com,Corporate/Other
Crunchfund,Susan Hobbs,susan@crunchfund.com,crunchfund.com,VC/Investor
Crunchfund,Patrick Gallagher,patrick@crunchfund.com,crunchfund.com,VC/Investor
Wavemaker,Eric T. Manlunas,eric@wavemaker.vc,wavemaker.vc,VC/Investor
Boxgroup,David Tisch,david@boxgroup.com,boxgroup.com,Corporate/Other
Dcm,André Levi,alevi@dcm.com,dcm.com,Corporate/Other
Dcm,Dixon R. Doll,ddoll@dcm.com,dcm.com,Corporate/Other
Ignitionpartners,Robert Headley,rheadley@ignitionpartners.com,ignitionpartners.com,VC/Investor
Ignitionpartners,Richard Fade,rfade@ignitionpartners.com,ignitionpartners.com,VC/Investor
Formation8,Jin-Young Kim,jin-young@formation8.com,formation8.com,Corporate/Other
Formation8,Drew Oetting,drew@formation8.com,formation8.com,Corporate/Other
Tigerglobal,Lee Jared Fixel,lfixel@tigerglobal.com,tigerglobal.com,Corporate/Other
Tigerglobal,Jason H. Tan,jtan@tigerglobal.com,tigerglobal.com,Corporate/Other
Ffvc,David Frankel,david.frankel@ffvc.com,ffvc.com,VC/Investor
Ffvc,John Frankel,john@ffvc.com,ffvc.com,VC/Investor
Correlationvc,Grace Chui-Miller,gcm@correlationvc.com,correlationvc.com,VC/Investor
Correlationvc,Trevor F. Kienzle,trevor.kienzle@correlationvc.com,correlationvc.com,VC/Investor
Boost,Adam Draper,adam@boost.vc,boost.vc,VC/Investor
Dcg,Barry E. Silbert,barry@dcg.co,dcg.co,Corporate/Other
Microsoft,Amy Hood,amyh@microsoft.com,microsoft.com,Corporate/Other
Microsoft,Bart Robertson,bart.robertson@microsoft.com,microsoft.com,Corporate/Other
Lowercasellc,Christopher Sacca,chris@lowercasellc.com,lowercasellc.com,Corporate/Other
Softtechvc,Ashley Cravens,ashley.cravens@softtechvc.com,softtechvc.com,VC/Investor
Softtechvc,Jean-Francois Clavier,jeff.clavier@softtechvc.com,softtechvc.com,VC/Investor
Eranyc,Karen J. Novak,karen@eranyc.com,eranyc.com,Corporate/Other
Eranyc,Murat Aktihanoglu,murat@eranyc.com,eranyc.com,Corporate/Other
Acceleprise,Sean Glass,sean.glass@acceleprise.vc,acceleprise.vc,VC/Investor
Convergevp,Maia D. Heymann,maia@convergevp.com,convergevp.com,Corporate/Other
Metamorphic,David Hirsch,david@metamorphic.vc,metamorphic.vc,VC/Investor
Resolute,Michael Hirshland,mhirshland@resolute.vc,resolute.vc,VC/Investor
Hydeparkvp,Nancy Corrie,nancy@hydeparkvp.com,hydeparkvp.com,Corporate/Other
Hydeparkvp,Tim Kopp,tim@hydeparkvp.com,hydeparkvp.com,Corporate/Other
Ludlowventures,Jonathon Triest,jt@ludlowventures.com,ludlowventures.com,VC/Investor
Streamlinedventures,Ullas Naik,ullas@streamlinedventures.com,streamlinedventures.com,VC/Investor
Omidyar,Tie Kim,tkim@omidyar.com,omidyar.com,Corporate/Other
Omidyar,Pierre Omidyar,pomidyar@omidyar.com,omidyar.com,Corporate/Other
Moradoventures,Ashvin Kumar Patel,ash@moradoventures.com,moradoventures.com,VC/Investor
Tobacapital,Vincent C. Smith,vinny@tobacapital.com,tobacapital.com,VC/Investor
Kickstartfund,Alex Soffe,alex@kickstartfund.com,kickstartfund.com,VC/Investor
Kickstartfund,Clarke Miyasaki,clarke@kickstartfund.com,kickstartfund.com,VC/Investor
Innovationendeavors,Dror Berman,dror@innovationendeavors.com,innovationendeavors.com,Corporate/Other
1776,Evan Burfield,evan@1776.vc,1776.vc,VC/Investor
Vaynerrse,Phil Toronto,phil.toronto@vaynerrse.com,vaynerrse.com,Corporate/Other
Vaynerrse,Gary Vaynerchuk,gary@vaynerrse.com,vaynerrse.com,Corporate/Other
Fuelcapital,Christopher Howard,chris@fuelcapital.com,fuelcapital.com,VC/Investor
Maveron,Brett Miller,bmiller@maveron.com,maveron.com,Corporate/Other
Maveron,David Wu,dwu@maveron.com,maveron.com,Corporate/Other
Boldstart,Edward G. Sim,ed@boldstart.vc,boldstart.vc,VC/Investor
Ge,JoAnna H. Morris,joanna.morris@ge.com,ge.com,Corporate/Other
Ge,Marianne Wu,marianne.wu@ge.com,ge.com,Corporate/Other
Stormventures,Kevin Melia,kmelia@stormventures.com,stormventures.com,VC/Investor
Stormventures,Sanjay Subhedar,sanjay@stormventures.com,stormventures.com,VC/Investor
Idgvsf,Patrick Kenealy,patkenealy@idgvsf.com,idgvsf.com,Corporate/Other
Sierraventures,Mark Fernandes,mark@sierraventures.com,sierraventures.com,VC/Investor
Sierraventures,David C. Schwab,dave@sierraventures.com,sierraventures.com,VC/Investor
Flybridge,Kate Castle,kate@flybridge.com,flybridge.com,Corporate/Other
Flybridge,Jeffrey J. Bussgang,jeff@flybridge.com,flybridge.com,Corporate/Other
Microventures,William Michael Clark,bill.clark@microventures.com,microventures.com,VC/Investor
Silverlake,Andy Wagner,andy.wagner@silverlake.com,silverlake.com,Corporate/Other
Silverlake,Egon P. Durban,egon.durban@silverlake.com,silverlake.com,Corporate/Other
Pelionvp,Chris Cooper,chris@pelionvp.com,pelionvp.com,Corporate/Other
Pelionvp,Chad Packard,chad@pelionvp.com,pelionvp.com,Corporate/Other
Pejmanmar,Pejman Nozad,pejman@pejmanmar.com,pejmanmar.com,Corporate/Other
Advancitcap,Jason Ostheimer,ostheimer@advancitcap.com,advancitcap.com,Corporate/Other
Advancitcap,Shari E. Redstone,sr@advancitcap.com,advancitcap.com,Corporate/Other
Harrisonmetal,Michael Charles Dearing,md@harrisonmetal.com,harrisonmetal.com,Corporate/Other
Edisonpartners,Kelly Ford Buckley,kford@edisonpartners.com,edisonpartners.com,VC/Investor
Edisonpartners,John Martinson,jmartinson@edisonpartners.com,edisonpartners.com,VC/Investor
Triplepointcapital,Jon Baird,jbaird@triplepointcapital.com,triplepointcapital.com,VC/Investor
Triplepointcapital,Sajal Srivastava,ssrivastava@triplepointcapital.com,triplepointcapital.com,VC/Investor
Mercuryfund,Andreas R. Galliker,andreas@mercuryfund.com,mercuryfund.com,VC/Investor
Mercuryfund,Blair Garrou,blair@mercuryfund.com,mercuryfund.com,VC/Investor
Freestyle,Josh Felser,josh@freestyle.vc,freestyle.vc,VC/Investor
Ribbitcap,Meyer Malka,meyer.malka@ribbitcap.com,ribbitcap.com,Corporate/Other
Wing,Hilary Strain,hilary@wing.vc,wing.vc,VC/Investor
Wing,Gaurav Garg,gaurav@wing.vc,wing.vc,VC/Investor
Tedco.Md,Neil R. Davis,ndavis@tedco.md,tedco.md,Corporate/Other
Tedco.Md,Andrew Jones,ajones@tedco.md,tedco.md,Corporate/Other
Luxcapital,Peter Hébert,peter.hebert@luxcapital.com,luxcapital.com,VC/Investor
Luxcapital,Tuvia Barak,tuvia.barak@luxcapital.com,luxcapital.com,VC/Investor
Blockchain.Capital,W. Bradford Stephens,brad@blockchain.capital,blockchain.capital,VC/Investor
Blockchain.Capital,Bart Stephens,bart@blockchain.capital,blockchain.capital,VC/Investor
Fjlabs,Fabrice Grinda,fabrice@fjlabs.com,fjlabs.com,Corporate/Other
Citi,Ramneek Gupta,ramneek.gupta@citi.com,citi.com,Corporate/Other
Citi,Victoria L. Cheng,victoria.cheng@citi.com,citi.com,Corporate/Other
Cit.Org,Jennifer O'Daniel,jennifer.odaniel@cit.org,cit.org,Corporate/Other
Baselinev,Steve Anderson,steve@baselinev.com,baselinev.com,Corporate/Other
Meritechcapital,Robert D. Ward,rward@meritechcapital.com,meritechcapital.com,VC/Investor
Meritechcapital,Craig Sherman,craig@meritechcapital.com,meritechcapital.com,VC/Investor
Iconiqcapital,Divesh Kanthylal Makan,dmakan@iconiqcapital.com,iconiqcapital.com,VC/Investor
Iconiqcapital,Chad L. Boeding,cboeding@iconiqcapital.com,iconiqcapital.com,VC/Investor
Bam,Richard Jun,richard@bam.vc,bam.vc,VC/Investor
Prefer,Scott K. Belsky,scott@prefer.com,prefer.com,Corporate/Other
Prefer,Julio Vasconcellos,julio@prefer.com,prefer.com,Corporate/Other
Rglobal,Peter B. Kellner,peter.kellner@rglobal.com,rglobal.com,Corporate/Other
Rglobal,David I. Frazee,david.frazee@rglobal.com,rglobal.com,Corporate/Other
Hvf.Cc,Max R. Levchin,max@hvf.cc,hvf.cc,Corporate/Other
Beepartners,Michael T. Berolzheimer,michael@beepartners.vc,beepartners.vc,VC/Investor
Tribecavp,Brian Hirsch,brian@tribecavp.com,tribecavp.com,Corporate/Other
Javelinvp,Alex Gurevich,alex@javelinvp.com,javelinvp.com,Corporate/Other
Javelinvp,Jed Katz,jed@javelinvp.com,javelinvp.com,Corporate/Other
Capitalinnovators,Judy Sindecuse,judy.sindecuse@capitalinnovators.com,capitalinnovators.com,VC/Investor
Capitalinnovators,Hal Gentry,hal.gentry@capitalinnovators.com,capitalinnovators.com,VC/Investor
Hawaiiangels.Org,Chenoa Farnsworth,chenoa@hawaiiangels.org,hawaiiangels.org,VC/Investor
Hawaiiangels.Org,Robert J. Robinson,robert@hawaiiangels.org,hawaiiangels.org,VC/Investor
Peakventures,Sid Krommenhoek,sid@peakventures.vc,peakventures.vc,VC/Investor
Crosscutventures,Rick Smith,rick@crosscutventures.com,crosscutventures.com,VC/Investor
Crosscutventures,Sean Trigony,sean@crosscutventures.com,crosscutventures.com,VC/Investor
Valleyventurementors.Org,Paul G. Silva,paul.silva@valleyventurementors.org,valleyventurementors.org,Corporate/Other
Scoutventures,Bradley C. Harrison,brad@scoutventures.com,scoutventures.com,VC/Investor
Promusventures,Mike Collett,mike@promusventures.com,promusventures.com,VC/Investor
Haystackpartners,Evan Kaye,evan@haystackpartners.com,haystackpartners.com,VC/Investor
Haystackpartners,Thomas D. Lehrman,thomas@haystackpartners.com,haystackpartners.com,VC/Investor
Doublempartners,Mark Christopher Mullen,mm@doublempartners.com,doublempartners.com,VC/Investor
Verizonventures,David Famolari,dave@verizonventures.com,verizonventures.com,VC/Investor
Techwildcatters,Gabriella Draney Zielke,gab@techwildcatters.com,techwildcatters.com,Corporate/Other
Nycapartners,Ravi Mohan,rmohan@nycapartners.com,nycapartners.com,VC/Investor
Nycapartners,Charles Songhurst,csonghurst@nycapartners.com,nycapartners.com,VC/Investor
Proof,Thanasis Delistathis,thanasis@proof.vc,proof.vc,VC/Investor
Bluventureinvestors,Paul Silber,psilber@bluventureinvestors.com,bluventureinvestors.com,VC/Investor
Bluventureinvestors,Pradeep Wahi,pwahi@bluventureinvestors.com,bluventureinvestors.com,VC/Investor
Classpass,Fritz Lanman,fritz@classpass.com,classpass.com,Corporate/Other
Vilcap,Ross Baird,ross.baird@vilcap.com,vilcap.com,Corporate/Other
Iaventures,Brad Gillespie,brad@iaventures.com,iaventures.com,VC/Investor
Iaventures,Roger Ehrenberg,roger@iaventures.com,iaventures.com,VC/Investor
Box,Aaron Levie,aaron@box.com,box.com,Corporate/Other
Box,Justin Somaini,justin@box.com,box.com,Corporate/Other
Rinconvp,Jim Andelman,jim@rinconvp.com,rinconvp.com,Corporate/Other
Rinconvp,John M. Greathouse,john@rinconvp.com,rinconvp.com,Corporate/Other
Precursorvc,Charles Hudson,charles@precursorvc.com,precursorvc.com,VC/Investor
Gspring,Lindsay Redfield,lindsay@gspring.com,gspring.com,Corporate/Other
Gspring,R. Todd Ruppert,truppert@gspring.com,gspring.com,Corporate/Other
Grandcentraltech,Matthew Harrigan,matt@grandcentraltech.com,grandcentraltech.com,Corporate/Other
Grandcentraltech,Charles Bonello,charlie@grandcentraltech.com,grandcentraltech.com,Corporate/Other
Growthx,Will Bunker,will@growthx.com,growthx.com,VC/Investor
Growthx,Sean Sheppard,sean@growthx.com,growthx.com,VC/Investor
Translinkcapital,Jay H. Eum,jeum@translinkcapital.com,translinkcapital.com,VC/Investor
Secondcenturyventures,Mark Birschbach,mbirschbach@secondcenturyventures.com,secondcenturyventures.com,VC/Investor
Secondcenturyventures,Dale A. Stinton,dstinton@secondcenturyventures.com,secondcenturyventures.com,VC/Investor
Leadedgecapital,Chris Pohl,chris@leadedgecapital.com,leadedgecapital.com,VC/Investor
Leadedgecapital,Lorrie M. Norrington,lorrie@leadedgecapital.com,leadedgecapital.com,VC/Investor
Inside,Jason McCabe Calacanis,jason@inside.com,inside.com,Corporate/Other
Glynncapital,Vivian Loh Nahmias,vivian@glynncapital.com,glynncapital.com,VC/Investor
Glynncapital,John W. Glynn,johnglynn@glynncapital.com,glynncapital.com,VC/Investor
Rteducation,Brandon Avrutin,bavrutin@rteducation.com,rteducation.com,Corporate/Other
Rteducation,Matthew Greenfield,mgreenfield@rteducation.com,rteducation.com,Corporate/Other
Panteracapital,Daniel W. Morehead,dan@panteracapital.com,panteracapital.com,VC/Investor
Panteracapital,Paul Veradittakit,paul@panteracapital.com,panteracapital.com,VC/Investor
Inventuscap,John Dougery,john@inventuscap.com,inventuscap.com,Corporate/Other
Inventuscap,Kanwal Rekhi,kanwal@inventuscap.com,inventuscap.com,Corporate/Other
Dundeevc,Greg Beaufait,greg@dundeevc.com,dundeevc.com,VC/Investor
Dundeevc,Mark Hasebroock,mark@dundeevc.com,dundeevc.com,VC/Investor
Danhuacap,Andrew Gu,agu@danhuacap.com,danhuacap.com,Corporate/Other
Danhuacap,Kevin Ruoyu Ding,kevin@danhuacap.com,danhuacap.com,Corporate/Other
Camponeventures,Robert A. Claassen,rob@camponeventures.com,camponeventures.com,VC/Investor
Almazcapital,Geoffrey Baehr,geoffrey@almazcapital.com,almazcapital.com,VC/Investor
Almazcapital,Daniil Stolyarov,daniil@almazcapital.com,almazcapital.com,VC/Investor
Gramercyfund,T. Trent Gegax,trent.gegax@gramercyfund.com,gramercyfund.com,VC/Investor
Science-Inc,Tom Dare,tom@science-inc.com,science-inc.com,Corporate/Other
Science-Inc,Peter Pham,ppham@science-inc.com,science-inc.com,Corporate/Other
Getcolor,Elad Gil,elad.gil@getcolor.com,getcolor.com,Corporate/Other
Getcolor,Othman Laraki,othman@getcolor.com,getcolor.com,Corporate/Other
Sierramayaventures,Eric Kagan,eric@sierramayaventures.com,sierramayaventures.com,VC/Investor
Ngv.Us,Zac Zeitlin,zz@ngv.us,ngv.us,Corporate/Other
Startitlabs,Gary Rubens,gary@startitlabs.com,startitlabs.com,Corporate/Other
Base.Ventures,Erik Moore,erik@base.ventures,base.ventures,VC/Investor
Hivedata,Arihant Patni,arihant.patni@hivedata.com,hivedata.com,Corporate/Other
Hivedata,Craig Roah,craig@hivedata.com,hivedata.com,Corporate/Other
2020,David Williams,dw@2020.co,2020.co,Corporate/Other
Startuplabs.Org,Clint Nelsen,clint@startuplabs.org,startuplabs.org,Corporate/Other
Caffeinatedcapital,Raymond Tonsing,rt@caffeinatedcapital.com,caffeinatedcapital.com,VC/Investor
Petersonpartners,Clint Peterson,clint@petersonpartners.com,petersonpartners.com,VC/Investor
Petersonpartners,Joel C. Peterson,jpeterson@petersonpartners.com,petersonpartners.com,VC/Investor
Arenavc,Paige Craig,paige@arenavc.com,arenavc.com,VC/Investor
Miramarvp,Bruce Hallett,bhallett@miramarvp.com,miramarvp.com,Corporate/Other
Miramarvp,Sherman Atkinson,satkinson@miramarvp.com,miramarvp.com,Corporate/Other
Miventuresllc,Aamer Abdullah,aabdullah@miventuresllc.com,miventuresllc.com,VC/Investor
F50.Io,David Cao,david@f50.io,f50.io,Corporate/Other
F50.Io,Bill Reichert,bill@f50.io,f50.io,Corporate/Other
Bbgventures,Susan M. Lyne,susan.lyne@bbgventures.com,bbgventures.com,VC/Investor
Tamr,Andrew Palmer,andy.palmer@tamr.com,tamr.com,Corporate/Other
Trianglepeakpartners,Tyler Peterson,tyler@trianglepeakpartners.com,trianglepeakpartners.com,VC/Investor
Lookout,Kevin Patrick Mahaffey,kevin@lookout.com,lookout.com,Corporate/Other
Lookout,John Hering,john@lookout.com,lookout.com,Corporate/Other
Nuzzel,Jonathan Abrams,jonathan@nuzzel.com,nuzzel.com,Corporate/Other
Nuzzel,Kent Lindstrom,kent@nuzzel.com,nuzzel.com,Corporate/Other
Gsvlabs,Mark T. Moe,mark@gsvlabs.com,gsvlabs.com,Corporate/Other
Gsvlabs,Marlon Evans,marlon@gsvlabs.com,gsvlabs.com,Corporate/Other
Geekdomfund,Don Douglas,don@geekdomfund.com,geekdomfund.com,VC/Investor
Geekdomfund,Michael Girdley,mike@geekdomfund.com,geekdomfund.com,VC/Investor
Gatesfoundation.Org,Jim Bromley,jim.bromley@gatesfoundation.org,gatesfoundation.org,Corporate/Other
Gatesfoundation.Org,Melinda Gates,melinda.gates@gatesfoundation.org,gatesfoundation.org,Corporate/Other
Yucaipaco,Ronald Wayne Burkle,ron.w.burkle@yucaipaco.com,yucaipaco.com,Corporate/Other
Boomstartup,Robert L. Kunz,rkunz@boomstartup.com,boomstartup.com,Corporate/Other
Boomstartup,Mark Van Hartesvelt,mvanhartesvelt@boomstartup.com,boomstartup.com,Corporate/Other
Oakvc,Bandel L. Carano,bandel@oakvc.com,oakvc.com,VC/Investor
Oakvc,Annie Huntress Lamont,annie@oakvc.com,oakvc.com,VC/Investor
Mavenventures,Jim Scheinman,jim@mavenventures.com,mavenventures.com,VC/Investor
Greenvisorcapital,Michael Walsh,mikewalsh@greenvisorcapital.com,greenvisorcapital.com,VC/Investor
Greenvisorcapital,Sam Wen,sam@greenvisorcapital.com,greenvisorcapital.com,VC/Investor
Foley,Susan E. Pravda,spravda@foley.com,foley.com,Corporate/Other
Foley,Gabor Garai,ggarai@foley.com,foley.com,Corporate/Other
Flashstarts,Charles Stack,charles.stack@flashstarts.com,flashstarts.com,Corporate/Other
Core-Capital,Tom Wheeler,twheeler@core-capital.com,core-capital.com,VC/Investor
Core-Capital,James Keeratisakdawong,jkeera@core-capital.com,core-capital.com,VC/Investor
Breyercapital,James W. Breyer,jimbreyer@breyercapital.com,breyercapital.com,VC/Investor
Bowerycap,Mike Brown,mike.brown@bowerycap.com,bowerycap.com,Corporate/Other
Allosventures,Julie Whitehead,julie@allosventures.com,allosventures.com,VC/Investor
Allosventures,Don Aquilano,don@allosventures.com,allosventures.com,VC/Investor
Zelkovavc,Jason Levy,jlevy@zelkovavc.com,zelkovavc.com,VC/Investor
Noro-Moseley,William Hudson,bhudson@noro-moseley.com,noro-moseley.com,Corporate/Other
Noro-Moseley,Alan Taetle,ataetle@noro-moseley.com,noro-moseley.com,Corporate/Other
Lazerow,Michael M. Lazerow,mike@lazerow.com,lazerow.com,Corporate/Other
Maxfield,Alexander Turkot,at@maxfield.vc,maxfield.vc,VC/Investor
Maxfield,Oleg Koujikov,okoujikov@maxfield.vc,maxfield.vc,VC/Investor
Moonshotscapital,Kelly Perdew,kelly.perdew@moonshotscapital.com,moonshotscapital.com,VC/Investor
Irishangels,Gale Bowman,gb@irishangels.com,irishangels.com,VC/Investor
Zenefits,David Oliver Sacks,david@zenefits.com,zenefits.com,Corporate/Other
Zenefits,Laks Srini,laks@zenefits.com,zenefits.com,Corporate/Other
Fpv,Jalak Jobanputra,jalak@fpv.vc,fpv.vc,VC/Investor
Crashlytics,Wayne Chang,wchang@crashlytics.com,crashlytics.com,Corporate/Other
Crashlytics,Jeff Seibert,jseibert@crashlytics.com,crashlytics.com,Corporate/Other
Timewarner,Allison Goldberg,allison.goldberg@timewarner.com,timewarner.com,Corporate/Other
Timewarner,Gary L. Ginsberg,gary.ginsberg@timewarner.com,timewarner.com,Corporate/Other
Romuluscap,Neil Chheda,nchheda@romuluscap.com,romuluscap.com,Corporate/Other
Frontier.Tech,Michael B. Rothenberg,mike@frontier.tech,frontier.tech,Corporate/Other
Reachcap,Jennifer Carolan,jcarolan@reachcap.com,reachcap.com,Corporate/Other
Pivotnorth,Timothy J. Connors,tim@pivotnorth.com,pivotnorth.com,Corporate/Other
Originventures,Brent Hill,brent@originventures.com,originventures.com,VC/Investor
Dagllc,John J. Cadeddu,jcadeddu@dagllc.com,dagllc.com,Corporate/Other
Cincytechusa,Michael P. Venerable,mvenerable@cincytechusa.com,cincytechusa.com,Corporate/Other
Cincytechusa,Doug Groh,dgroh@cincytechusa.com,cincytechusa.com,Corporate/Other
Kgccapital,Christopher W. Capps,chris@kgccapital.co,kgccapital.co,VC/Investor
Kgccapital,Richard Paul Kiphart,dick@kgccapital.co,kgccapital.co,VC/Investor
Harbert.Net,Richard F. Brereton,rbrereton@harbert.net,harbert.net,Corporate/Other
Harbert.Net,Wayne L. Hunter,whunter@harbert.net,harbert.net,Corporate/Other
Tektonventures,Jai Choi,jai@tektonventures.com,tektonventures.com,VC/Investor
Startfast.Net,Martin Babinec,martin@startfast.net,startfast.net,Corporate/Other
Skvcap,Eric Norlin,eric@skvcap.com,skvcap.com,VC/Investor
Montageventures,Todd Kimmel,tkimmel@montageventures.com,montageventures.com,VC/Investor
Mergelane,Sue Heilbronner,sue@mergelane.com,mergelane.com,Corporate/Other
Keiretsuforum,Nathan McDonald,nathan@keiretsuforum.com,keiretsuforum.com,Corporate/Other
Keiretsuforum,Donald Megrath,dmegrath@keiretsuforum.com,keiretsuforum.com,Corporate/Other
Waldenintl,Brian Chiang,bchiang@waldenintl.com,waldenintl.com,Corporate/Other
Waldenintl,Steve Ahn,sahn@waldenintl.com,waldenintl.com,Corporate/Other
K9Ventures,Manu Kumar,manu@k9ventures.com,k9ventures.com,VC/Investor
Eonbusiness,David Gilbert Carlson,dave@eonbusiness.com,eonbusiness.com,Corporate/Other
Crosscreekcapital,Karolyn Dawn Barker,kbarker@crosscreekcapital.com,crosscreekcapital.com,VC/Investor
Crosscreekcapital,Eugene Podsiadlo,gpodsiadlo@crosscreekcapital.com,crosscreekcapital.com,VC/Investor
Brooklynbridge,Charlie E. O'Donnell,charlie@brooklynbridge.vc,brooklynbridge.vc,VC/Investor
Blhventures,Ashish H. Mistry,ashish@blhventures.com,blhventures.com,VC/Investor
Bitgo,Ben Davenport,ben@bitgo.com,bitgo.com,Corporate/Other
Bitgo,Mike Belshe,mike@bitgo.com,bitgo.com,Corporate/Other
Saintscapital,Kenneth B. Sawyer,ken@saintscapital.com,saintscapital.com,VC/Investor
Rubicon,Joshua B. Siegel,joshua@rubicon.vc,rubicon.vc,VC/Investor
Rubicon,Amos Ben-Meir,amos@rubicon.vc,rubicon.vc,VC/Investor
Revtechaccelerator,David Matthews,dmatthews@revtechaccelerator.com,revtechaccelerator.com,Corporate/Other
Fotolia,Oleg Tscheltzoff,oleg@fotolia.com,fotolia.com,Corporate/Other
Fotolia,Patrick Chassany,patrick@fotolia.com,fotolia.com,Corporate/Other
Liquid2,Joseph C. Montana,joe@liquid2.vc,liquid2.vc,VC/Investor
Yelp,Jeremy Stoppelman,jeremy@yelp.com,yelp.com,Corporate/Other
Yelp,Mike Marchetti,mike@yelp.com,yelp.com,Corporate/Other
Indicatorventures,Jonathan Struhl,jon@indicatorventures.com,indicatorventures.com,VC/Investor
Indicatorventures,Geoffrey Bernstein,geoff@indicatorventures.com,indicatorventures.com,VC/Investor
Huronrivervc,Ryan Waddington,ryan@huronrivervc.com,huronrivervc.com,VC/Investor
Redbadge,Alan McGlade,amcglade@redbadge.com,redbadge.com,Corporate/Other
Redbadge,Robert L. Burch,rburch@redbadge.com,redbadge.com,Corporate/Other
Upsidevc,Kent Goldman,kent@upsidevc.com,upsidevc.com,VC/Investor
Updata,Greg Olear,golear@updata.com,updata.com,Corporate/Other
Updata,Ira D. Cohen,icohen@updata.com,updata.com,Corporate/Other
Swanandlegend,Fredrick D. Schaufeld,fschaufeld@swanandlegend.com,swanandlegend.com,Corporate/Other
Sjfventures,David W. Griest,dgriest@sjfventures.com,sjfventures.com,VC/Investor
Sjfventures,David Kirkpatrick,dkirk@sjfventures.com,sjfventures.com,VC/Investor
Presencecap,Amitt Mahajan,amitt@presencecap.com,presencecap.com,Corporate/Other
Northbasemedia.Net,Sasa Vucinic,svucinic@northbasemedia.net,northbasemedia.net,Corporate/Other
Northbasemedia.Net,Turi Munthe,tmunthe@northbasemedia.net,northbasemedia.net,Corporate/Other
Nautilusventures,Christopher P. Michel,chris@nautilusventures.com,nautilusventures.com,VC/Investor
Matterchicago,Steven Collens,steven@matterchicago.com,matterchicago.com,Corporate/Other
Highalpha,Scott D. Dorsey,scott@highalpha.com,highalpha.com,Corporate/Other
Drivecapital,Chris Olsen,chris@drivecapital.com,drivecapital.com,VC/Investor
Drivecapital,Mark D. Kvamme,mark@drivecapital.com,drivecapital.com,VC/Investor
645Ventures,Nnamdi Okike,nokike@645ventures.com,645ventures.com,VC/Investor
Nalainvestments,Thomas McInerney,thomas.mcinerney@nalainvestments.com,nalainvestments.com,VC/Investor
Nalainvestments,Emilio Diez Barroso,ediez@nalainvestments.com,nalainvestments.com,VC/Investor
Switch,Paul Arnold,paul@switch.vc,switch.vc,VC/Investor
Sherpalo,Ram Shriram,ram@sherpalo.com,sherpalo.com,Corporate/Other
Rpmvc,Tony Grover,tony@rpmvc.com,rpmvc.com,VC/Investor
Rpmvc,Marc Weiser,marc@rpmvc.com,rpmvc.com,VC/Investor
Dashbot.Io,Arte Merritt,arte@dashbot.io,dashbot.io,Corporate/Other
Jumpstart-Ventures,Brad Purdy,brad@jumpstart-ventures.com,jumpstart-ventures.com,VC/Investor
Tolacapital,Stacey Giard,sgiard@tolacapital.com,tolacapital.com,VC/Investor
Tolacapital,Sheila M. Gulati,sheila@tolacapital.com,tolacapital.com,VC/Investor
Onset,Shomit Ghose,shomit.ghose@onset.com,onset.com,Corporate/Other
Onset,David Pann,david@onset.com,onset.com,Corporate/Other
Ctwvp,Sigmund Mosley,sig@ctwvp.com,ctwvp.com,Corporate/Other
Theimpactengine,Jessica Droste Yagan,jessica@theimpactengine.com,theimpactengine.com,Corporate/Other
Theimpactengine,Tasha Seitz,tasha@theimpactengine.com,theimpactengine.com,Corporate/Other
Fundersguild,David Wolfson,david@fundersguild.com,fundersguild.com,VC/Investor
Ivp,Dennis Phelps,dphelps@ivp.com,ivp.com,Corporate/Other
Ivp,Jules Maltz,jmaltz@ivp.com,ivp.com,Corporate/Other
Brickmortar,Darren H. Bechtel,dbechtel@brickmortar.vc,brickmortar.vc,VC/Investor
Darlingventures,Daniel Darling,daniel@darlingventures.com,darlingventures.com,VC/Investor
Claytonassociates,John R. Burch,johnb@claytonassociates.com,claytonassociates.com,Corporate/Other
Claytonassociates,Andrew Bouldin,andrewb@claytonassociates.com,claytonassociates.com,Corporate/Other
Altimetercapital,Megan Carroll Sabel,megan@altimetercapital.com,altimetercapital.com,VC/Investor
Altimetercapital,Bradley T. Gerstner,brad@altimetercapital.com,altimetercapital.com,VC/Investor
Quora,Adam D'Angelo,adam.dangelo@quora.com,quora.com,Corporate/Other
Quora,Osman Ahmed Osman,oosman@quora.com,quora.com,Corporate/Other
Gotitapp,Peter Relan,peter@gotitapp.co,gotitapp.co,Corporate/Other
Urbaninnovationfund,Clara Brenner,clara@urbaninnovationfund.com,urbaninnovationfund.com,VC/Investor
Urbaninnovationfund,Julie Lein,julie@urbaninnovationfund.com,urbaninnovationfund.com,VC/Investor
Tscp,Craig Albrecht,calbrecht@tscp.com,tscp.com,Corporate/Other
Rogersvp,William Stewart,will@rogersvp.com,rogersvp.com,Corporate/Other
Rogersvp,Melinda Rogers,melinda@rogersvp.com,rogersvp.com,Corporate/Other
Revelpartners,Chris Young,cyoung@revelpartners.com,revelpartners.com,VC/Investor
Revelpartners,John Vincent,jvincent@revelpartners.com,revelpartners.com,VC/Investor
Pivotinvestment,Akbar Poonawala,akbar.poonawala@pivotinvestment.com,pivotinvestment.com,VC/Investor
Goodwatercap,Chi-Hua Chien,cchien@goodwatercap.com,goodwatercap.com,Corporate/Other
Engineeringcapital,Ashmeet Sidana,ashmeet.sidana@engineeringcapital.com,engineeringcapital.com,VC/Investor
Rainmakersecurities,Michael C. Gruber,mgruber@rainmakersecurities.com,rainmakersecurities.com,Corporate/Other
Bmwnaext,Ulrich Quay,ulrich.quay@bmwnaext.com,bmwnaext.com,Corporate/Other
Bmwnaext,Christian Noske,christian.noske@bmwnaext.com,bmwnaext.com,Corporate/Other
Zenstonevc,Mingfeng Wu,farris@zenstonevc.com,zenstonevc.com,VC/Investor
Civic,Vinny Lingham,vinny@civic.com,civic.com,Corporate/Other
Urban.Us,Shaun Abrahamson,shaun@urban.us,urban.us,Corporate/Other
Tribalventuresllc,Alan Matthew,alan@tribalventuresllc.com,tribalventuresllc.com,VC/Investor
Thomvest,Don Butler,don@thomvest.com,thomvest.com,Corporate/Other
Thomvest,Umesh Padval,umesh@thomvest.com,thomvest.com,Corporate/Other
Structurepartners,Brad Zions,brad@structurepartners.com,structurepartners.com,VC/Investor
Stonewaycapital,Warren Osborn,warren@stonewaycapital.com,stonewaycapital.com,VC/Investor
Starfarmventures,Joey Low,joey@starfarmventures.com,starfarmventures.com,VC/Investor
Rga,Stephen Plumlee,stephen.plumlee@rga.com,rga.com,Corporate/Other
Techstars,Katie Rae,katie.rae@techstars.co,techstars.co,Corporate/Other
Lolatravel,Paul English,paul@lolatravel.com,lolatravel.com,Corporate/Other
Northcoastangelfund,Todd Federman,todd.federman@northcoastangelfund.com,northcoastangelfund.com,VC/Investor
Nextgenvp,Dan Mindus,dan@nextgenvp.com,nextgenvp.com,Corporate/Other
Luminaricapital,Daniel V. Leff,daniel@luminaricapital.com,luminaricapital.com,VC/Investor
Luminaricapital,Edgar Miles Bronfman,edgar@luminaricapital.com,luminaricapital.com,VC/Investor
Investdetroit,Adrian Ohmer,adrian.ohmer@investdetroit.com,investdetroit.com,VC/Investor
Investdetroit,David Blaszkiewicz,david.blaszkiewicz@investdetroit.com,investdetroit.com,VC/Investor
Hpe,Ray Schuder,ray.schuder@hpe.com,hpe.com,Corporate/Other
Hpe,Margaret Whitman,margaret.whitman@hpe.com,hpe.com,Corporate/Other
Bartonam,Harris Scott Barton,harris@bartonam.com,bartonam.com,Corporate/Other
Casabonaventures,Mario M. Casabona,mario@casabonaventures.com,casabonaventures.com,VC/Investor
Bluetigerventures,Neil Kataria,neil@bluetigerventures.com,bluetigerventures.com,VC/Investor
Tugboatventures,David Whorton,dwhorton@tugboatventures.com,tugboatventures.com,VC/Investor
Thayerventures,Christopher R. Hemmeter,chris@thayerventures.com,thayerventures.com,VC/Investor
Thayerventures,Leland C. Pillsbury,leland@thayerventures.com,thayerventures.com,VC/Investor
Startengine,Howard Marks,howard@startengine.com,startengine.com,Corporate/Other
Startengine,Paul Kessler,paul@startengine.com,startengine.com,Corporate/Other
Propel,Jay Reinemann,jay@propel.vc,propel.vc,VC/Investor
Propel,Ryan M. Gilbert,ryan@propel.vc,propel.vc,VC/Investor
Peninsulaventures,Robert E. Patterson,rpatterson@peninsulaventures.com,peninsulaventures.com,VC/Investor
Peninsulaventures,Greg Ennis,gennis@peninsulaventures.com,peninsulaventures.com,VC/Investor
Springboardfund,Kay Koplovitz,kay@springboardfund.co,springboardfund.co,VC/Investor
Simon,Natalie H. Hwang,natalie.hwang@simon.com,simon.com,Corporate/Other
Simon,J.Skyler Fernandes,skyler.fernandes@simon.com,simon.com,Corporate/Other
Hoteltonight,Sam Shank,sam.shank@hoteltonight.com,hoteltonight.com,Corporate/Other
Hoteltonight,Jared Simon,jared@hoteltonight.com,hoteltonight.com,Corporate/Other
Draftkings,Jordan Mendell,jmendell@draftkings.com,draftkings.com,Corporate/Other
Draftkings,Jason Robins,jrobins@draftkings.com,draftkings.com,Corporate/Other
Grandbankscapital,Tim Wright,twright@grandbankscapital.com,grandbankscapital.com,VC/Investor
Grandbankscapital,Jeffrey P. Parker,jparker@grandbankscapital.com,grandbankscapital.com,VC/Investor
Forerunnerventures,Kirsten Green,kgreen@forerunnerventures.com,forerunnerventures.com,VC/Investor
Forerunnerventures,Eurie Kim,ekim@forerunnerventures.com,forerunnerventures.com,VC/Investor
Camdenpartners,Maribel A. Yoo,myoo@camdenpartners.com,camdenpartners.com,VC/Investor
Camdenpartners,Vince W. Talbert,vtalbert@camdenpartners.com,camdenpartners.com,VC/Investor
Refactor,David Lee,david.lee@refactor.com,refactor.com,Corporate/Other
Refactor,Zal Bilimoria,zal.bilimoria@refactor.com,refactor.com,Corporate/Other
Clear-Sky,James Huff,james.huff@clear-sky.com,clear-sky.com,Corporate/Other
Clear-Sky,Jay Leek,jay.leek@clear-sky.com,clear-sky.com,Corporate/Other
Textline,Alan Braverman,alan.braveman@textline.com,textline.com,Corporate/Other
Advantagecap,Steven T. Stull,sstull@advantagecap.com,advantagecap.com,Corporate/Other
Advantagecap,Patrick G. Doherty,pdoherty@advantagecap.com,advantagecap.com,Corporate/Other
Waldenvc,Matthew Miller,matthew@waldenvc.com,waldenvc.com,VC/Investor
Waldenvc,Lawrence Marcus,larry@waldenvc.com,waldenvc.com,VC/Investor
Vkrm,Kumar Malavalli,kumar@vkrm.com,vkrm.com,Corporate/Other
V1,Brett Jackson,brett@v1.vc,v1.vc,VC/Investor
V1,Benny Joseph,benny@v1.vc,v1.vc,VC/Investor
Atlantic,Marcus Englert,marcus@atlantic.vc,atlantic.vc,VC/Investor
Peregventures,Ziv Ben-Barouch,ziv.benbarouch@peregventures.com,peregventures.com,VC/Investor
Peregventures,Itzhak Fisher,itzhak.fisher@peregventures.com,peregventures.com,VC/Investor
Owlvc,Tory Patterson,tory.patterson@owlvc.com,owlvc.com,VC/Investor
Owlvc,Kate Chhabra,kate.chhabra@owlvc.com,owlvc.com,VC/Investor
Heavybit,James Lindenbaum,james@heavybit.com,heavybit.com,Corporate/Other
Bettercloud,Jonathan Hallett,jonathan@bettercloud.com,bettercloud.com,Corporate/Other
Gravityventures,Kristian Andersen,kristian@gravityventures.com,gravityventures.com,VC/Investor
G20Vc,Robert Hower,bob@g20vc.com,g20vc.com,VC/Investor
G20Vc,Jitendra S. Saxena,js@g20vc.com,g20vc.com,VC/Investor
Excelvm,Caleb Winder,cwinder@excelvm.com,excelvm.com,Corporate/Other
Ingroup,Eric A Hahn,eric@ingroup.com,ingroup.com,Corporate/Other
Inspirationventures,Robert Fanini,rfanini@inspirationventures.com,inspirationventures.com,VC/Investor
Theincwell.Net,Simon Boag,simon@theincwell.net,theincwell.net,Corporate/Other
Dolbyventures,Andrew Krowne,andrew@dolbyventures.com,dolbyventures.com,VC/Investor
Dolbyventures,Pascal N. Levensohn,pascal@dolbyventures.com,dolbyventures.com,VC/Investor
Cloudcapitalpartners.Net,Roger Krakoff,roger@cloudcapitalpartners.net,cloudcapitalpartners.net,VC/Investor
Venturewell.Org,Heath Naquin,hnaquin@venturewell.org,venturewell.org,Corporate/Other
Dropbox,Aditya Agarwal,aditya@dropbox.com,dropbox.com,Corporate/Other
Dropbox,Arash Ferdowsi,arash@dropbox.com,dropbox.com,Corporate/Other
Wellsfargo,Steve Ellis,steve.ellis@wellsfargo.com,wellsfargo.com,Corporate/Other
Wellsfargo,Bipin Sahni,bipin.sahni@wellsfargo.com,wellsfargo.com,Corporate/Other
5Advise,Susi Kimball,susi@5advise.com,5advise.com,Corporate/Other
5Advise,John L. Slusar,john@5advise.com,5advise.com,Corporate/Other
Scubedcap,Mark A. Stevens,mark@scubedcap.com,scubedcap.com,Corporate/Other
Razorsvc,Mark Spoto,mspoto@razorsvc.com,razorsvc.com,VC/Investor
Razorsvc,Mary M. Styer,pstyer@razorsvc.com,razorsvc.com,VC/Investor
Ongridventures,Jason E. Klein,jklein@ongridventures.com,ongridventures.com,VC/Investor
Inspovation,David A Auerbach,david@inspovation.com,inspovation.com,Corporate/Other
Inspovation,Pavan Nigam,pavan@inspovation.com,inspovation.com,Corporate/Other
Flexjobs,Howard Love,howard@flexjobs.com,flexjobs.com,Corporate/Other
Flexjobs,David Hehman,david@flexjobs.com,flexjobs.com,Corporate/Other
Freshtrackscap,Lee E. Bouyea,lee@freshtrackscap.com,freshtrackscap.com,Corporate/Other
Freshtrackscap,Cairn G. Cross,cairn@freshtrackscap.com,freshtrackscap.com,Corporate/Other
Evolutionmediacapital,Carmen Carpenter,ccarpenter@evolutionmediacapital.com,evolutionmediacapital.com,VC/Investor
Evolutionmediacapital,Jay Adya,jadya@evolutionmediacapital.com,evolutionmediacapital.com,VC/Investor
Docomo-Capital,Neil Sadaranganey,neil@docomo-capital.com,docomo-capital.com,VC/Investor
Carrickcapitalpartners,James C. Madden,jmadden@carrickcapitalpartners.com,carrickcapitalpartners.com,VC/Investor
Carrickcapitalpartners,Marc F. McMorris,mmcmorris@carrickcapitalpartners.com,carrickcapitalpartners.com,VC/Investor
Cmu.Edu,Charles A. Kennedy,ckennedy@cmu.edu,cmu.edu,Corporate/Other
Cmu.Edu,Keith Boesky,keith.boesky@cmu.edu,cmu.edu,Corporate/Other
Bootstraplabs,Nicolai Wadstrom,nicolai@bootstraplabs.com,bootstraplabs.com,Corporate/Other
Highcountryventure,Chris Marks,chris@highcountryventure.com,highcountryventure.com,Corporate/Other
Highcountryventure,Mark T. Lupa,mark@highcountryventure.com,highcountryventure.com,Corporate/Other
Ionicsecurity,Thomas E. Noonan,thomas@ionicsecurity.com,ionicsecurity.com,Corporate/Other
Ionicsecurity,Adam Ghetti,adam@ionicsecurity.com,ionicsecurity.com,Corporate/Other
Actoneventures,Michael Silton,michael@actoneventures.com,actoneventures.com,VC/Investor
Yangventures,Terrence Yang,terrence@yangventures.com,yangventures.com,VC/Investor
Prehype,Henrik Werdelin,henrik.werdelin@prehype.com,prehype.com,Corporate/Other
Efund,Sophia Collier,sophia@efund.com,efund.com,VC/Investor
Mushaventures,Aadil Mamujee,aadil@mushaventures.com,mushaventures.com,VC/Investor
Mentortechventures,Brett Topche,btopche@mentortechventures.com,mentortechventures.com,VC/Investor
Lucaspointventures,Adam Quinton,adam@lucaspointventures.com,lucaspointventures.com,VC/Investor
Kohfounders,Bong Dug Koh,bong@kohfounders.com,kohfounders.com,Corporate/Other
Indiavp,Navneet Gosal,navneet.gosal@indiavp.com,indiavp.com,Corporate/Other
Kidbox,Haim Dabah,haim@kidbox.com,kidbox.com,Corporate/Other
Freshvc,Brian Sheng,brian@freshvc.com,freshvc.com,VC/Investor
Freshvc,Shri Ganeshram,shri@freshvc.com,freshvc.com,VC/Investor
Eastlinkcap,Steven Xi,steven@eastlinkcap.com,eastlinkcap.com,Corporate/Other
Artisventures,Austin Walne,austin@artisventures.com,artisventures.com,VC/Investor
Artisventures,Stuart Peterson,stuart@artisventures.com,artisventures.com,VC/Investor
Dblpartners,Cynthia Ringo,cynthia@dblpartners.vc,dblpartners.vc,VC/Investor
Dblpartners,Nancy E. Pfund,nancy@dblpartners.vc,dblpartners.vc,VC/Investor
Deshaw,Christopher Zaback,christopher.zaback@deshaw.com,deshaw.com,Corporate/Other
Deshaw,David Elliot Shaw,david.shaw@deshaw.com,deshaw.com,Corporate/Other
Coyoteridgevc,Rahul C. Prakash,rahul@coyoteridgevc.com,coyoteridgevc.com,VC/Investor
Claritascapital,John Chadwick,jhchadwick@claritascapital.com,claritascapital.com,VC/Investor
Claritascapital,J. Donald McLemore,dmclemore@claritascapital.com,claritascapital.com,VC/Investor
Citylightcap,Josh Cohen,josh@citylightcap.com,citylightcap.com,Corporate/Other
Citylightcap,Greg Gunn,greg@citylightcap.com,citylightcap.com,Corporate/Other
Acapitalvc,Ramu Arunachalam,ramu@acapitalvc.com,acapitalvc.com,VC/Investor
Acapitalvc,Ronny Conway,ronny@acapitalvc.com,acapitalvc.com,VC/Investor
37Ventures,Yuri Pikover,yuri@37ventures.com,37ventures.com,VC/Investor
Valleyoakinvestments,Niko Hrdy,niko@valleyoakinvestments.com,valleyoakinvestments.com,VC/Investor
Upstageventures,Mark Wachen,mark@upstageventures.com,upstageventures.com,VC/Investor
Trucks,Reilly P. Brennan,rpb@trucks.vc,trucks.vc,VC/Investor
Trucks,Kate Schox,kate@trucks.vc,trucks.vc,VC/Investor
7Seasvc,Jack Xu,jack.xu@7seasvc.com,7seasvc.com,VC/Investor
7Seasvc,Jeff Xiong,jeff.xiong@7seasvc.com,7seasvc.com,VC/Investor
Intuit,Scott David Cook,scott_cook@intuit.com,intuit.com,Corporate/Other
Intuit,Anuranjita Tewary,anuranjita_tewary@intuit.com,intuit.com,Corporate/Other
Saturnpartnersvc,Jeffrey S. McCormick,jmccormick@saturnpartnersvc.com,saturnpartnersvc.com,VC/Investor
Supplychainventure,David L. Anderson,dave@supplychainventure.com,supplychainventure.com,Corporate/Other
Zmclp,Strauss Zelnick,zelnick@zmclp.com,zmclp.com,Corporate/Other
Zmclp,Ben Feder,ben@zmclp.com,zmclp.com,Corporate/Other
Startupcv,Bob Rees,brees@startupcv.com,startupcv.com,Corporate/Other
Startupcv,John C. Dean,jdean@startupcv.com,startupcv.com,Corporate/Other
Spectrum28,Kent C. Ho,kent@spectrum28.com,spectrum28.com,Corporate/Other
Spectrum28,Lyon Wong,lyon@spectrum28.com,spectrum28.com,Corporate/Other
Specializedtypes,Pankaj Gupta,pankaj@specializedtypes.com,specializedtypes.com,Corporate/Other
Specializedtypes,Babak Hamadani,babak@specializedtypes.com,specializedtypes.com,Corporate/Other
Relevancecapital,Cameron A. Newton,cnewton@relevancecapital.com,relevancecapital.com,VC/Investor
Relevancecapital,Fran F. Marcum,fmarcum@relevancecapital.com,relevancecapital.com,VC/Investor
Procyonventures,Millie Liu,millie@procyonventures.com,procyonventures.com,VC/Investor
Procyonventures,Drew Volpe,drew@procyonventures.com,procyonventures.com,VC/Investor
Primeracapital,Ori Sasson,ori.sasson@primeracapital.com,primeracapital.com,VC/Investor
Audible,Donald R. Katz,dkatz@audible.com,audible.com,Corporate/Other
Analytics-Ventures,Navid Alipour,navid@analytics-ventures.com,analytics-ventures.com,VC/Investor
Massmarkets,Anthony Marlowe,marlowe@massmarkets.com,massmarkets.com,Corporate/Other
Bragielbros,Dan Bragiel,dan@bragielbros.com,bragielbros.com,Corporate/Other
Code.Org,Hadi Partovi,hadi.partovi@code.org,code.org,Corporate/Other
Govtechfund,Ron Bouganim,ron@govtechfund.com,govtechfund.com,VC/Investor
Keiretsucapital,Matthew C. Le Merle,matthew@keiretsucapital.com,keiretsucapital.com,VC/Investor
Monitorventures,Fern Mandelbaum,fern_mandelbaum@monitorventures.com,monitorventures.com,VC/Investor
Monitorventures,Jerome Engel,jerome_engel@monitorventures.com,monitorventures.com,VC/Investor
Escalavc,Patrick Wakeham,patrick@escalavc.co,escalavc.co,VC/Investor
Edovatecapital,Graham Forman,graham@edovatecapital.com,edovatecapital.com,VC/Investor
Collidevillage,Tahir Hussain,tahir@collidevillage.com,collidevillage.com,Corporate/Other
Charmidescapital,Thomas Eggleston,teggleston@charmidescapital.com,charmidescapital.com,VC/Investor
Cen,Andy Smith,andy.smith@cen.vc,cen.vc,VC/Investor
Cen,Jay Adelson,jay.adelson@cen.vc,cen.vc,VC/Investor
Osfund,Bryan Johnson,bryan@osfund.co,osfund.co,VC/Investor
Baypartners,Stu G. Phillips,stu@baypartners.com,baypartners.com,VC/Investor
Baypartners,Neal Dempsey,neald@baypartners.com,baypartners.com,VC/Investor
Antecedent,Steve Berg,berg@antecedent.vc,antecedent.vc,VC/Investor
Antecedent,Lucas Nelson,nelson@antecedent.vc,antecedent.vc,VC/Investor
Cleantech,Sheeraz Daniel Haji,sheeraz.haji@cleantech.com,cleantech.com,Corporate/Other
Vidinovo,Dmitri Mehlhorn,dmitri@vidinovo.com,vidinovo.com,Corporate/Other
Utsystem.Edu,Julie K. Goonewardene,jgoonewardene@utsystem.edu,utsystem.edu,Corporate/Other
Utsystem.Edu,Dana Malone,dmalone@utsystem.edu,utsystem.edu,Corporate/Other
Zulip,Waseem Daher,wasim@zulip.com,zulip.com,Corporate/Other
Zulip,Tim Abbott,tim@zulip.com,zulip.com,Corporate/Other
Tpg,Fred E. Cohen,fcohen@tpg.com,tpg.com,Corporate/Other
Tpg,Clive Denis Bode,cbode@tpg.com,tpg.com,Corporate/Other
Nephoscale,Telemachus Luu,telemachus.luu@nephoscale.com,nephoscale.com,Corporate/Other
Nephoscale,Bruce Templeton,bruce.templeton@nephoscale.com,nephoscale.com,Corporate/Other
Secureoctane,Mahendra Ramsinghani,mr@secureoctane.com,secureoctane.com,Corporate/Other
Sandisk,René Hartner,rene.hartner@sandisk.com,sandisk.com,Corporate/Other
Sandisk,Sanjay Mehrotra,sanjay.mehrotra@sandisk.com,sandisk.com,Corporate/Other
Ranch,Howie Diamond,howie@ranch.vc,ranch.vc,VC/Investor
Yieldmo,Michael Yavonditte,yavonditte@yieldmo.com,yieldmo.com,Corporate/Other
Yieldmo,Richard M. Eaton,rick@yieldmo.com,yieldmo.com,Corporate/Other
Levelvc,Albert Azout,albert.azout@levelvc.com,levelvc.com,VC/Investor
Notationcapital,Nicholas Chirls,nick@notationcapital.com,notationcapital.com,VC/Investor
Hof.Capital,Hisham El Haddad,helhaddad@hof.capital,hof.capital,VC/Investor
Hof.Capital,Fady Yacoub,fyacoub@hof.capital,hof.capital,VC/Investor
Hiversandstrivers,Douglas Doan,doug@hiversandstrivers.com,hiversandstrivers.com,Corporate/Other
Twitch.Tv,Emmett Shear,emmett@twitch.tv,twitch.tv,Corporate/Other
Twitch.Tv,Kevin Lin,kevin@twitch.tv,twitch.tv,Corporate/Other
Driftt,Elias Torres,etorres@driftt.com,driftt.com,Corporate/Other
Driftt,David Cancel,david@driftt.com,driftt.com,Corporate/Other
Eleventwocap,Shelley Zhuang,shelley@eleventwocap.com,eleventwocap.com,Corporate/Other
Nextequity,Avadis Tevanian,avadis@nextequity.com,nextequity.com,VC/Investor
Dotcapital,Joseph R. Saviano,jsaviano@dotcapital.com,dotcapital.com,VC/Investor
Crpartnersinc,Allison Long Pettine,allison@crpartnersinc.com,crpartnersinc.com,VC/Investor
Cevg,William J. Brady,wbrady@cevg.com,cevg.com,Corporate/Other
Cevg,John F. Keane,jkeane@cevg.com,cevg.com,Corporate/Other
Parkergale,Corey W. Dossett,corey@parkergale.com,parkergale.com,Corporate/Other
Parkergale,Devin Mathews,dmathews@parkergale.com,parkergale.com,Corporate/Other
3Vr,Sonja Hoel Perkins,sonja.perkins@3vr.com,3vr.com,Corporate/Other
Bayangels,Karim Nurani,karim@bayangels.com,bayangels.com,VC/Investor
Adobe,John Leckrone,leckrone@adobe.com,adobe.com,Corporate/Other
Adobe,Taylor Barada,barada@adobe.com,adobe.com,Corporate/Other
Threetreeventures,Shawn Carpenter,shawn@threetreeventures.com,threetreeventures.com,VC/Investor
Socialinternetfund,Lou Kerner,lou@socialinternetfund.com,socialinternetfund.com,VC/Investor
Teaminresidence,Sunil Verma,sunil@teaminresidence.com,teaminresidence.com,Corporate/Other
Teaminresidence,Vishal Gurbuxani,vishal@teaminresidence.com,teaminresidence.com,Corporate/Other
Presidiopartners,Lee R. Pantuso,lee@presidiopartners.com,presidiopartners.com,VC/Investor
Presidiopartners,Faysal A. Sohail,faysal@presidiopartners.com,presidiopartners.com,VC/Investor
Gopivotal,Paul Maritz,pmaritz@gopivotal.com,gopivotal.com,Corporate/Other
Gopivotal,Leo Spiegel,lspiegel@gopivotal.com,gopivotal.com,Corporate/Other
Differential,Tim Metzner,tim@differential.com,differential.com,Corporate/Other
Differential,Nick Wientge,nick@differential.com,differential.com,Corporate/Other
Designerenergy.Net,Sass Somekh,sass@designerenergy.net,designerenergy.net,Corporate/Other
Designerenergy.Net,Talli Somekh,talli@designerenergy.net,designerenergy.net,Corporate/Other
Flexport,Ryan Petersen,ryan@flexport.com,flexport.com,Corporate/Other
Flexport,Amos Elliston,amos@flexport.com,flexport.com,Corporate/Other
Rrventuresdev,Ron Lauder,ron.lauder@rrventuresdev.com,rrventuresdev.com,VC/Investor
Rrventuresdev,Richard Parsons,richard.parsons@rrventuresdev.com,rrventuresdev.com,VC/Investor
Buyerlink,Payam Zamani,payam.zamani@buyerlink.com,buyerlink.com,Corporate/Other
Cyphort,Nick Bilogorskiy,nbilogorskiy@cyphort.com,cyphort.com,Corporate/Other
Cyphort,Fengmin Gong,fgong@cyphort.com,cyphort.com,Corporate/Other
Nextfrontiercapital,William Price,will@nextfrontiercapital.com,nextfrontiercapital.com,VC/Investor
Nextcoastventures,Mike Smerklo,msmerklo@nextcoastventures.com,nextcoastventures.com,VC/Investor
Nagrowth,Alex Guira,aguira@nagrowth.com,nagrowth.com,VC/Investor
Nagrowth,Jay Markley,jmarkley@nagrowth.com,nagrowth.com,VC/Investor
Endeavourpartners.Net,Michael Tanne,michael@endeavourpartners.net,endeavourpartners.net,VC/Investor
Endeavourpartners.Net,Sunny Ahn,sunny.ahn@endeavourpartners.net,endeavourpartners.net,VC/Investor
Underscore,Michael J. Skok,michael@underscore.vc,underscore.vc,VC/Investor
Myvitagene,Mehdi Maghsoodnia,mehdi@myvitagene.com,myvitagene.com,Corporate/Other
Youtube,Manuel Bronstein,mbronstein@youtube.com,youtube.com,Corporate/Other
Youtube,Susan Wojcicki,susan@youtube.com,youtube.com,Corporate/Other
Kwiadvisory,Kevin D. Irwin,kirwin@kwiadvisory.com,kwiadvisory.com,Corporate/Other
K2Medialabs,Daniel Klaus,daniel@k2medialabs.com,k2medialabs.com,Corporate/Other
K2Medialabs,Kevin Wendle,kevin@k2medialabs.com,k2medialabs.com,Corporate/Other
Internationalaccelerator,Angelos Angelou,angelos@internationalaccelerator.com,internationalaccelerator.com,Corporate/Other
Psu.Edu,Daniel Richard Leri,danleri@psu.edu,psu.edu,Corporate/Other
Psu.Edu,Jason Huber,juh436@psu.edu,psu.edu,Corporate/Other
Hatterasvp,Michael Dial,mike@hatterasvp.com,hatterasvp.com,Corporate/Other
Zumavc,David Carter,david@zumavc.com,zumavc.com,VC/Investor
Athenahealth,Ed Park,epark@athenahealth.com,athenahealth.com,Corporate/Other
Athenahealth,Mandira Singh,msingh@athenahealth.com,athenahealth.com,Corporate/Other
Notioncapital,Joscelyn Christopher White,jwhite@notioncapital.com,notioncapital.com,VC/Investor
Devny,Damian Manning,damian.manning@devny.vc,devny.vc,VC/Investor
Devny,Dick Wingate,dick.wingate@devny.vc,devny.vc,VC/Investor
Ventureapp,Chase Garbarino,chase@ventureapp.com,ventureapp.com,Corporate/Other
Ventureapp,Boris Revsin,boris@ventureapp.com,ventureapp.com,Corporate/Other
Hubspot,Brian Halligan,bhalligan@hubspot.com,hubspot.com,Corporate/Other
Hubspot,Brian K. Balfour,brian@hubspot.com,hubspot.com,Corporate/Other
Beanstalk,Ken Seiff,ken@beanstalk.vc,beanstalk.vc,VC/Investor
B7Inc,Peter Thorp,pthorp@b7inc.com,b7inc.com,Corporate/Other
Archimedeslabs,Kambiz Y. Hooshmand,kambiz@archimedeslabs.com,archimedeslabs.com,Corporate/Other
Archimedeslabs,Bess Ho,bess@archimedeslabs.com,archimedeslabs.com,Corporate/Other
Archermalmo,Russ Williams,rwilliams@archermalmo.com,archermalmo.com,Corporate/Other
Anorak,Greg Castle,greg@anorak.vc,anorak.vc,VC/Investor
Panopto,William L. Guttman,wguttman@panopto.com,panopto.com,Corporate/Other
Upenn.Edu,Mark Yim,myim@upenn.edu,upenn.edu,Corporate/Other
Upenn.Edu,Peter H. Ammon,phammon@upenn.edu,upenn.edu,Corporate/Other
Tensilityvc,Wayne Boulais,wboulais@tensilityvc.com,tensilityvc.com,VC/Investor
Tensilityvc,Armando Pauker,apauker@tensilityvc.com,tensilityvc.com,VC/Investor
Seabed,Vijay Ullal,vijay@seabed.vc,seabed.vc,VC/Investor
Up2398,Randy Ching,randy@up2398.com,up2398.com,Corporate/Other
Trellis,John L. Long,jlong@trellis.com,trellis.com,Corporate/Other
Nexmo,Tony Jamous,tony@nexmo.com,nexmo.com,Corporate/Other
Nexmo,Eric Nadalin,eric@nexmo.com,nexmo.com,Corporate/Other
Nerdwallet,Tim Chen,tim@nerdwallet.com,nerdwallet.com,Corporate/Other
Nerdwallet,Jacob Gibson,jacob@nerdwallet.com,nerdwallet.com,Corporate/Other
Thinktiv,Steve Waters,swaters@thinktiv.com,thinktiv.com,Corporate/Other
Sunbridgepartners,Allen Miner,allen@sunbridgepartners.com,sunbridgepartners.com,VC/Investor
Side.Cr,Sunil Paul,sunil@side.cr,side.cr,Corporate/Other
Solonmack,Mark Lodish,mark.lodish@solonmack.com,solonmack.com,Corporate/Other
Silkroadequity,Andrew J. Filipowski,flip@silkroadequity.com,silkroadequity.com,VC/Investor
Stayclassy.Org,Scot Chisholm,scot@stayclassy.org,stayclassy.org,Corporate/Other
Horizonpartners,Sandy Kory,skory@horizonpartners.com,horizonpartners.com,VC/Investor
Horizonpartners,Mike Firmage,mfirmage@horizonpartners.com,horizonpartners.com,VC/Investor
Whipclip,Ron Zuckerman,ron@whipclip.com,whipclip.com,Corporate/Other
Whipclip,Richard Rosenblatt,richard@whipclip.com,whipclip.com,Corporate/Other
Rivetventures,Shadi Mehraein,shadi@rivetventures.com,rivetventures.com,VC/Investor
Rivetventures,Christina A. Brodbeck,christina@rivetventures.com,rivetventures.com,VC/Investor
Publicsafetyventures,George Heinrichs,george@publicsafetyventures.com,publicsafetyventures.com,VC/Investor
Pipelinecp,Joel Yarmon,joel@pipelinecp.com,pipelinecp.com,Corporate/Other
Pvpartners,Ben Goux,ben.goux@pvpartners.com,pvpartners.com,VC/Investor
Pillar,Jamie A. Goldstein,jamie@pillar.vc,pillar.vc,VC/Investor
Empiricalmedia,Jim Friedlich,jim@empiricalmedia.com,empiricalmedia.com,Corporate/Other
Fabfitfun,Michael Broukhim,michael@fabfitfun.com,fabfitfun.com,Corporate/Other
Fabfitfun,Daniel Broukhim,daniel@fabfitfun.com,fabfitfun.com,Corporate/Other
Memorialcare.Org,Brant Heise,bheise@memorialcare.org,memorialcare.org,Corporate/Other
Makeinla,Carmen Palafox,carmen@makeinla.com,makeinla.com,Corporate/Other
Makeinla,Shaun Arora,shaun@makeinla.com,makeinla.com,Corporate/Other
Mainetechnology.Org,Brian Whitney,bwhitney@mainetechnology.org,mainetechnology.org,Corporate/Other
Mainetechnology.Org,Martha Bentley,mbentley@mainetechnology.org,mainetechnology.org,Corporate/Other
Madronavl,Hsu Han Ooi,hsu.ooi@madronavl.com,madronavl.com,Corporate/Other
Hellodynamo,Ted Alling,ted@hellodynamo.com,hellodynamo.com,Corporate/Other
Getepic,Kevin Donahue,kevin@getepic.com,getepic.com,Corporate/Other
Getepic,Suren Markosian,suren@getepic.com,getepic.com,Corporate/Other
Jumpinvestors,Randall Kaplan,randall.kaplan@jumpinvestors.com,jumpinvestors.com,VC/Investor
Coachup,Jordan Fliegel,j@coachup.com,coachup.com,Corporate/Other
Coachup,Arian Radmand,arian@coachup.com,coachup.com,Corporate/Other
Kodak,Jeffrey J. Clarke,jeffrey.clarke@kodak.com,kodak.com,Corporate/Other
Kodak,Steven Overman,steven.overman@kodak.com,kodak.com,Corporate/Other
Porch,Jean Sini,js@porch.com,porch.com,Corporate/Other
Porch,Javier Olivan,javier@porch.com,porch.com,Corporate/Other
Rev,Jason Chicola,jason@rev.com,rev.com,Corporate/Other
Rev,Mark Chen,mark@rev.com,rev.com,Corporate/Other
Innovationcapital,Patrick Foley,foleypj@innovationcapital.com,innovationcapital.com,VC/Investor
Innovationcapital,David J. Freschman,djf@innovationcapital.com,innovationcapital.com,VC/Investor
Hyperplane,Vivjan Myrto,v@hyperplane.vc,hyperplane.vc,VC/Investor
Garlandcg,Gary E. Holdren,gholdren@garlandcg.com,garlandcg.com,Corporate/Other
Redabbey,Frank A. Bonsal,fbonsal@redabbey.com,redabbey.com,Corporate/Other
Redabbey,Philip Goelet,pgoelet@redabbey.com,redabbey.com,Corporate/Other
Flyovercapital,Tim Foote,tfoote@flyovercapital.com,flyovercapital.com,VC/Investor
Flyovercapital,Thad Langford,tlangford@flyovercapital.com,flyovercapital.com,VC/Investor
Evernote,Chris O'Neill,chris@evernote.com,evernote.com,Corporate/Other
Evernote,Troy Malone,tmalone@evernote.com,evernote.com,Corporate/Other
Ecamail,Gil Klier,gil@ecamail.com,ecamail.com,Corporate/Other
Ecamail,Mark Dyne,markdyne@ecamail.com,ecamail.com,Corporate/Other
Harmonixmusic,Eran Egozy,eran.egozy@harmonixmusic.com,harmonixmusic.com,Corporate/Other
Harmonixmusic,Alex Rigopulos,alex.rigopulos@harmonixmusic.com,harmonixmusic.com,Corporate/Other
Elefund,Serik Kaldykulov,serik@elefund.com,elefund.com,VC/Investor
Asana,Dustin Moskovitz,dustin@asana.com,asana.com,Corporate/Other
Asana,Justin Rosenstein,justin@asana.com,asana.com,Corporate/Other
Zipmark,Don Layden,don@zipmark.com,zipmark.com,Corporate/Other
Zipmark,Jayastu Bhattacharya,jay@zipmark.com,zipmark.com,Corporate/Other
Furneauxcapital,David Furneaux,dave@furneauxcapital.com,furneauxcapital.com,VC/Investor
Cleanenergytrust.Org,Erik G. Birkerts,erik@cleanenergytrust.org,cleanenergytrust.org,Corporate/Other
Cleanenergytrust.Org,Michael P. Polsky,michael@cleanenergytrust.org,cleanenergytrust.org,Corporate/Other
Ctventures,Alexander B. Suh,asuh@ctventures.com,ctventures.com,VC/Investor
Currentmotor,Lauren A. Flanagan,lauren@currentmotor.com,currentmotor.com,Corporate/Other
Ascendventures,Darryl Wash,dwash@ascendventures.com,ascendventures.com,VC/Investor
Idgventures,Alexander Rosen,alexander_rosen@idgventures.com,idgventures.com,VC/Investor
Idgventures,Philip Sanderson,philip_sanderson@idgventures.com,idgventures.com,VC/Investor
Cornerstoneondemand,Adam L. Miller,amiller@cornerstoneondemand.com,cornerstoneondemand.com,Corporate/Other
Cornerstoneondemand,Jason Corsello,jcorsello@cornerstoneondemand.com,cornerstoneondemand.com,Corporate/Other
7Wireventures,Lee Shapiro,lee@7wireventures.com,7wireventures.com,VC/Investor
1Stsource,Andrea G. Short,andrea.short@1stsource.com,1stsource.com,Corporate/Other
1Stsource,Andera Short,andera.short@1stsource.com,1stsource.com,Corporate/Other
Glg.It,Will Ballard,wballard@glg.it,glg.it,Corporate/Other
Glg.It,Alexander Saint-Amand,asaint-amand@glg.it,glg.it,Corporate/Other
Littlethings,Alex Zhardanovsky,alex@littlethings.com,littlethings.com,Corporate/Other
Littlethings,Joseph Speiser,joe@littlethings.com,littlethings.com,Corporate/Other
Chargify,Siamak Taghaddos,staghaddos@chargify.com,chargify.com,Corporate/Other
Chargify,David Hauser,dhauser@chargify.com,chargify.com,Corporate/Other
Contextmediainc,Shradha Agarwal,shradha.a@contextmediainc.com,contextmediainc.com,Corporate/Other
Contextmediainc,Rishi U. Shah,rishi.s@contextmediainc.com,contextmediainc.com,Corporate/Other
Absoftsite,Sergey Gribov,sgribov@absoftsite.com,absoftsite.com,Corporate/Other
Westlandventures,Scott Sipprelle,scott@westlandventures.com,westlandventures.com,VC/Investor
Expedia,Rob Greyber,rgreyber@expedia.com,expedia.com,Corporate/Other
Expedia,Dara Khosrowshahi,dara.khosrowshahi@expedia.com,expedia.com,Corporate/Other
Outlookventures,Randy Haykin,randy@outlookventures.com,outlookventures.com,VC/Investor
Vmware,Raghu Raghuram,raghu@vmware.com,vmware.com,Corporate/Other
Vmware,Andrew Eye,aeye@vmware.com,vmware.com,Corporate/Other
Paymentventures,Tony VanBrackle,tony@paymentventures.com,paymentventures.com,VC/Investor
Home61,Olivier Brion,ob@home61.com,home61.com,Corporate/Other
Home61,Olivier Grinda,og@home61.com,home61.com,Corporate/Other
Nextdoor,Nirav N. Tolia,nirav@nextdoor.com,nextdoor.com,Corporate/Other
Nextdoor,Sarah Leary,sarah@nextdoor.com,nextdoor.com,Corporate/Other
Myhousetab,Nikolaus Plaitakis,niko@myhousetab.com,myhousetab.com,Corporate/Other
Myhousetab,Andrew Tauber,andrew@myhousetab.com,myhousetab.com,Corporate/Other
Wrvcapital,Nicholas E. Brathwaite,nic@wrvcapital.com,wrvcapital.com,VC/Investor
Wrvcapital,Ganapathy Subramaniam,gani@wrvcapital.com,wrvcapital.com,VC/Investor
Wayfair,Michael D. Fleisher,mfleisher@wayfair.com,wayfair.com,Corporate/Other
Wayfair,Steven K. Conine,sconine@wayfair.com,wayfair.com,Corporate/Other
Blueapron,Matt Salzberg,matt@blueapron.com,blueapron.com,Corporate/Other
Blueapron,Brad Dickerson,brad.dickerson@blueapron.com,blueapron.com,Corporate/Other
Nvite,Martin Ringlein,martin@nvite.com,nvite.com,Corporate/Other
Nvite,Evan Dudla,evan@nvite.com,nvite.com,Corporate/Other
Healthxventures,Mark E. Bakken,mark@healthxventures.com,healthxventures.com,VC/Investor
Healthxventures,Dan Blake,dan@healthxventures.com,healthxventures.com,VC/Investor
Ardica,Kris Lichter,kris@ardica.com,ardica.com,Corporate/Other
Ardica,Pamela A. Strisofsky,pamela@ardica.com,ardica.com,Corporate/Other
Kpgventures,Vince Vannelli,vince@kpgventures.com,kpgventures.com,VC/Investor
Kcrising,Darcy A. Howe,darcy.howe@kcrising.com,kcrising.com,Corporate/Other
Kcrising,Doug Girod,dgirod@kcrising.com,kcrising.com,Corporate/Other
Kayonpartners,Stephen Garrow,sgarrow@kayonpartners.com,kayonpartners.com,VC/Investor
Kayonpartners,David Vogel,dvogel@kayonpartners.com,kayonpartners.com,VC/Investor
Tigerinfrastructure,Julian H. Robertson,julian.robertson@tigerinfrastructure.com,tigerinfrastructure.com,Corporate/Other
Thumbtack,Jonathan Swanson,jonathan@thumbtack.com,thumbtack.com,Corporate/Other
Thumbtack,Marco Zappacosta,marco.zappacosta@thumbtack.com,thumbtack.com,Corporate/Other
Foundationcapital,Jonathan D. Ehrlich,jehrlich@foundationcapital.com,foundationcapital.com,VC/Investor
Foundationcapital,Charles Moldow,cmoldow@foundationcapital.com,foundationcapital.com,VC/Investor
Airbnb,Joe Gebbia,joe@airbnb.com,airbnb.com,Corporate/Other
Airbnb,Brian Chesky,brian@airbnb.com,airbnb.com,Corporate/Other
Workmarket,Jeffrey S. Wald,jewald@workmarket.com,workmarket.com,Corporate/Other
Workmarket,Jeffrey Leventhal,jeffrey@workmarket.com,workmarket.com,Corporate/Other
Stance,Jeff Kearl,jeff@stance.com,stance.com,Corporate/Other
Taskus,Jaspar Weir,jaspar.weir@taskus.com,taskus.com,Corporate/Other
Taskus,Bryce Maddock,bryce.maddock@taskus.com,taskus.com,Corporate/Other
Threadless,Jake Nickell,jake@threadless.com,threadless.com,Corporate/Other
Threadless,Jason Macatangay,jason@threadless.com,threadless.com,Corporate/Other
Cantos,Ian Rountree,ian@cantos.vc,cantos.vc,VC/Investor
Houstonhealthventures,David Franklin,david@houstonhealthventures.com,houstonhealthventures.com,VC/Investor
Houstonhealthventures,James Tao,james@houstonhealthventures.com,houstonhealthventures.com,VC/Investor
Harborstreetventures,Steve Komie,steve.komie@harborstreetventures.com,harborstreetventures.com,VC/Investor
Greatroadholdings,James Shifren,james@greatroadholdings.com,greatroadholdings.com,Corporate/Other
Greatroadholdings,Lawrence Wagenberg,larry@greatroadholdings.com,greatroadholdings.com,Corporate/Other
Castaneapartners,Gerald T. Hughes,jhughes@castaneapartners.com,castaneapartners.com,VC/Investor
Castaneapartners,Thomas First,tfirst@castaneapartners.com,castaneapartners.com,VC/Investor
Generalassemb.Ly,Jake Schwartz,jake@generalassemb.ly,generalassemb.ly,Corporate/Other
Generalassemb.Ly,Matthew O. Brimer,matthew@generalassemb.ly,generalassemb.ly,Corporate/Other
Madmimi,Gary Levitt,gary.levitt@madmimi.com,madmimi.com,Corporate/Other
Madmimi,Dean Levitt,dlevitt@madmimi.com,madmimi.com,Corporate/Other
Runkit,Francisco Tolmasky,tolmasky@runkit.com,runkit.com,Corporate/Other
Runkit,Ross Boucher,boucher@runkit.com,runkit.com,Corporate/Other
Flarecapital,Kristen Laguerre,kristen@flarecapital.com,flarecapital.com,VC/Investor
Flarecapital,Michael A. Greeley,michael@flarecapital.com,flarecapital.com,VC/Investor
Ffwd.Org,Kevin Barenblat,kevin@ffwd.org,ffwd.org,Corporate/Other
Dutchesscapital,Theodore J. Smith,tsmith@dutchesscapital.com,dutchesscapital.com,VC/Investor
Dutchesscapital,Douglas H. Leighton,dleighton@dutchesscapital.com,dutchesscapital.com,VC/Investor
Actionsprout,Drew Bernard,drew.bernard@actionsprout.com,actionsprout.com,Corporate/Other
Actionsprout,Shawn Kemp,shawn.kemp@actionsprout.com,actionsprout.com,Corporate/Other
Draemventures,Ari Eisenstat,ari.eisenstat@draemventures.com,draemventures.com,VC/Investor
Apcera,Derek Collison,derek@apcera.com,apcera.com,Corporate/Other
Apcera,Neeraj Gupta,neeraj@apcera.com,apcera.com,Corporate/Other
Launchcapital,David Shen,dshen@launchcapital.com,launchcapital.com,VC/Investor
Unity3D,David Helgason,david.helgason@unity3d.com,unity3d.com,Corporate/Other
Unity3D,John Riccitiello,johnr@unity3d.com,unity3d.com,Corporate/Other
Rockventures,Daniel R. Gilbert,dangilbert@rockventures.com,rockventures.com,VC/Investor
Tillerpartnersllc,Csaba Konkoly,csaba@tillerpartnersllc.com,tillerpartnersllc.com,VC/Investor
Crowdfunder,Chance Barnett,chance@crowdfunder.com,crowdfunder.com,VC/Investor
Crowdfunder,Rafe Furst,rafe@crowdfunder.com,crowdfunder.com,VC/Investor
Hearsaysocial,Clara Shih,clara@hearsaysocial.com,hearsaysocial.com,Corporate/Other
Hearsaysocial,Steve Garrity,steve@hearsaysocial.com,hearsaysocial.com,Corporate/Other
Acosta,Chris Liddell,cliddell@acosta.com,acosta.com,Corporate/Other
Acosta,Gary Chartrand,gchartrand@acosta.com,acosta.com,Corporate/Other
Aerohive,Changming Liu,cliu@aerohive.com,aerohive.com,Corporate/Other
Aerohive,David Greene,dgreene@aerohive.com,aerohive.com,Corporate/Other
Propeller,Cameron Yuill,cameron@propeller.vc,propeller.vc,VC/Investor
Propeller,Alexander Schultz,xander@propeller.vc,propeller.vc,VC/Investor
Bedrocket,Brian T Bedol,bbedol@bedrocket.com,bedrocket.com,Corporate/Other
Medscienceventures,Bret Siarkowski,bret.siarkowski@medscienceventures.com,medscienceventures.com,VC/Investor
Medscienceventures,Christopher T. Ford,chris.ford@medscienceventures.com,medscienceventures.com,VC/Investor
Tapad,Are H. Traasdahl,are@tapad.com,tapad.com,Corporate/Other
Tapad,Jeff Driskill,jeff@tapad.com,tapad.com,Corporate/Other
Altotechventures,Walter Lee,wl@altotechventures.com,altotechventures.com,VC/Investor
Gowonder,Alberto Moriondo,alberto@gowonder.com,gowonder.com,Corporate/Other
Gowonder,Lalit Singh,lalit@gowonder.com,gowonder.com,Corporate/Other
Acm,Martin Neath,mcn@acm.com,acm.com,Corporate/Other
Acm,Harris Jones,hj@acm.com,acm.com,Corporate/Other
Zygoteventures,Jerry Fiddler,jfiddler@zygoteventures.com,zygoteventures.com,VC/Investor
Zapiscapital,Lee X. Zapis,lzapis@zapiscapital.com,zapiscapital.com,VC/Investor
Ebates,Yen Lee,ylee@ebates.com,ebates.com,Corporate/Other
Ebates,Mark Moran,mmoran@ebates.com,ebates.com,Corporate/Other
Vadio,Yair Landau,yair@vadio.com,vadio.com,Corporate/Other
Vadio,Jay Boberg,jay@vadio.com,vadio.com,Corporate/Other
Cintrifuse,Wendy Lea,wendy@cintrifuse.com,cintrifuse.com,Corporate/Other
Cintrifuse,Sarah Adams Anderson,sarah@cintrifuse.com,cintrifuse.com,Corporate/Other
Wareness.Io,Vijay Chattha,vijay@wareness.io,wareness.io,Corporate/Other
Pager,Walter Jin,walter@pager.com,pager.com,Corporate/Other
Lunsfordcapital,W. Bruce Lunsford,bruce.lunsford@lunsfordcapital.com,lunsfordcapital.com,VC/Investor
Goventurelab,Mike Prasad,mike@goventurelab.com,goventurelab.com,Corporate/Other
Paylease,Ty Kalklosch,tkalklosch@paylease.com,paylease.com,Corporate/Other
Paylease,Sheldon Lewis,slewis@paylease.com,paylease.com,Corporate/Other
Shepherdventures,Tom Siegel,tom@shepherdventures.com,shepherdventures.com,VC/Investor
Shepherdventures,George Kenney,george@shepherdventures.com,shepherdventures.com,VC/Investor
Victorops,Todd Vernon,todd@victorops.com,victorops.com,Corporate/Other
Victorops,Dan Jones,dan@victorops.com,victorops.com,Corporate/Other
Expectlabs,Timothy Tuttle,tim.tuttle@expectlabs.com,expectlabs.com,Corporate/Other
Expectlabs,Michael S. Jeon,michael@expectlabs.com,expectlabs.com,Corporate/Other
Moorecap,Thomas P. Vincent,thomas.vincent@moorecap.com,moorecap.com,Corporate/Other
Moorecap,Richard Andrew Axilrod,richard.axilrod@moorecap.com,moorecap.com,Corporate/Other
Rkventures,Matthew Rhodes-Kropf,matt@rkventures.com,rkventures.com,VC/Investor
Openairep,Taylor Clauson,taylor@openairep.com,openairep.com,Corporate/Other
Openairep,Lance T. LeMay,lance@openairep.com,openairep.com,Corporate/Other
Tallwoodvc,Luis Arzubi,luis@tallwoodvc.com,tallwoodvc.com,VC/Investor
Tallwoodvc,Diosdado P. Banatao,dado@tallwoodvc.com,tallwoodvc.com,VC/Investor
Cylance,Stuart McClure,smcclure@cylance.com,cylance.com,Corporate/Other
Cylance,Art Coviello,acoviello@cylance.com,cylance.com,Corporate/Other
Tapjoy,Steve H. Wadsworth,steve.wadsworth@tapjoy.com,tapjoy.com,Corporate/Other
Tapjoy,Paul Longhenry,paul.longhenry@tapjoy.com,tapjoy.com,Corporate/Other
Z80Labs,Steve Poland,steve@z80labs.com,z80labs.com,Corporate/Other
Z80Labs,Jordan A. Levy,jordan@z80labs.com,z80labs.com,Corporate/Other
Sterling,Rohit Gupta,rohit@sterling.vc,sterling.vc,VC/Investor
Sterling,Farzam Kamel,farzam@sterling.vc,sterling.vc,VC/Investor
Alphavp,Steve Brotman,steve@alphavp.com,alphavp.com,Corporate/Other
Bitsighttech,Shaun McConnon,shaun@bitsighttech.com,bitsighttech.com,Corporate/Other
Bitsighttech,Brian Cohen,brian.cohen@bitsighttech.com,bitsighttech.com,Corporate/Other
Gocella,Sev Paso,sev@gocella.com,gocella.com,Corporate/Other
Gocella,Brian Rice,brice@gocella.com,gocella.com,Corporate/Other
Sendgrid,Sameer Dholakia,sameer.dholakia@sendgrid.com,sendgrid.com,Corporate/Other
Sendgrid,Isaac Saldana,isaac.saldana@sendgrid.com,sendgrid.com,Corporate/Other
Postmates,Sean Plaice,sean@postmates.com,postmates.com,Corporate/Other
Postmates,Bastian Lehmann,bastian@postmates.com,postmates.com,Corporate/Other
Seacrestproductions,Ryan Seacrest,rseacrest@seacrestproductions.com,seacrestproductions.com,Corporate/Other
Gazemetrix,Saurab Paruthi,saurab@gazemetrix.com,gazemetrix.com,Corporate/Other
Gazemetrix,Deobrat Singh,deobrat@gazemetrix.com,gazemetrix.com,Corporate/Other
Healthiestyou,Scott Sanford,scott@healthiestyou.com,healthiestyou.com,Corporate/Other
Healthiestyou,Jim Prendergast,jim@healthiestyou.com,healthiestyou.com,Corporate/Other
Viperks.Net,Scott Moss,scott.moss@viperks.net,viperks.net,Corporate/Other
Viperks.Net,Eric Golubitsky,eric.golubitsky@viperks.net,viperks.net,Corporate/Other
Dataminr,Samuel Hendel,sam@dataminr.com,dataminr.com,Corporate/Other
Dataminr,Julio Pekarovic,jpekarovic@dataminr.com,dataminr.com,Corporate/Other
Icertis,Samir Bodas,samir@icertis.com,icertis.com,Corporate/Other
Icertis,Vijay Vashee,vijay@icertis.com,icertis.com,Corporate/Other
Getaround,Sam Zaid,sam@getaround.com,getaround.com,Corporate/Other
Getaround,Jessica Scorpio,jessica@getaround.com,getaround.com,Corporate/Other
Veritone,Ryan Steelberg,ryan@veritone.com,veritone.com,Corporate/Other
Veritone,Chad F. Steelberg,chad@veritone.com,veritone.com,Corporate/Other
Chain,Ryan Smith,ryan@chain.com,chain.com,Corporate/Other
Chain,Devon Gundry,devon@chain.com,chain.com,Corporate/Other
Rwiventures,William R. Baumel,wbaumel@rwiventures.com,rwiventures.com,VC/Investor
Merrillcorp,Rodney D. Johnson,rod.johnson@merrillcorp.com,merrillcorp.com,Corporate/Other
Merrillcorp,Philip Johnson,pjohnson@merrillcorp.com,merrillcorp.com,Corporate/Other
Blendlabsinc,Rosco Hill,rosco@blendlabsinc.com,blendlabsinc.com,Corporate/Other
Blendlabsinc,Nima Ghamsari,nima@blendlabsinc.com,blendlabsinc.com,Corporate/Other
Davincicapitalgroup,Robert S. Winter,winter@davincicapitalgroup.com,davincicapitalgroup.com,VC/Investor
Davincicapitalgroup,Gary M. Post,post@davincicapitalgroup.com,davincicapitalgroup.com,VC/Investor
Archeradvisors,Rich LeFurgy,rich@archeradvisors.com,archeradvisors.com,Corporate/Other
Codeadvisors,Quincy Smith,qsmith@codeadvisors.com,codeadvisors.com,Corporate/Other
Showpad,Pieterjan Bouten,pieterjan@showpad.com,showpad.com,Corporate/Other
Showpad,Louis Jonckheere,louis@showpad.com,showpad.com,Corporate/Other
Caspersleep,Philip A. Krim,philip@caspersleep.com,caspersleep.com,Corporate/Other
Caspersleep,Jeff Chapin,jeff@caspersleep.com,caspersleep.com,Corporate/Other
Enhatch,Peter Verrillo,pverrillo@enhatch.com,enhatch.com,Corporate/Other
Enhatch,Mark Birch,mark@enhatch.com,enhatch.com,Corporate/Other
Pavp,Peter H. Ziebelman,pziebelman@pavp.com,pavp.com,Corporate/Other
Shopgate,Ortwin Kartmann,kartmann@shopgate.com,shopgate.com,Corporate/Other
Shopgate,Andrea Anderheggen,anderheggen@shopgate.com,shopgate.com,Corporate/Other
Pluscapital,Omar Epps,omar@pluscapital.com,pluscapital.com,VC/Investor
Pluscapital,Adam Lilling,adam@pluscapital.com,pluscapital.com,VC/Investor
Networkventures,Jeffrey B. Maters,jeff@networkventures.vc,networkventures.vc,VC/Investor
Sailthru,Neil Lustig,neil@sailthru.com,sailthru.com,Corporate/Other
Sailthru,Eric Porres,eric@sailthru.com,sailthru.com,Corporate/Other
Geostellar,Mike Rhodes,mike.rhodes@geostellar.com,geostellar.com,Corporate/Other
Geostellar,Mehmet Ogden,mehmet.ogden@geostellar.com,geostellar.com,Corporate/Other
2Xpartners,Mike Levinthal,mlevinthal@2xpartners.com,2xpartners.com,VC/Investor
2Xpartners,Andrew S. Whitman,awhitman@2xpartners.com,2xpartners.com,VC/Investor
Angelvisioninvestors,Mike Greenfeld,mgreenfeld@angelvisioninvestors.com,angelvisioninvestors.com,VC/Investor
Angelvisioninvestors,Barbara Glazer,bglazer@angelvisioninvestors.com,angelvisioninvestors.com,VC/Investor
Asurion,Kevin Taweel,ktaweel@asurion.com,asurion.com,Corporate/Other
Asurion,Gerald Risk,grisk@asurion.com,asurion.com,Corporate/Other
Guidewiresoftware,Kenneth W. Branson,kbranson@guidewiresoftware.com,guidewiresoftware.com,Corporate/Other
Guidewiresoftware,Jeremy Henrickson,jhenrickson@guidewiresoftware.com,guidewiresoftware.com,Corporate/Other
Lseo,Kristopher B. Jones,kris@lseo.com,lseo.com,Corporate/Other
Digitalocean,Karl Alomar,karl@digitalocean.com,digitalocean.com,Corporate/Other
Digitalocean,Julia Austin,julia@digitalocean.com,digitalocean.com,Corporate/Other
Startecinv,Joy J. Lindsay,joylindsay@startecinv.com,startecinv.com,Corporate/Other
Clypd,Joshua Summers,joshua@clypd.com,clypd.com,Corporate/Other
Clypd,Doug Hurd,doug@clypd.com,clypd.com,Corporate/Other
Liquidhub,Jonathan A. Brassington,jbrassington@liquidhub.com,liquidhub.com,Corporate/Other
Liquidhub,Leighton Yohannan,lyohannan@liquidhub.com,liquidhub.com,Corporate/Other
Viantinc,Jon Schulz,jschulz@viantinc.com,viantinc.com,Corporate/Other
Viantinc,Jason Knapp,jknapp@viantinc.com,viantinc.com,Corporate/Other
Igncap,Jon Anderson,jon@igncap.com,igncap.com,Corporate/Other
Williamblair,John LeVert,jlevert@williamblair.com,williamblair.com,Corporate/Other
Williamblair,Kelley Drake,kdrake@williamblair.com,williamblair.com,Corporate/Other
Aimgr,Jim Corman,jim@aimgr.com,aimgr.com,Corporate/Other
Aimgr,Clay Corman,clay@aimgr.com,aimgr.com,Corporate/Other
Loebenterprises,Richard I. Vogel,rvogel@loebenterprises.com,loebenterprises.com,Corporate/Other
Loebenterprises,Michael R. Loeb,mloeb@loebenterprises.com,loebenterprises.com,Corporate/Other
1Worldonline,Brad Kayton,brad@1worldonline.com,1worldonline.com,Corporate/Other
1Worldonline,Alex Fedosseev,alex@1worldonline.com,1worldonline.com,Corporate/Other
Venvest.Net,Rani Aliahmad,rani@venvest.net,venvest.net,Corporate/Other
Venvest.Net,George Azar,george@venvest.net,venvest.net,Corporate/Other
Computerlaw,Jack Russo,jrusso@computerlaw.com,computerlaw.com,Corporate/Other
Wework,Adam Neumann,adam@wework.com,wework.com,Corporate/Other
Knock,Sean Black,sean@knock.co,knock.co,Corporate/Other
Knock,Paul Habibi,paul.habibi@knock.co,knock.co,Corporate/Other
Addthis,Hooman Radfar,hooman@addthis.com,addthis.com,Corporate/Other
Addthis,Dom Vonarburg,dom@addthis.com,addthis.com,Corporate/Other
Photobucket,Alex Welch,awelch@photobucket.com,photobucket.com,Corporate/Other
Photobucket,Darren Crystal,dcrystal@photobucket.com,photobucket.com,Corporate/Other
Centerviewcapital,David W. Dorman,ddorman@centerviewcapital.com,centerviewcapital.com,VC/Investor
Centerviewcapital,Sandhya Venkatachalam,svenkatachalam@centerviewcapital.com,centerviewcapital.com,VC/Investor
Sprinklr,Chris Lynch,chris.lynch@sprinklr.com,sprinklr.com,Corporate/Other
Sprinklr,Pavitar Singh,psingh@sprinklr.com,sprinklr.com,Corporate/Other
Evertrue,Brent Grinna,brent@evertrue.com,evertrue.com,Corporate/Other
Evertrue,Jesse Bardo,jesse@evertrue.com,evertrue.com,Corporate/Other
Olaeris,Michael Hentschel,michael.hentschel@olaeris.com,olaeris.com,Corporate/Other
Sparefoot,Mario Feghali,mario@sparefoot.com,sparefoot.com,Corporate/Other
Sparefoot,Chuck Gordon,chuck@sparefoot.com,sparefoot.com,Corporate/Other
Welltok,Maneesh Goyal,maneesh.goyal@welltok.com,welltok.com,Corporate/Other
Welltok,Jeffrey H. Margolis,jeffrey.margolis@welltok.com,welltok.com,Corporate/Other
Parkviewventures,Laurent Ohana,laurent@parkviewventures.com,parkviewventures.com,VC/Investor
Parkviewventures,Jason Keck,jkeck@parkviewventures.com,parkviewventures.com,VC/Investor
Gcmlp,Jeremy L. Katz,jkatz@gcmlp.com,gcmlp.com,Corporate/Other
Gcmlp,Eric A. Felton,efleton@gcmlp.com,gcmlp.com,Corporate/Other
Crowdrise,Jeffrey Wolfe,jeffrey@crowdrise.com,crowdrise.com,Corporate/Other
Crowdrise,Edward Norton,edward@crowdrise.com,crowdrise.com,Corporate/Other
Taboola,Ira Silberstein,ira@taboola.com,taboola.com,Corporate/Other
Taboola,Adam Singolda,adam@taboola.com,taboola.com,Corporate/Other
Comscore,Gian Fulgoni,gfulgoni@comscore.com,comscore.com,Corporate/Other
Comscore,Magid M. Abraham,mabraham@comscore.com,comscore.com,Corporate/Other
Wingz.Me,Geoff Mathieux,geoff@wingz.me,wingz.me,Corporate/Other
Wingz.Me,Christof Baumbach,christof@wingz.me,wingz.me,Corporate/Other
Induscap,Ethan Seath Devine,edevine@induscap.com,induscap.com,Corporate/Other
Induscap,David Nathan Kowitz,dkowitz@induscap.com,induscap.com,Corporate/Other
Lynda,Erik Nierenberg,enierenberg@lynda.com,lynda.com,Corporate/Other
Lynda,Lynda Weinman,lweinman@lynda.com,lynda.com,Corporate/Other
Acquia,Dries Buytaert,dries.buytaert@acquia.com,acquia.com,Corporate/Other
Acquia,Thomas N. Erickson,thomas.erickson@acquia.com,acquia.com,Corporate/Other
Quartethealth,David Liu,david@quartethealth.com,quartethealth.com,Corporate/Other
Quartethealth,David Wennberg,dwennberg@quartethealth.com,quartethealth.com,Corporate/Other
Smartsheet,Brent R. Frei,brent.frei@smartsheet.com,smartsheet.com,Corporate/Other
Smartsheet,Jennifer Ceran,jennifer.ceran@smartsheet.com,smartsheet.com,Corporate/Other
Oculusvr,Brendan Iribe,brendan.iribe@oculusvr.com,oculusvr.com,Corporate/Other
Oculusvr,Michael Antonov,michael.antonov@oculusvr.com,oculusvr.com,Corporate/Other
N3Twork,Bob Stevenson,bob@n3twork.com,n3twork.com,Corporate/Other
N3Twork,Neil Young,neil@n3twork.com,n3twork.com,Corporate/Other
Clearbanc,Andrew D'Souza,andrew@clearbanc.com,clearbanc.com,Corporate/Other
Clearbanc,Michele Romanow,michele@clearbanc.com,clearbanc.com,Corporate/Other
Zoosk,Alex F. Mehr,alex@zoosk.com,zoosk.com,Corporate/Other
Zoosk,Shayan Zadeh,shayan@zoosk.com,zoosk.com,Corporate/Other
Wrhambrecht,William R. Hambrecht,whambrecht@wrhambrecht.com,wrhambrecht.com,Corporate/Other
Wrhambrecht,Lee Ting,lting@wrhambrecht.com,wrhambrecht.com,Corporate/Other
Sportslock,Todd Heyden,todd@sportslock.com,sportslock.com,Corporate/Other
Sportslock,Ross Karel,ross@sportslock.com,sportslock.com,Corporate/Other
Portware,Scott DePetris,scott.depetris@portware.com,portware.com,Corporate/Other
Portware,Eric Goldberg,eric.goldberg@portware.com,portware.com,Corporate/Other
G51-Amplify,Rudy Garza,rudy@g51-amplify.com,g51-amplify.com,Corporate/Other
G51-Amplify,Pat Horner,phorner@g51-amplify.com,g51-amplify.com,Corporate/Other
Jivox,Naren Nachiappan,naren@jivox.com,jivox.com,Corporate/Other
Jivox,Diaz Nesamoney,diaz@jivox.com,jivox.com,Corporate/Other
Getupperhand,Myles G. Grote,myles@getupperhand.com,getupperhand.com,Corporate/Other
Getupperhand,Kevin R. MacCauley,kevin@getupperhand.com,getupperhand.com,Corporate/Other
Thestartproject,Julie Davidson Rocherolle,julie@thestartproject.com,thestartproject.com,Corporate/Other
Clearfir,John Edward Cunningham,john@clearfir.com,clearfir.com,Corporate/Other
Allenai.Org,Oren Etzioni,oren@allenai.org,allenai.org,Corporate/Other
Tornante,Michael D. Eisner,michael.eisner@tornante.com,tornante.com,Corporate/Other
Nextcaller,Gianni Martire,gianni@nextcaller.com,nextcaller.com,Corporate/Other
Nextcaller,Ian Roncoroni,ian@nextcaller.com,nextcaller.com,Corporate/Other
Ghco,Donald E. Graham,don@ghco.com,ghco.com,Corporate/Other
Ghco,Timothy O'Shaughnessy,tim@ghco.com,ghco.com,Corporate/Other
Wheatleypartners,Barry W. Rubenstein,barry_r@wheatleypartners.com,wheatleypartners.com,VC/Investor
Wheatleypartners,Barry Fingerhut,barry_f@wheatleypartners.com,wheatleypartners.com,VC/Investor
Globality,Joel Z. Hyatt,joel.hyatt@globality.com,globality.com,Corporate/Other
Globality,Lior Delgo,lior.delgo@globality.com,globality.com,Corporate/Other
Venturehousegroup,Mark D. Ein,mark@venturehousegroup.com,venturehousegroup.com,Corporate/Other
Grassmerepartners,Peter C Brown,pbrown@grassmerepartners.com,grassmerepartners.com,VC/Investor
Grassmerepartners,Christopher W. Brown,cbrown@grassmerepartners.com,grassmerepartners.com,VC/Investor
Cendanacapital,Michael Hyoung-Jun Kim,michael@cendanacapital.com,cendanacapital.com,VC/Investor
Bcplp,Jonathan Mi,jonathan@bcplp.com,bcplp.com,Corporate/Other
Bcplp,Robert R. Davenport,rob@bcplp.com,bcplp.com,Corporate/Other
Healthcare,Jeffrey C. Smedsrud,jeff.smedsrud@healthcare.com,healthcare.com,Corporate/Other
Healthcare,Howard Yeh,hyeh@healthcare.com,healthcare.com,Corporate/Other
Angelcam,Robert Prokes,robert.prokes@angelcam.com,angelcam.com,Corporate/Other
Angelcam,Peter Ocasek,peter@angelcam.com,angelcam.com,Corporate/Other
Mbfhp,Phillip Frost,pfrost@mbfhp.com,mbfhp.com,Corporate/Other
Mbfhp,Marcio C. Cabrera,mcabrera@mbfhp.com,mbfhp.com,Corporate/Other
Loannow,Jesse Stockwell,jstockwell@loannow.com,loannow.com,Corporate/Other
Loannow,Harry Langenberg,hlangenberg@loannow.com,loannow.com,Corporate/Other
Risecapital,Nazar Yasin,nazar@risecapital.com,risecapital.com,VC/Investor
Dominion,Michael Lee,mlee@dominion.com,dominion.com,Corporate/Other
Dominion,Rick J. Hawkins,rick.hawkins@dominion.com,dominion.com,Corporate/Other
Snapcard.Io,Michael Dunworth,michael@snapcard.io,snapcard.io,Corporate/Other
Snapcard.Io,Ioannis Giannaros,ioannis@snapcard.io,snapcard.io,Corporate/Other
Scienceexchange,Dan Knox,dan@scienceexchange.com,scienceexchange.com,Corporate/Other
Scienceexchange,Elizabeth Iorns,elizabeth@scienceexchange.com,scienceexchange.com,Corporate/Other
Healthcatalystcapital,Charles Boorady,charles@healthcatalystcapital.com,healthcatalystcapital.com,VC/Investor
Vanu,Vanu Bose,vanu.bose@vanu.com,vanu.com,Corporate/Other
Vanu,Andrew Beard,andrew.beard@vanu.com,vanu.com,Corporate/Other
Amedisys,Paul B. Kusserow,paul.kusserow@amedisys.com,amedisys.com,Corporate/Other
Amedisys,Bruce D. Perkins,bruce.perkins@amedisys.com,amedisys.com,Corporate/Other
Accretivetechnology,J. Michael Cline,mcline@accretivetechnology.com,accretivetechnology.com,Corporate/Other
Loungebuddy,Zac Altman,zac@loungebuddy.com,loungebuddy.com,Corporate/Other
Loungebuddy,Tyler Dikman,tyler@loungebuddy.com,loungebuddy.com,Corporate/Other
9Thstreetcapital,Michael Coors,mcoors@9thstreetcapital.com,9thstreetcapital.com,VC/Investor
9Thstreetcapital,Mark A. Petty,mpetty@9thstreetcapital.com,9thstreetcapital.com,VC/Investor
Healthvelocitycapital,Martin R. Felsenthal,marty@healthvelocitycapital.com,healthvelocitycapital.com,VC/Investor
Aavin,James D. Thorp,jthorp@aavin.com,aavin.com,Corporate/Other
Aavin,David R. Schroder,dschroder@aavin.com,aavin.com,Corporate/Other
Ngncapital,Leonard P. Hirsch,lhirsch@ngncapital.com,ngncapital.com,VC/Investor
Ngncapital,Noah J. Kroloff,nkroloff@ngncapital.com,ngncapital.com,VC/Investor
Mmchealthservices,Mark Brooks,mark@mmchealthservices.com,mmchealthservices.com,Corporate/Other
Mmchealthservices,Michael K. Kaplan,mike@mmchealthservices.com,mmchealthservices.com,Corporate/Other
Madbaycap,Eugene Song,esong@madbaycap.com,madbaycap.com,Corporate/Other
Madbaycap,Stephen V. Reale,sreale@madbaycap.com,madbaycap.com,Corporate/Other
Liquidassetbrands,Marc A. Bushala,mbushala@liquidassetbrands.com,liquidassetbrands.com,Corporate/Other
Microsoftventures,Amir Pinchas,amir.pinchas@microsoftventures.com,microsoftventures.com,VC/Investor
Rightsidecapital,Dave S. Lambert,dave@rightsidecapital.com,rightsidecapital.com,VC/Investor
Masschallenge.Org,Israel Y. Ganot,iganot@masschallenge.org,masschallenge.org,Corporate/Other
Startx,Cameron Teitelman,cameron@startx.com,startx.com,Corporate/Other
Alchemistaccelerator,Danielle D'Agostaro,danielle@alchemistaccelerator.com,alchemistaccelerator.com,Corporate/Other
Foundationcap,David Singer,dsinger@foundationcap.com,foundationcap.com,Corporate/Other
Baincapital,Jason Morris,jnmorris@baincapital.com,baincapital.com,VC/Investor
Amecloudventures,Nick Adams,nick@amecloudventures.com,amecloudventures.com,VC/Investor
Shastaventures,Robert Coneybeer,rob@shastaventures.com,shastaventures.com,VC/Investor
Atlasventure,Ommer Chohan,ochohan@atlasventure.com,atlasventure.com,Corporate/Other
Foundercollective,David Frankel,david@foundercollective.com,foundercollective.com,Corporate/Other
Eventures,Christian Leybold,christian@eventures.vc,eventures.vc,VC/Investor
Sparkcapital,Alex Finkelstein,alex@sparkcapital.com,sparkcapital.com,VC/Investor
Rre,William D. Porteous,will@rre.com,rre.com,Corporate/Other
Fintechinnovationlab,Maria Gotsch,maria@fintechinnovationlab.com,fintechinnovationlab.com,Corporate/Other
Nexusvp,Sameer Brij Verma,sameer@nexusvp.com,nexusvp.com,Corporate/Other
Bloombergbeta,Karin Klein,karin@bloombergbeta.com,bloombergbeta.com,Corporate/Other
Ctinnovations,Julie Rader,julie.rader@ctinnovations.com,ctinnovations.com,Corporate/Other
Summitpartners,Thomas S. Roberts,troberts@summitpartners.com,summitpartners.com,VC/Investor
Rothenbergventures,Brandon Farwell,brandon@rothenbergventures.com,rothenbergventures.com,VC/Investor
Hcp,Jessica Pelletier,jpelletier@hcp.com,hcp.com,Corporate/Other
Allianceofangels,Yi-Jian Ngo,yijian@allianceofangels.com,allianceofangels.com,VC/Investor
Germanaccelerator,Dirk H. Kanngiesser,dirk@germanaccelerator.com,germanaccelerator.com,Corporate/Other
Tenayacapital,Thomas Banahan,tom@tenayacapital.com,tenayacapital.com,VC/Investor
Initialized,Alexis Ohanian,alexis@initialized.com,initialized.com,Corporate/Other
Tsingyuan.Ventures,Xuhui Shao,xuhui.shao@tsingyuan.ventures,tsingyuan.ventures,VC/Investor
Blackbox,Fadi Bishara,fadi@blackbox.vc,blackbox.vc,VC/Investor
Thrivecap,Chris Paik,chris@thrivecap.com,thrivecap.com,Corporate/Other
Portlandseedfund,Jim Huston,jim@portlandseedfund.com,portlandseedfund.com,VC/Investor
Iqt.Org,Stephen Bowsher,sbowsher@iqt.org,iqt.org,Corporate/Other
Grotech,Charles P. Cullen,ccullen@grotech.com,grotech.com,Corporate/Other
Zivity,Scott Banister,banister.scott@zivity.com,zivity.com,Corporate/Other
Sapphireventures,Anthony Matusich,anthony@sapphireventures.com,sapphireventures.com,VC/Investor
Salesforce,Marc Benioff,mbenioff@salesforce.com,salesforce.com,Corporate/Other
Vtfcapital,Will Young,wy@vtfcapital.com,vtfcapital.com,VC/Investor
Dormroomfund,Sweyn Venderbush,svenderbush@dormroomfund.com,dormroomfund.com,VC/Investor
Venrock,Nicole R. Pack,nicole@venrock.com,venrock.com,Corporate/Other
Bantamgroup,Joseph Caruso,caruso@bantamgroup.com,bantamgroup.com,Corporate/Other
Chuangxin,Kai-Fu Lee,kai-fu@chuangxin.com,chuangxin.com,Corporate/Other
Usvp,Jonathan Root,jon.r@usvp.com,usvp.com,Corporate/Other
Scalevp,Laura Sebastiani,laura@scalevp.com,scalevp.com,Corporate/Other
Hydeparkangels,Michael Sachaj,michael@hydeparkangels.com,hydeparkangels.com,VC/Investor
Openviewpartners,Scott Maxwell,smaxwell@openviewpartners.com,openviewpartners.com,VC/Investor
Newschools.Org,Stacey Childress,schildress@newschools.org,newschools.org,Corporate/Other
Centraltexasangelnetwork,Claire England,claire@centraltexasangelnetwork.com,centraltexasangelnetwork.com,Corporate/Other
Voyagercapital,Bill Hughlett,hughlett@voyagercapital.com,voyagercapital.com,VC/Investor
Structure,Mike Walsh,mike@structure.vc,structure.vc,VC/Investor
Uptake,Bradley A. Keywell,bradley.keywell@uptake.com,uptake.com,Corporate/Other
Warburgpincus,Ali Artunkel,ali.artunkel@warburgpincus.com,warburgpincus.com,Corporate/Other
Imaginek12,Karen Lien,klien@imaginek12.com,imaginek12.com,Corporate/Other
Bostonseed,Nicole M. Stata,nstata@bostonseed.com,bostonseed.com,VC/Investor
Knightfoundation.Org,Juan J. Martinez,juan.martinez@knightfoundation.org,knightfoundation.org,Corporate/Other
Alphalab.Org,Jim Jen,jjen@alphalab.org,alphalab.org,Corporate/Other
Rev1Ventures,Wayne Embree,wayne@rev1ventures.com,rev1ventures.com,VC/Investor
Polarisventures,David Barrett,dbarrett@polarisventures.com,polarisventures.com,VC/Investor
Fenoxvc,Anis Uzzaman,uzzaman@fenoxvc.com,fenoxvc.com,VC/Investor
Elevateventures,Ting Gootee,tgootee@elevateventures.com,elevateventures.com,VC/Investor
Launch-Capital,Elon Boms,elon@launch-capital.com,launch-capital.com,VC/Investor
Americanexpress,Harshul Sanghi,harshul.sanghi@americanexpress.com,americanexpress.com,Corporate/Other
Valarventures,Andrew McCormack,andrew@valarventures.com,valarventures.com,VC/Investor
Marker-Llc,Richard Todd Scanlon,rs@marker-llc.com,marker-llc.com,Corporate/Other
Commnexus.Org,Grant Kroeger,grant@commnexus.org,commnexus.org,Corporate/Other
Winklevosscapital,Tyler Winklevoss,tyler@winklevosscapital.com,winklevosscapital.com,VC/Investor
Avalon-Ventures,Stephen Tomlin,stomlin@avalon-ventures.com,avalon-ventures.com,VC/Investor
Adamsstreetpartners,Quintin Kevin,qkevin@adamsstreetpartners.com,adamsstreetpartners.com,VC/Investor
406Ventures,So-June Min,smin@406ventures.com,406ventures.com,VC/Investor
Austinventures,Joseph Aragona,jaragona@austinventures.com,austinventures.com,VC/Investor
Sparklabsglobal,Net Jacobsson,net@sparklabsglobal.com,sparklabsglobal.com,Corporate/Other
Aminocapital,Qiang Li,larry@aminocapital.com,aminocapital.com,VC/Investor
Relayventures,Jeannette Wiltse,jeannette@relayventures.com,relayventures.com,VC/Investor
Questvp,Andrew Ogawa,andrew@questvp.com,questvp.com,Corporate/Other
Launchtn.Org,Charlie Brock,charlie@launchtn.org,launchtn.org,Corporate/Other
Neotribe,Jerry Yang,jerry@neotribe.vc,neotribe.vc,VC/Investor
Costanoavc,Mike Albang,mike@costanoavc.com,costanoavc.com,VC/Investor
Wiharper,Paul Chau,pchau@wiharper.com,wiharper.com,Corporate/Other
Tenoneten.Net,David Waxman,david@tenoneten.net,tenoneten.net,Corporate/Other
Square1Bank,Jody Shepherd,jshepherd@square1bank.com,square1bank.com,Corporate/Other
Serraventures,Eric Wilson,eric@serraventures.com,serraventures.com,VC/Investor
Oatv,Mark P. Jacobsen,mark@oatv.com,oatv.com,Corporate/Other
Nokiagrowthpartners,Monica N. Johnson,monica.johnson@nokiagrowthpartners.com,nokiagrowthpartners.com,VC/Investor
Betterfly,Joe Caruso,joe@betterfly.com,betterfly.com,Corporate/Other
Commercevc,Daniel Rosen,dan@commercevc.com,commercevc.com,VC/Investor
Canyoncreekcapital,Buck Jordan,buck.jordan@canyoncreekcapital.com,canyoncreekcapital.com,VC/Investor
Azurecap,Steve Gillan,steve.gillan@azurecap.com,azurecap.com,Corporate/Other
Altos,Anthony P. Lee,anthony@altos.vc,altos.vc,VC/Investor
Sharespost,Sven Weber,sweber@sharespost.com,sharespost.com,Corporate/Other
Doximity,Nate Gross,nate@doximity.com,doximity.com,Corporate/Other
Houstonangelnetwork.Org,Juliana Garaizar,jgaraizar@houstonangelnetwork.org,houstonangelnetwork.org,Corporate/Other
Tandemcap,Doug Renert,doug.renert@tandemcap.com,tandemcap.com,Corporate/Other
Surgeventures,Kirk Brand Coburn,kirk@surgeventures.com,surgeventures.com,VC/Investor
Prf.Org,Daniel J. Hasler,dhasler@prf.org,prf.org,Corporate/Other
Jsv,Gregory C. Gretsch,greg@jsv.com,jsv.com,Corporate/Other
Squareup,Gokul Rajaram,gokul@squareup.com,squareup.com,Corporate/Other
Bdmifund,Urs Cete,urs@bdmifund.com,bdmifund.com,VC/Investor
9Milelabs,Kevin Croy,kevin@9milelabs.com,9milelabs.com,Corporate/Other
Humwin,Mitchell Kertzman,mkertzman@humwin.com,humwin.com,Corporate/Other
Rbequity,Brian Hermelin,brianhermelin@rbequity.com,rbequity.com,VC/Investor
Safeguard,Jeffrey B. McGroarty,jmcgroarty@safeguard.com,safeguard.com,Corporate/Other
Matter,Corey Ford,corey@matter.vc,matter.vc,VC/Investor
Jumpcap,Sach Chitnis,sach@jumpcap.com,jumpcap.com,Corporate/Other
Industryventures,Justin Burden,justin@industryventures.com,industryventures.com,VC/Investor
Visionnaire,Susan Choe,susan@visionnaire.vc,visionnaire.vc,VC/Investor
Aitv,Patrick C. O'Neil,po@aitv.co,aitv.co,Corporate/Other
Softlayer,Kelley Hilborn,khilborn@softlayer.com,softlayer.com,Corporate/Other
Scrumventures,Tak Miyata,tak@scrumventures.co,scrumventures.co,VC/Investor
Primary,Russell Howard,russ@primary.vc,primary.vc,VC/Investor
Mach37,Dan Woolley,dan.woolley@mach37.com,mach37.com,Corporate/Other
Digitalsandboxkc,Jeff Shackelford,jshackelford@digitalsandboxkc.com,digitalsandboxkc.com,Corporate/Other
Aresmgmt,Michael R. McFerran,mmcferran@aresmgmt.com,aresmgmt.com,Corporate/Other
Uptechideas.Org,Jonathan Woodruff,jb@uptechideas.org,uptechideas.org,Corporate/Other
Tech,Frank Gruber,frank@tech.co,tech.co,Corporate/Other
Stage1Ventures,David William Baum,dwbaum@stage1ventures.com,stage1ventures.com,VC/Investor
Parallel18,Lucas Arzola,lucas@parallel18.com,parallel18.com,Corporate/Other
Mesaglobal,Andrew W. Montgomery,amontgomery@mesaglobal.com,mesaglobal.com,Corporate/Other
Fika,Tianxiang Zhuo,tx@fika.vc,fika.vc,VC/Investor
Fenwaysummer,Anna Canfield Roth,anna.canfieldroth@fenwaysummer.com,fenwaysummer.com,Corporate/Other
Drapernexus,Deepak Jagannathan,deepak@drapernexus.com,drapernexus.com,Corporate/Other
Jennison,Seth Ginns,sginns@jennison.com,jennison.com,Corporate/Other
Robinhoodventures,Ellen Weber,eweber@robinhoodventures.com,robinhoodventures.com,VC/Investor
Casillipartners,Gerald S. Casilli,jerry@casillipartners.com,casillipartners.com,VC/Investor
Paladincapgroup,Michael R. Steed,msteed@paladincapgroup.com,paladincapgroup.com,Corporate/Other
Opuscapital,Dan Avida,davida@opuscapital.com,opuscapital.com,VC/Investor
Muckercapital,Erik Rannala,erik@muckercapital.com,muckercapital.com,VC/Investor
Franciscopartners,Dipanjan Deb,deb@franciscopartners.com,franciscopartners.com,VC/Investor
Rhsmith.Umd.Edu,Elana Fine,efine@rhsmith.umd.edu,rhsmith.umd.edu,Corporate/Other
Boomtownboulder,Jose Vieitez,jose@boomtownboulder.com,boomtownboulder.com,Corporate/Other
Wedc.Org,Lora Klenke,lora.klenke@wedc.org,wedc.org,Corporate/Other
Icareerhelp,Brendan Joseph Swords,brendan.swords@icareerhelp.com,icareerhelp.com,Corporate/Other
Fprimecapital,Mary Bevelock Pendergast,mpendergast@fprimecapital.com,fprimecapital.com,VC/Investor
Flintcap,Dmitry Smirnov,ds@flintcap.com,flintcap.com,Corporate/Other
Clarkus,Robert J. Flanagan,robert.flanagan@clarkus.com,clarkus.com,Corporate/Other
Angelatlanta,Murray Goldman,murray.goldman@angelatlanta.com,angelatlanta.com,Corporate/Other
Route66Ventures,Dan Dall'Asta,ddallasta@route66ventures.com,route66ventures.com,VC/Investor
Mightytext.Net,Maneesh Arora,maneesh@mightytext.net,mightytext.net,Corporate/Other
Ideafundpartners,Matt Barber,mbarber@ideafundpartners.com,ideafundpartners.com,VC/Investor
Frostdatacapital,Luis Vasquez,luis@frostdatacapital.com,frostdatacapital.com,VC/Investor
Deepforkcapital,Timothy Komada,tim@deepforkcapital.com,deepforkcapital.com,VC/Investor
Contourventures,Robert Greene,bob@contourventures.com,contourventures.com,VC/Investor
Startuphealth,Steven H. Krein,steven@startuphealth.com,startuphealth.com,Corporate/Other
Snapstream,Rakesh Agrawal,ragrawal@snapstream.com,snapstream.com,Corporate/Other
Eightsleep,Matteo Franceschetti,matteo@eightsleep.com,eightsleep.com,Corporate/Other
Askwhale,Justin Nathaniel Kan,justin.kan@askwhale.com,askwhale.com,Corporate/Other
Investorscircle.Net,Bonny Moellenbrock,bmoellenbrock@investorscircle.net,investorscircle.net,VC/Investor
Peakventurecapital,Jeff Burningham,jeff@peakventurecapital.com,peakventurecapital.com,VC/Investor
Abven,Des Shiels,des.shiels@abven.com,abven.com,Corporate/Other
Blue.Xyz,JJ Kasper,jjkasper@blue.xyz,blue.xyz,Corporate/Other
Beringea.Uk,Stuart Michael Veale,sveale@beringea.co.uk,beringea.co.uk,Corporate/Other
Founderspledge,Andy McLoughlin,andy@founderspledge.com,founderspledge.com,Corporate/Other
Archgrants.Org,Tom McClure,tom.mcclure@archgrants.org,archgrants.org,Corporate/Other
Valorcapitalgroup,Scott Sobel,scott.sobel@valorcapitalgroup.com,valorcapitalgroup.com,VC/Investor
Thirdpoint,Daniel Seth Loeb,dloeb@thirdpoint.com,thirdpoint.com,Corporate/Other
Tallwavecapital,Nathan Mortensen,nathan.mortensen@tallwavecapital.com,tallwavecapital.com,VC/Investor
Starvestpartners,Deborah A. Farrington,deborah@starvestpartners.com,starvestpartners.com,VC/Investor
Pointjudithcapital,Sean Marsh,sean@pointjudithcapital.com,pointjudithcapital.com,VC/Investor
Ocaventures,James Dugan,jim@ocaventures.com,ocaventures.com,VC/Investor
Nmotion,Brian Ardinger,brian@nmotion.co,nmotion.co,Corporate/Other
Motorolasolutions,Gino A. Bonanotte,gino.bonanotte@motorolasolutions.com,motorolasolutions.com,Corporate/Other
Bebo,Michael Birch,michael@bebo.com,bebo.com,Corporate/Other
Htgc,Christian Follmann,cfollmann@htgc.com,htgc.com,Corporate/Other
Glideit.Org,Dennis Coco,dennis@glideit.org,glideit.org,Corporate/Other
Pioneersquarelabs,Geoff Entress,geoff@pioneersquarelabs.com,pioneersquarelabs.com,Corporate/Other
Generalatlantic,Jenny Farrelly,jfarrelly@generalatlantic.com,generalatlantic.com,Corporate/Other
Ftvcapital,Karen Derr Gilbert,kgilbert@ftvcapital.com,ftvcapital.com,VC/Investor
Fortify,Simon Rakoff,sr@fortify.vc,fortify.vc,VC/Investor
Flashpoint.Gatech.Edu,Merrick Furst,merrickfurst@flashpoint.gatech.edu,flashpoint.gatech.edu,Corporate/Other
Betaspring,Allan Tear,atear@betaspring.com,betaspring.com,Corporate/Other
Amicuscapital,Robert Zipp,zipp@amicuscapital.com,amicuscapital.com,VC/Investor
Amfam,Daniel Reed,dreed@amfam.com,amfam.com,Corporate/Other
Venture51,Ryan Swagar,ryan@venture51.com,venture51.com,Corporate/Other
Uluventures,Miriam Rivera,miriam@uluventures.com,uluventures.com,VC/Investor
Afkvr,Sumit Gupta,sumit.gupta@afkvr.com,afkvr.com,Corporate/Other
Scra.Org,Chris Van Metre,chris.vanmetre@scra.org,scra.org,Corporate/Other
Tracxn,Neha Singh,neha.singh@tracxn.com,tracxn.com,Corporate/Other
Thcap,Luis Gutierrez Roy,lgroy@thcap.com,thcap.com,Corporate/Other
Techoperators,Said Mohammadioun,said@techoperators.com,techoperators.com,Corporate/Other
Seedspot.Org,Courtney Klein,courtney@seedspot.org,seedspot.org,VC/Investor
Quotidian,Pedro Torres Picon,pedro@quotidian.co,quotidian.co,Corporate/Other
Middlelandcapital,Brian P. Mixer,bmixer@middlelandcapital.com,middlelandcapital.com,VC/Investor
Matchstickventures,Ryan Broshar,ryan@matchstickventures.com,matchstickventures.com,VC/Investor
M25Group,Victor Gutwein,victor.gutwein@m25group.com,m25group.com,Corporate/Other
Kineticventures,Sydney Shepherd,sshepherd@kineticventures.com,kineticventures.com,VC/Investor
Herohealth,Kal Vepuri,kal@herohealth.com,herohealth.com,Corporate/Other
Illuminate,Cynthia B. Padnos,cindy@illuminate.com,illuminate.com,Corporate/Other
Harmonyvp,Mark J. Lotke,mark@harmonyvp.com,harmonyvp.com,Corporate/Other
Higcapital,Valerio Forte,vforte@higcapital.com,higcapital.com,VC/Investor
Granitevc,Christopher M. McKay,cmckay@granitevc.com,granitevc.com,VC/Investor
Gsvadvisors,Deborah H. Quazzo,dquazzo@gsvadvisors.com,gsvadvisors.com,Corporate/Other
Coatue,Jason Ryan Schwartz,jschwartz@coatue.com,coatue.com,Corporate/Other
Getexponent,Charles Cheever,ccheever@getexponent.com,getexponent.com,Corporate/Other
Bodleygroup,Barry Albrecht,barry@bodleygroup.com,bodleygroup.com,Corporate/Other
Gpalearn,Mark Buffington,mark@gpalearn.com,gpalearn.com,Corporate/Other
Safegraph,Auren Hoffman,auren@safegraph.com,safegraph.com,Corporate/Other
Arthurventures,James B. Burgum,james@arthurventures.com,arthurventures.com,VC/Investor
37Angels,Angela Lee,angela@37angels.com,37angels.com,VC/Investor
Work-Bench,Jonathan Lehr,jon@work-bench.com,work-bench.com,Corporate/Other
Newspringcapital,Jonathan Schwartz,jschwartz@newspringcapital.com,newspringcapital.com,VC/Investor
Datventures,Matt Hurley,matt@datventures.com,datventures.com,VC/Investor
Catapultideas,Joshua Caleb Collins,josh@catapultideas.com,catapultideas.com,Corporate/Other
Benhamouglobalventures,Eric A. Benhamou,eric@benhamouglobalventures.com,benhamouglobalventures.com,VC/Investor
Globespancapital,David Poltack,dpoltack@globespancapital.com,globespancapital.com,VC/Investor
Fontinalis,Laura Petterle,laura.petterle@fontinalis.com,fontinalis.com,Corporate/Other
Disney,Kevin Mayer,kevin.mayer@disney.com,disney.com,Corporate/Other
Wdc,Mark P. Long,mark.long@wdc.com,wdc.com,Corporate/Other
Ttvcapital,Sean M. Banks,sbanks@ttvcapital.com,ttvcapital.com,VC/Investor
Sunstonepartners,Howard S. Zeprun,hzeprun@sunstonepartners.com,sunstonepartners.com,VC/Investor
Relativitymediallc,Court B. Coursey,court@relativitymediallc.com,relativitymediallc.com,Corporate/Other
Sandhilleast.Net,Josh Burwick,josh@sandhilleast.net,sandhilleast.net,Corporate/Other
Qca,John Habbert,jhabbert@qca.com,qca.com,Corporate/Other
Plymouthvc,Mark Horne,mhorne@plymouthvc.com,plymouthvc.com,VC/Investor
Redbooks,Paul Amar Sethi,paul.sethi@redbooks.com,redbooks.com,Corporate/Other
Missouritechnology,William Anderson,william.anderson@missouritechnology.com,missouritechnology.com,Corporate/Other
Zynga,Mark Pincus,markp@zynga.com,zynga.com,Corporate/Other
Birchmerevc,Ned Renzi,ned@birchmerevc.com,birchmerevc.com,VC/Investor
Acceleratorventures,Alexander Lloyd,alex@acceleratorventures.com,acceleratorventures.com,VC/Investor
Launchhouse,Stephanie Bartolone,stephanie@launchhouse.com,launchhouse.com,Corporate/Other
K1Capital,Neil Malik,nmalik@k1capital.com,k1capital.com,VC/Investor
Designerfund,Enrique Allen,enrique@designerfund.com,designerfund.com,VC/Investor
Vaizra,Ron Rofé,ron@vaizra.com,vaizra.com,Corporate/Other
Splitrock,Michael Gorman,michael@splitrock.com,splitrock.com,Corporate/Other
Risingtidefund,Joseph Kell,jkell@risingtidefund.com,risingtidefund.com,VC/Investor
Wilab,Akinori Koto,aki@wilab.com,wilab.com,Corporate/Other
Titanium,Alexander Aivazov,aa@titanium.vc,titanium.vc,VC/Investor
Thestartupfactory,Chris Heivly,chris@thestartupfactory.co,thestartupfactory.co,Corporate/Other
Themill,Sara Hill,sara@themill.vc,themill.vc,VC/Investor
Sgep,Amir Goldman,amir.goldman@sgep.com,sgep.com,Corporate/Other
Steelheadvc,George Arabian,george@steelheadvc.com,steelheadvc.com,VC/Investor
Groundworklabs,John Austin,john@groundworklabs.com,groundworklabs.com,Corporate/Other
Femalefoundersfund,Anuradha Duggal,anu@femalefoundersfund.com,femalefoundersfund.com,VC/Investor
Chattanoogarenaissancefund,Stephen A. Culp,sculp@chattanoogarenaissancefund.com,chattanoogarenaissancefund.com,VC/Investor
Learncore,Ryan Leavitt,ryan@learncore.com,learncore.com,Corporate/Other
Boulderventures,Kyle A. Lefkoff,kyle@boulderventures.com,boulderventures.com,VC/Investor
Qbvp,Anthony Saleh,anthony@qbvp.com,qbvp.com,Corporate/Other
Amasia,John Kim,jk@amasia.vc,amasia.vc,VC/Investor
1517Fund,Danielle Strachman,danielle@1517fund.com,1517fund.com,VC/Investor
Yale.Edu,Erika R. Smith,erika.smith@yale.edu,yale.edu,Corporate/Other
S3Vc,Brian R. Smith,brian@s3vc.com,s3vc.com,VC/Investor
Presidio-Ventures,Masood Pirzada,pirzada@presidio-ventures.com,presidio-ventures.com,VC/Investor
Oregonangelfund,Lynn Fletcher,lynn@oregonangelfund.com,oregonangelfund.com,VC/Investor
Novakbiddle,Joy E. Binford,joy@novakbiddle.com,novakbiddle.com,Corporate/Other
Newmarketsvp,Robb Doub,rdoub@newmarketsvp.com,newmarketsvp.com,Corporate/Other
Morgenthaler,Scott Walters,swalters@morgenthaler.com,morgenthaler.com,Corporate/Other
Militellocapital,William J. Militello,militello@militellocapital.com,militellocapital.com,VC/Investor
Longworth,Nilanjana Bhowmik,bhowmik@longworth.com,longworth.com,Corporate/Other
Ubs,Lance White,lance.white@ubs.com,ubs.com,Corporate/Other
Gusto,Joshua Reeves,joshua@gusto.com,gusto.com,Corporate/Other
Innerspacevr,Joe Greenstein,joe@innerspacevr.com,innerspacevr.com,Corporate/Other
Hackersandfounders,Jonathan Nelson,jonathan@hackersandfounders.com,hackersandfounders.com,Corporate/Other
Gsvfg,Larry L. Aschebrook,laschebrook@gsvfg.com,gsvfg.com,Corporate/Other
Genacast,Gil Beyda,gil@genacast.com,genacast.com,Corporate/Other
Aurea,Neeraj Gupta,neeraj.gupta@aurea.com,aurea.com,Corporate/Other
Nexient,Neeraj Gupta,ngupta@nexient.com,nexient.com,Corporate/Other
Bermanenterprises,Casey Berman,cberman@bermanenterprises.com,bermanenterprises.com,Corporate/Other
Madisonparkgrp,Mir Arif,marif@madisonparkgrp.com,madisonparkgrp.com,Corporate/Other
Ataventures,Hatch Graham,hgraham@ataventures.com,ataventures.com,VC/Investor
Angelinvestorforum,Edward Goodwin,edward_goodwin@angelinvestorforum.com,angelinvestorforum.com,VC/Investor
Tmc.Edu,Erik Halvorsen,ehalvorsen@tmc.edu,tmc.edu,Corporate/Other
Tdfventures,James Pastoriza,james.pastoriza@tdfventures.com,tdfventures.com,VC/Investor
Solidus,Townes Duncan,townes.duncan@solidus.com,solidus.com,Corporate/Other
Jfshea,Kevin Dunlap,kevin.dunlap@jfshea.com,jfshea.com,Corporate/Other
Rccf,Adrienne Vannarsdall,avannarsdall@rccf.com,rccf.com,Corporate/Other
Rho,Habib Kairouz,hkairouz@rho.com,rho.com,Corporate/Other
Prosperstl,Mary Jo Gorman,mgorman@prosperstl.com,prosperstl.com,Corporate/Other
Polskycenter,Robert Rosenberg,bob.rosenberg@polskycenter.com,polskycenter.com,Corporate/Other
Checkr,Pascal Levy-Garboua,pascal@checkr.com,checkr.com,Corporate/Other
Ofcap,Marc Weiss,marc.weiss@ofcap.com,ofcap.com,Corporate/Other
Clariturehealth,Devin Carty,devin@clariturehealth.com,clariturehealth.com,Corporate/Other
Lumiacapital,Martin Gedalin,martin@lumiacapital.com,lumiacapital.com,VC/Investor
Jsf,Eller Mallchok,eller@jsf.co,jsf.co,Corporate/Other
Truebill,Idris Mokhtarzada,idris@truebill.com,truebill.com,Corporate/Other
Crazyegg,Hiten Shah,hiten.shah@crazyegg.com,crazyegg.com,Corporate/Other
Joinffl,Mendel Chuang,mendel@joinffl.com,joinffl.com,Corporate/Other
Corigin,Ryan Freedman,rfreedman@corigin.com,corigin.com,Corporate/Other
Connetic.Ventures,Brad R. Zapp,zapp@connetic.ventures,connetic.ventures,VC/Investor
Brightstarwi.Org,Thomas M. Shannon,tshannon@brightstarwi.org,brightstarwi.org,Corporate/Other
Sagemount,Philip Yates,phil.yates@sagemount.com,sagemount.com,Corporate/Other
Ascentvp,Jason Molfetas,jmolfetas@ascentvp.com,ascentvp.com,Corporate/Other
Arsenalvp,Christopher Fountas,chris@arsenalvp.com,arsenalvp.com,Corporate/Other
Annarborusa.Org,Paul Krutko,paul@annarborusa.org,annarborusa.org,Corporate/Other
Wicklowcapital,Joshua Weiner,jweiner@wicklowcapital.com,wicklowcapital.com,VC/Investor
Wearableworld,Redg Snodgrass,redg@wearableworld.co,wearableworld.co,Corporate/Other
Tylt,Rami Rostami,rami.rostami@tylt.com,tylt.com,Corporate/Other
Arkchallenge.Org,Jeannette Balleza Collins,jeannette@arkchallenge.org,arkchallenge.org,Corporate/Other
Seedsumo,Bryan Bulte,bryan@seedsumo.com,seedsumo.com,VC/Investor
Thinkplus,Safa Rashtchy,safa@thinkplus.vc,thinkplus.vc,VC/Investor
Indeed,Rony Kahan,rony@indeed.com,indeed.com,Corporate/Other
Majority,Robert Emrich,rob@majority.co,majority.co,Corporate/Other
Pinnacleventures,Arun Ramamoorthy,aramamoorthy@pinnacleventures.com,pinnacleventures.com,VC/Investor
Owlspark,Kerri Smith,kerri@owlspark.com,owlspark.com,Corporate/Other
Nextworldcap,Craig Hanson,chanson@nextworldcap.com,nextworldcap.com,Corporate/Other
Newgencap,Homan Yuen,homan@newgencap.com,newgencap.com,Corporate/Other
Newmediaventures.Org,Christie George,cgeorge@newmediaventures.org,newmediaventures.org,VC/Investor
Mathventurepartners,Samara Mejia Hernandez,samara.hernandez@mathventurepartners.com,mathventurepartners.com,VC/Investor
Liveoakvp,Venu Shamapant,venu@liveoakvp.com,liveoakvp.com,Corporate/Other
Liveauctioneers,Jason R Finger,jason.finger@liveauctioneers.com,liveauctioneers.com,Corporate/Other
Grayhawkcapital.Us,Sherman I. Chu,schu@grayhawkcapital.us,grayhawkcapital.us,VC/Investor
Broadwayvideo,David Birnbaum,dbirnbaum@broadwayvideo.com,broadwayvideo.com,Corporate/Other
Honest,Brian S. Lee,brian@honest.com,honest.com,Corporate/Other
Bizdom,Ashley Milgram,ashleymilgram@bizdom.com,bizdom.com,Corporate/Other
Arabangel,Kyle Hendrick,kyle@arabangel.vc,arabangel.vc,VC/Investor
Volitioncapital,Andrew Flaster,andy@volitioncapital.com,volitioncapital.com,VC/Investor
Tvccapital,Jeb S. Spencer,jspencer@tvccapital.com,tvccapital.com,VC/Investor
Colcap,Benjamin Lewis,benjamin.lewis@colcap.com,colcap.com,Corporate/Other
Canvas,Ching Wu,ching@canvas.vc,canvas.vc,VC/Investor
Byucougarcapital.Org,Mark K. Broadbent,broadbent.mark@byucougarcapital.org,byucougarcapital.org,VC/Investor
Cambriagroup,Paul L. Davies,davies@cambriagroup.com,cambriagroup.com,Corporate/Other
Sxsw,Scott Wilcox,scott@sxsw.com,sxsw.com,Corporate/Other
Neverstop,Eric Mathews,eric@neverstop.co,neverstop.co,Corporate/Other
Sparkland-Capital,Jing Sun,jing.sun@sparkland-capital.com,sparkland-capital.com,VC/Investor
Seriouschange.Org.Uk,Joshua Mailman,joshua.mailman@seriouschange.org.uk,seriouschange.org.uk,Corporate/Other
Sente-Advisory,Serhat Cicekoglu,serhat.cicekoglu@sente-advisory.com,sente-advisory.com,Corporate/Other
Rockportcap,Suzie Morano,smorano@rockportcap.com,rockportcap.com,Corporate/Other
Redwoodpartners,Kailah Matyas,kmatyas@redwoodpartners.com,redwoodpartners.com,VC/Investor
Randcapital,Daniel P. Penberthy,dpenberthy@randcapital.com,randcapital.com,VC/Investor
Originate,Russ Logan,russ.logan@originate.com,originate.com,Corporate/Other
Navitascap,Travis Putnam,travis@navitascap.com,navitascap.com,Corporate/Other
Mkcapital,Bret R. Maxwell,bmaxwell@mkcapital.com,mkcapital.com,VC/Investor
Mithril,Crystal McKellar,crystal@mithril.com,mithril.com,Corporate/Other
Milestonevp,Todd T. Pietri,ttp@milestonevp.com,milestonevp.com,Corporate/Other
Kginvest.Net,Allan Kaplan,allan@kginvest.net,kginvest.net,VC/Investor
Jfenetwork,Jenny Belotserkovsky,jenny@jfenetwork.com,jfenetwork.com,Corporate/Other
Intersouth,Mitchell Mumma,mm@intersouth.com,intersouth.com,Corporate/Other
Highway1.Io,Brady Forrest,brady@highway1.io,highway1.io,Corporate/Other
Frontiervc,David Cremin,david@frontiervc.com,frontiervc.com,VC/Investor
Fintech.Io,Brooks Gibbins,brooks@fintech.io,fintech.io,Corporate/Other
Canopyboulder,Patrick Rea,patrick@canopyboulder.com,canopyboulder.com,Corporate/Other
Better,Rick Moss,rick@better.vc,better.vc,VC/Investor
Baylor.Edu,David Reid,david_reid@baylor.edu,baylor.edu,Corporate/Other
Astia.Org,Sharon Vosmek,sharon@astia.org,astia.org,Corporate/Other
Bonobos,Andrew Dunn,andy@bonobos.com,bonobos.com,Corporate/Other
Activantcapital,Steven R. Sarracino,steve@activantcapital.com,activantcapital.com,VC/Investor
Accion.Org,Livingston Parsons,lparsons@accion.org,accion.org,Corporate/Other
Ylventures,John G. Quigley,john@ylventures.com,ylventures.com,VC/Investor
Universityventures,Ryan Craig,ryan@universityventures.com,universityventures.com,VC/Investor
Ttcp,David A. York,dyork@ttcp.com,ttcp.com,Corporate/Other
Bidr,Patrick Bryant,patrick@bidr.co,bidr.co,Corporate/Other
Bunkerincubator,Todd Connor,todd@bunkerincubator.com,bunkerincubator.com,Corporate/Other
Appboy,Mark Ghermezian,mark.ghermezian@appboy.com,appboy.com,Corporate/Other
Siliconvalleygrowth,Lee W. McNutt,mcnutt@siliconvalleygrowth.com,siliconvalleygrowth.com,VC/Investor
Spv,Phil Williams,phil@spv.com,spv.com,Corporate/Other
Senahill,Justin A. Brownhill,justin@senahill.com,senahill.com,Corporate/Other
Sandscap,Michael P. Rubin,mrubin@sandscap.com,sandscap.com,Corporate/Other
Rocketspace,Karl Knight,kknight@rocketspace.com,rocketspace.com,Corporate/Other
Gaingelssyndicate,Paul Grossinger,pgrossinger@gaingelssyndicate.com,gaingelssyndicate.com,Corporate/Other
Ncidea.Org,David P. Rizzo,drizzo@ncidea.org,ncidea.org,Corporate/Other
Monetaventures,Sabya Das,sdas@monetaventures.com,monetaventures.com,VC/Investor
Marcbell,Marc H. Bell,mbell@marcbell.com,marcbell.com,Corporate/Other
Kephapartners,Eric Hjerpe,ehjerpe@kephapartners.com,kephapartners.com,VC/Investor
Kaynecapital,Daniel Weingeist,dweingeist@kaynecapital.com,kaynecapital.com,VC/Investor
Goldcrest,Adam Ross,aross@goldcrest.co,goldcrest.co,Corporate/Other
Cueball,John Hamel,jhamel@cueball.com,cueball.com,Corporate/Other
Bdscapital.Net,Brian Rubenstein,brian@bdscapital.net,bdscapital.net,VC/Investor
Alpinemeridian,William J. Benedict,bbenedict@alpinemeridian.com,alpinemeridian.com,Corporate/Other
Flatiron,Zachary Weinberg,zach@flatiron.com,flatiron.com,Corporate/Other
Seedcp,Adam Petrie,adam@seedcp.com,seedcp.com,VC/Investor
Bcg,Vikas Taneja,vikas.taneja@bcg.com,bcg.com,Corporate/Other
1011Vc,Alex Doll,ad@1011vc.com,1011vc.com,VC/Investor
Stratimcapital,Zachary Abrams,zabrams@stratimcapital.com,stratimcapital.com,VC/Investor
Stanfordaande,Radhika Shah,rshah@stanfordaande.com,stanfordaande.com,Corporate/Other
Hellotech,Richard Wolpert,richard@hellotech.com,hellotech.com,Corporate/Other
Redseaventures,Scott Birnbaum,scott@redseaventures.com,redseaventures.com,VC/Investor
Questm,Timothy L. Krongard,tkrongard@questm.com,questm.com,Corporate/Other
Nashvillecapital,Chase Perry,cperry@nashvillecapital.com,nashvillecapital.com,VC/Investor
Innovium,Rajiv Khemani,rajiv@innovium.com,innovium.com,Corporate/Other
Maverickcap,David B. Singer,david.singer@maverickcap.com,maverickcap.com,Corporate/Other
Lighthouselabsrva,Todd Nuckols,todd.nuckols@lighthouselabsrva.com,lighthouselabsrva.com,Corporate/Other
Levelequity,Charles Chen,cchen@levelequity.com,levelequity.com,VC/Investor
Launchpdh,Fred Toney,fred@launchpdh.com,launchpdh.com,Corporate/Other
Jumpstartinc.Org,Jessica Ice,jessica.ice@jumpstartinc.org,jumpstartinc.org,Corporate/Other
I2Bf,Michael Lousteau,mlousteau@i2bf.com,i2bf.com,Corporate/Other
Cyberflowanalytics,Hossein Eslambolchi,hossein@cyberflowanalytics.com,cyberflowanalytics.com,Corporate/Other
Escalatecapital,Tony Schell,tony@escalatecapital.com,escalatecapital.com,VC/Investor
Curiousminds,David Gonen,dgonen@curiousminds.com,curiousminds.com,Corporate/Other
Codeforamerica.Org,Jennifer Pahlka,jennifer@codeforamerica.org,codeforamerica.org,Corporate/Other
Cedarfund,Yuval Ron-Ruhama,yuval@cedarfund.com,cedarfund.com,VC/Investor
Borealisventures,Jesse Devitte,jdevitte@borealisventures.com,borealisventures.com,VC/Investor
Barodaventures,Peter Lee,peter@barodaventures.com,barodaventures.com,VC/Investor
Wcapgroup,David S. Wachter,dwachter@wcapgroup.com,wcapgroup.com,Corporate/Other
Ultralightstartups,Graham Lawlor,graham@ultralightstartups.com,ultralightstartups.com,Corporate/Other
Travelstartups,Matt Zito,matt@travelstartups.co,travelstartups.co,Corporate/Other
Tjnscapital,Steven Goldman,sgoldman@tjnscapital.com,tjnscapital.com,VC/Investor
Xiostorage,William D. Miller,billm@xiostorage.com,xiostorage.com,Corporate/Other
Nycif.Org,Anthony Giugliano,agiugliano@nycif.org,nycif.org,Corporate/Other
Nxtventures,Raymond N. Chang,raymond@nxtventures.com,nxtventures.com,VC/Investor
Paypal,Karen Landry,klandry@paypal.com,paypal.com,Corporate/Other
Stadiaventures,Art Chou,achou@stadiaventures.com,stadiaventures.com,VC/Investor
Rtp,Kirill Sheynkman,sheynkman@rtp.vc,rtp.vc,VC/Investor
Riverparkfunds,Andrew Appelbaum,aappelbaum@riverparkfunds.com,riverparkfunds.com,VC/Investor
Nvca.Org,Ray Rothrock,rrothrock@nvca.org,nvca.org,VC/Investor
Missionog,Kevin Leonard,kleonard@missionog.com,missionog.com,Corporate/Other
Lakewestinc,Jonathan W. McCulloch,jmcculloch@lakewestinc.com,lakewestinc.com,Corporate/Other
Knollventures,Andrew Dorman,andrew@knollventures.com,knollventures.com,VC/Investor
Kernelcapital.Net,Mark Glukhovsky,mark@kernelcapital.net,kernelcapital.net,VC/Investor
Zulaapp,Jeffery Pulver,jeff@zulaapp.com,zulaapp.com,Corporate/Other
Acecap,Hank Vigil,hank@acecap.com,acecap.com,Corporate/Other
Hamiltonlane,Randy M. Stilman,rstilman@hamiltonlane.com,hamiltonlane.com,Corporate/Other
Fulcrumep,Philip Lewis,pl@fulcrumep.com,fulcrumep.com,Corporate/Other
Fledge,Michael Libes,michael.libes@fledge.co,fledge.co,Corporate/Other
Enertechcapital,Wally Hunter,whunter@enertechcapital.com,enertechcapital.com,VC/Investor
Eipfund,Shreyas Slater Chityala,sschityala@eipfund.com,eipfund.com,VC/Investor
Cligrp,Xin Chen,xin.chen@cligrp.com,cligrp.com,Corporate/Other
Capitalone,David Woo,david.woo@capitalone.com,capitalone.com,VC/Investor
Ripple,Brad Garlinghouse,brad@ripple.com,ripple.com,Corporate/Other
Bluetreecapital,Catherine V. Mott,mottcv@bluetreecapital.com,bluetreecapital.com,VC/Investor
Polytechecosystem,Alexander Fries,afries@polytechecosystem.vc,polytechecosystem.vc,VC/Investor
Corsaventures,Brian Grigsby,brian@corsaventures.com,corsaventures.com,VC/Investor
Reitlerlaw,Edward G. Reitler,ereitler@reitlerlaw.com,reitlerlaw.com,Corporate/Other
Agpmiami,Nicolas Berardi,nico@agpmiami.com,agpmiami.com,Corporate/Other
Ablschools,Adam Pisoni,adam.pisoni@ablschools.com,ablschools.com,Corporate/Other
43North.Org,Daniel Greene,dan@43north.org,43north.org,Corporate/Other
Valuestreamlabs,Josh Elwell,josh.elwell@valuestreamlabs.com,valuestreamlabs.com,Corporate/Other
Angelcapitalgr,Joshua C. Rowland,josh@angelcapitalgr.com,angelcapitalgr.com,VC/Investor
Sovereignscapital,Henry R. Kaestner,hkaestner@sovereignscapital.com,sovereignscapital.com,VC/Investor
Dispatch.Me,Alex L. Beletsky,alex@dispatch.me,dispatch.me,Corporate/Other
Secondalpha,Richard J. Brekka,rbrekka@secondalpha.com,secondalpha.com,Corporate/Other
Rseventures,Matthew Higgins,mhiggins@rseventures.com,rseventures.com,VC/Investor
Royalstreet,Laura Brady,laura@royalstreet.vc,royalstreet.vc,VC/Investor
Root,Avidan Ross,avidan@root.vc,root.vc,VC/Investor
Roguevp,Tom Sperry,tom@roguevp.com,roguevp.com,Corporate/Other
Trygigster,Roger Dickey,roger@trygigster.com,trygigster.com,Corporate/Other
Zillowgroup,Richard N. Barton,rbarton@zillowgroup.com,zillowgroup.com,Corporate/Other
Resonantvc,Michael Godwin,michael@resonantvc.com,resonantvc.com,VC/Investor
Qualcomm,Paul E. Jacobs,pjacobs@qualcomm.com,qualcomm.com,Corporate/Other
Palmventures,Jason Woody,jwoody@palmventures.com,palmventures.com,VC/Investor
Osagepartners,Marc A. Singer,msinger@osagepartners.com,osagepartners.com,VC/Investor
Orfinventures,Adam Finkel,adam@orfinventures.com,orfinventures.com,VC/Investor
Nayaventures,Dayakar Puskoor,dayakar@nayaventures.com,nayaventures.com,VC/Investor
Mtvlp,Jonathan Glass,glass@mtvlp.com,mtvlp.com,Corporate/Other
Merck,Joel Krikston,joel.krikston@merck.com,merck.com,Corporate/Other
Medinacapital,Nelson Fonseca,nfonseca@medinacapital.com,medinacapital.com,VC/Investor
Mass-Ventures,Walter M. Bird,jbird@mass-ventures.com,mass-ventures.com,VC/Investor
Hubangels,David Verrill,david@hubangels.com,hubangels.com,VC/Investor
Houstontech.Org,Paul M. Frison,pfrison@houstontech.org,houstontech.org,Corporate/Other
Openai,Greg Brockman,greg.brockman@openai.com,openai.com,Corporate/Other
Inovia,Geoff Judge,gjudge@inovia.vc,inovia.vc,VC/Investor
Lotusleafcoatings,Lawrence Chavez,lawrence@lotusleafcoatings.com,lotusleafcoatings.com,Corporate/Other
Florida-Institute,Alison Tanner,alison.tanner@florida-institute.com,florida-institute.com,Corporate/Other
Karlani,Michele Rapino,michele.rapino@karlani.com,karlani.com,Corporate/Other
Rightventures,Jonathan Siegel,jonathan.siegel@rightventures.com,rightventures.com,VC/Investor
Pichtr.Org,Dawn Lippert,dawn.lippert@pichtr.org,pichtr.org,Corporate/Other
Demo,Erick Schonfeld,producer@demo.com,demo.com,Corporate/Other
Mylestoned,Dave Balter,dave@mylestoned.com,mylestoned.com,Corporate/Other
Xacp,Brian Adamsky,badamsky@xacp.com,xacp.com,Corporate/Other
Coventure,Ali Hamed,ali@coventure.vc,coventure.vc,VC/Investor
Bluepointeventures,Sandeep Sardana,sandeep@bluepointeventures.com,bluepointeventures.com,VC/Investor
Timark.Net,Frank J. Marshall,frank@timark.net,timark.net,Corporate/Other
Moonexpress,Barney Pell,barney@moonexpress.com,moonexpress.com,Corporate/Other
Artiman,Ajit Singh,ajit.singh@artiman.com,artiman.com,Corporate/Other
Textmarks,Ariel Poler,apoler@textmarks.com,textmarks.com,Corporate/Other
Altpointventures,Anton Pertsel,anton.pertsel@altpointventures.com,altpointventures.com,VC/Investor
Allmobilefund,Adriaan Ligtenberg,adriaan@allmobilefund.com,allmobilefund.com,VC/Investor
Campaignmonitor,Alex Bard,alex@campaignmonitor.com,campaignmonitor.com,Corporate/Other
Getnectar,Aayush Phumbhra,aayush@getnectar.com,getnectar.com,Corporate/Other
Wrfcapital,Loretta L. Little,loretta@wrfcapital.com,wrfcapital.com,VC/Investor
Thevrfund,Marco DeMiroz,marco@thevrfund.com,thevrfund.com,VC/Investor
Thevalleyfund,Alex Gould,alex@thevalleyfund.com,thevalleyfund.com,VC/Investor
Techsquareventures,Blake Patton,blake@techsquareventures.com,techsquareventures.com,VC/Investor
Windcrestpartners,William FitzGerald,wfitzgerald@windcrestpartners.com,windcrestpartners.com,VC/Investor
Vslp,Dave Crowder,dcrowder@vslp.com,vslp.com,Corporate/Other
Vocappartners,Wendy Coya,wendy.coya@vocappartners.com,vocappartners.com,VC/Investor
Ups,Rimas Kapeskas,rkapeskas@ups.com,ups.com,Corporate/Other
Successionequitypartners,David Audibert,daudibert@successionequitypartners.com,successionequitypartners.com,VC/Investor
Struckcapital,Adam B. Struck,adam@struckcapital.com,struckcapital.com,VC/Investor
Steamboatvc,Liping Fan,liping.fan@steamboatvc.com,steamboatvc.com,VC/Investor
Springlep,Robert Forlenza,bob@springlep.com,springlep.com,Corporate/Other
Instalend,Sohin Shah,sohin.shah@instalend.com,instalend.com,Corporate/Other
Djz,Seth Goldstein,seth@djz.com,djz.com,Corporate/Other
Selectvp,Michael R. Pratt,mrpratt@selectvp.com,selectvp.com,Corporate/Other
Sandboxindustries,Vanessa Rollings,vanessa@sandboxindustries.com,sandboxindustries.com,Corporate/Other
Shoprunner,Sam Yagan,syagan@shoprunner.com,shoprunner.com,Corporate/Other
Rosecliffcapital,Michael P. Murphy,mmurphy@rosecliffcapital.com,rosecliffcapital.com,VC/Investor
Transmitsecurity,Rakesh K. Loonkar,rakesh@transmitsecurity.com,transmitsecurity.com,Corporate/Other
Pointbcap,Hans Lundin,hlundin@pointbcap.com,pointbcap.com,Corporate/Other
Sunrise.Im,Pierre Valade,pierre@sunrise.im,sunrise.im,Corporate/Other
Pfgrowth,Jason Georgatos,jason@pfgrowth.com,pfgrowth.com,VC/Investor
Newdoventure,Jingyuan Wang,sam.wang@newdoventure.com,newdoventure.com,Corporate/Other
Iowastartupaccelerator,Jessalyn Holdcraft,jessalyn@iowastartupaccelerator.com,iowastartupaccelerator.com,Corporate/Other
Nextlab.Org,Jhonatan Rotberg,jrotberg@nextlab.org,nextlab.org,Corporate/Other
Cybereason,Mike Volpe,mike.volpe@cybereason.com,cybereason.com,Corporate/Other
Metaprop.Org,Aaron Block,aaron.block@metaprop.org,metaprop.org,Corporate/Other
Meshing.It,Lisa Annette Gansky,lisa.gansky@meshing.it,meshing.it,Corporate/Other
Braitman,Lawrence Braitman,larry@braitman.co,braitman.co,Corporate/Other
Getbread,Josh Abramowitz,josh@getbread.com,getbread.com,Corporate/Other
Innovamemphis,Ken Woody,kwoody@innovamemphis.com,innovamemphis.com,Corporate/Other
Ideafoundry.Org,Nehal Bhojak,nbhojak@ideafoundry.org,ideafoundry.org,Corporate/Other
Credibilitycapital,Andrew Lerner,alerner@credibilitycapital.com,credibilitycapital.com,VC/Investor
Oaktreecapital,Howard Stanley Marks,hmarks@oaktreecapital.com,oaktreecapital.com,VC/Investor
Venturelab.Gatech.Edu,Keith McGreggor,keith.mcgreggor@venturelab.gatech.edu,venturelab.gatech.edu,Corporate/Other
Geodesiccap,Ashvin Bachireddy,ashvin@geodesiccap.com,geodesiccap.com,Corporate/Other
Fmcap,Chase Fraser,chase@fmcap.com,fmcap.com,Corporate/Other
Forteventures,Thomas Hawkins,tom@forteventures.com,forteventures.com,VC/Investor
Flight,Shawn Merani,shawn@flight.vc,flight.vc,VC/Investor
Firstanalysis,Oliver Nicklin,onicklin@firstanalysis.com,firstanalysis.com,Corporate/Other
Radius,Darian Shirazi,darian@radius.com,radius.com,Corporate/Other
Commonwealthvc,Elliot M. Katzman,elliot@commonwealthvc.com,commonwealthvc.com,VC/Investor
Cmegroup,Brandon Gath,brandon.gath@cmegroup.com,cmegroup.com,Corporate/Other
Hamilton-Ventures,James M. Hamilton,jamie@hamilton-ventures.com,hamilton-ventures.com,VC/Investor
Visiblemeasures,Brian Shin,bshin@visiblemeasures.com,visiblemeasures.com,Corporate/Other
Bootstrapincubation,Brandy Bullen,brandy.bullen@bootstrapincubation.com,bootstrapincubation.com,Corporate/Other
Slu.Edu,Jerome Katz,katzja@slu.edu,slu.edu,Corporate/Other
Arnoldventuregroup,Cole M. Younger,cyounger@arnoldventuregroup.com,arnoldventuregroup.com,Corporate/Other
Aristosventures,Felipe Mendoza,fmendoza@aristosventures.com,aristosventures.com,VC/Investor
Getdropbox,Andrew Houston,drew@getdropbox.com,getdropbox.com,Corporate/Other
Knotel,Amol Sarva,amol@knotel.com,knotel.com,Corporate/Other
Articulate,Adam Schwartz,aschwartz@articulate.com,articulate.com,Corporate/Other
10Xvp,John Gargasz,jgargasz@10xvp.com,10xvp.com,Corporate/Other
Yearlingfund,Ross E. Jordan,rjordan@yearlingfund.com,yearlingfund.com,VC/Investor
Worldquantventures,Steven Lau,steve.lau@worldquantventures.com,worldquantventures.com,VC/Investor
Westcapadv,Mark R. Richey,mark@westcapadv.com,westcapadv.com,Corporate/Other
Partners1993,Val Babajov,val@partners1993.com,partners1993.com,VC/Investor
Milliwaysventures,Venkatesh Harinarayan,venky@milliwaysventures.com,milliwaysventures.com,VC/Investor
Usf,William Poole,will@usf.vc,usf.vc,VC/Investor
Twosigma,John Albert Overdeck,john.overdeck@twosigma.com,twosigma.com,Corporate/Other
Technicolor,Christian Gammill,gammill@technicolor.vc,technicolor.vc,VC/Investor
Svb,Michael R. Descheneaux,mdescheneaux@svb.com,svb.com,Corporate/Other
Tinyco,Suleman Ali,suli@tinyco.com,tinyco.com,Corporate/Other
Moxtra,Subrah S. Iyar,subrah@moxtra.com,moxtra.com,Corporate/Other
Stonepointeinvest,Howard A. Kosick,howard@stonepointeinvest.com,stonepointeinvest.com,VC/Investor
Startlabs,Nebojsa Lazic,nebojsa.lazic@startlabs.co,startlabs.co,Corporate/Other
Starpowerllc,Jared Weiss,jared@starpowerllc.com,starpowerllc.com,Corporate/Other
Signalfire,Chris Farmer,chris@signalfire.com,signalfire.com,Corporate/Other
Samsungnext,Emily Becher,emily.becher@samsungnext.com,samsungnext.com,Corporate/Other
Mercato,Robert Brannigan,bobby@mercato.com,mercato.com,Corporate/Other
Purvicapital,Ravi Srivastava,rs@purvicapital.com,purvicapital.com,VC/Investor
Machinerylink,Ronald T. LeMay,rlemay@machinerylink.com,machinerylink.com,Corporate/Other
Broadbandcapital,Jason Eiswerth,jeiswerth@broadbandcapital.com,broadbandcapital.com,VC/Investor
Nextlawlabs,Dan Jansen,dan.jansen@nextlawlabs.com,nextlawlabs.com,Corporate/Other
Newme.In,Angela Benton,ab@newme.in,newme.in,Corporate/Other
Newworldangels,Rhys L. Williams,rhyswilliams@newworldangels.com,newworldangels.com,VC/Investor
Masscec,Tibor K. Toth,ttoth@masscec.com,masscec.com,Corporate/Other
Libertycityventures,Dorothy Jean Chang,dorothy@libertycityventures.com,libertycityventures.com,VC/Investor
Ktechcapital,Joe Klunk,jklunk@ktechcapital.com,ktechcapital.com,VC/Investor
Knoxec,Emily Skaar,emily@knoxec.com,knoxec.com,Corporate/Other
Kiwitech,Rakesh Gupta,rakesh.gupta@kiwitech.com,kiwitech.com,Corporate/Other
Foundation.Bz,Kevin Rose,kevin.rose@foundation.bz,foundation.bz,Corporate/Other
Deliverlean,Tate Garrett,tate.garrett@deliverlean.com,deliverlean.com,Corporate/Other
Sinovationventures,Kai Huang,kai@sinovationventures.com,sinovationventures.com,VC/Investor
Iselectfund,Craig M. Herron,cherron@iselectfund.com,iselectfund.com,VC/Investor
Iseedvc,Adam Lin,alin@iseedvc.com,iseedvc.com,VC/Investor
Springmillvp,Kenneth Green,kgreen@springmillvp.com,springmillvp.com,Corporate/Other
Illinoisventures,Nancy Sullivan,nsullivan@illinoisventures.com,illinoisventures.com,VC/Investor
Granitehill.Net,Kamil Hasan,kamil@granitehill.net,granitehill.net,Corporate/Other
Freshdesk,Girish Mathrubootham,girishm@freshdesk.com,freshdesk.com,Corporate/Other
Michiganelab,Rick Bolander,rick.bolander@michiganelab.com,michiganelab.com,Corporate/Other
Doublerock,Suraj Kumar Rajwani,suraj@doublerock.com,doublerock.com,Corporate/Other
Demarestfilms,William D. Johnson,william@demarestfilms.com,demarestfilms.com,Corporate/Other
Darpa.Mil,Arati Prabhakar,arati.prabhakar@darpa.mil,darpa.mil,Corporate/Other
Project11,Bob Mason,bob@project11.com,project11.com,Corporate/Other
Pingboard,Bill Boebel,bb@pingboard.com,pingboard.com,Corporate/Other
Bigbasincapital,Phil K. Yoon,phil@bigbasincapital.com,bigbasincapital.com,VC/Investor
Cnp.Benfranklin.Org,Kathleen Matason,kdmatason@cnp.benfranklin.org,cnp.benfranklin.org,Corporate/Other
Arrowrootcapital,Matthew J. Safaii,matthew@arrowrootcapital.com,arrowrootcapital.com,VC/Investor
Corenetworkfund,Bob J. Savage,bob@corenetworkfund.com,corenetworkfund.com,VC/Investor
Cometlabs.Io,Malika Cantor,malika@cometlabs.io,cometlabs.io,Corporate/Other
Stack.Ai,Michael Wojcieszek,mike@stack.ai,stack.ai,Corporate/Other
Citris-Uc.Org,Patrick Scaglia,patrick.scaglia@citris-uc.org,citris-uc.org,Corporate/Other
Catalyzecu,Rebecca Komarek,rebecca@catalyzecu.com,catalyzecu.com,Corporate/Other
Cascadeangels,Julie Harrelson,julie@cascadeangels.com,cascadeangels.com,VC/Investor
Bryantstibel,Kobe Bryant,kobe@bryantstibel.com,bryantstibel.com,Corporate/Other
Bostonharborangels,Boris Batchvarov,boris@bostonharborangels.com,bostonharborangels.com,VC/Investor
Angelstreetcapital,Joseph V. Gallagher,jgallagher@angelstreetcapital.com,angelstreetcapital.com,VC/Investor
Buddytv,Andy Liu,andy@buddytv.com,buddytv.com,Corporate/Other
Fanzo.Me,Andrew C. Wright,andrew@fanzo.me,fanzo.me,Corporate/Other
Alerion.Ventures,Wiley Becker,wbecker@alerion.ventures,alerion.ventures,VC/Investor
Agorapartnerships.Org,Ben Powell,ben.powell@agorapartnerships.org,agorapartnerships.org,VC/Investor
Atvcapital,Adam Bruce,abruce@atvcapital.com,atvcapital.com,VC/Investor
Actua,R. Kirk Morgan,kirk@actua.com,actua.com,Corporate/Other
Actinicventures,John Alvino,jalvino@actinicventures.com,actinicventures.com,VC/Investor
Abscapital,Stephanie Carter,scarter@abscapital.com,abscapital.com,VC/Investor
Zebra,Jeff Schmitz,jschmitz@zebra.com,zebra.com,Corporate/Other
Xleratehealth,Jackie Willmot,jackie@xleratehealth.com,xleratehealth.com,Corporate/Other
Wolfpackventures,Wolf Bielas,wolf@wolfpackventures.com,wolfpackventures.com,VC/Investor
Westcott,Court Westcott,court.westcott@westcott.com,westcott.com,Corporate/Other
Valorep,Jonathan K. Shulkin,jshulkin@valorep.com,valorep.com,Corporate/Other
Cudcvf.Org,Margaret Tautz,peggy.tautz@cudcvf.org,cudcvf.org,Corporate/Other
Uniongrovevp,Greg Bohlen,g@uniongrovevp.com,uniongrovevp.com,Corporate/Other
Unifiedsocial,Tyler Willis,tyler@unifiedsocial.com,unifiedsocial.com,Corporate/Other
Turnrivercapital,Dominic Ang,dominic.ang@turnrivercapital.com,turnrivercapital.com,VC/Investor
Transamerica,Egbert Bierman,egbert.bierman@transamerica.com,transamerica.com,Corporate/Other
Slaterfund,Thorne Sparkman,thorne@slaterfund.com,slaterfund.com,VC/Investor
Silvercreekfund,Michael Segrest,michael.segrest@silvercreekfund.com,silvercreekfund.com,VC/Investor
3Kvc,Shana Fisher,shana@3kvc.com,3kvc.com,VC/Investor
Wayin,Scott McNealy,scott@wayin.com,wayin.com,Corporate/Other
Baincapitalventures,Salil Deshpande,sdeshpande@baincapitalventures.com,baincapitalventures.com,VC/Investor
Tef3,Jeffrey T. Webber,jeffrey.webber@tef3.com,tef3.com,Corporate/Other
Eos-Cap,Ani Rouskova,arouskova@eos-cap.com,eos-cap.com,Corporate/Other
Argentumgroup,Daniel Raynor,draynor@argentumgroup.com,argentumgroup.com,Corporate/Other
Tenforeholdings,Dan Levine,dan@tenforeholdings.com,tenforeholdings.com,Corporate/Other
Th-Vp,Nadav Eylath,nadav@th-vp.com,th-vp.com,Corporate/Other
Mit.Edu,Trond Undheim,tundheim@mit.edu,mit.edu,Corporate/Other
Round.Glass,Gurpreet Singh,gurpreet.singh@round.glass,round.glass,Corporate/Other
Rbangels,Meghan Cross,meghan@rbangels.com,rbangels.com,VC/Investor
Quantumwavefund,Petr Lukyanov,pl@quantumwavefund.com,quantumwavefund.com,VC/Investor
Mashable,Pete Cashmore,pete@mashable.com,mashable.com,Corporate/Other
Ore,Andrew Goletka,andrew@ore.vc,ore.vc,VC/Investor
Okapivc,Sharon Stevenson,stevenson@okapivc.com,okapivc.com,VC/Investor
Oakhcft,Ravinder Singh,ravinder@oakhcft.com,oakhcft.com,Corporate/Other
Northcoastvc,Hugo Braun,hugo@northcoastvc.com,northcoastvc.com,VC/Investor
Newcoastventures,Alex Ross,aross@newcoastventures.com,newcoastventures.com,VC/Investor
Inmobi,Naveen Tewari,naveen.tiwari@inmobi.com,inmobi.com,Corporate/Other
Mattcoffin.Net,Matt Coffin,matt@mattcoffin.net,mattcoffin.net,Corporate/Other
Personalcapital,Mark Goines,mark.goines@personalcapital.com,personalcapital.com,VC/Investor
Manosaccelerator,Edward Avila,edward@manosaccelerator.com,manosaccelerator.com,Corporate/Other
Macomb.Edu,James Jacobs,jacobsj@macomb.edu,macomb.edu,Corporate/Other
Machineshop,Michael Seversky,michael@machineshop.co,machineshop.co,Corporate/Other
Kpcbedge,Anjney Midha,amidha@kpcbedge.com,kpcbedge.com,Corporate/Other
Cloudcar,Konstantin Othmer,konstantin@cloudcar.com,cloudcar.com,Corporate/Other
Zip.In,Kishore Ganji,kishore@zip.in,zip.in,Corporate/Other
Kbsp,Joshua Engroff,jengroff@kbsp.vc,kbsp.vc,VC/Investor
Adelphic,Jennifer Lum,jennifer@adelphic.com,adelphic.com,Corporate/Other
Listen,Jeff Cantalupo,jeff@listen.co,listen.co,Corporate/Other
Convinceandconvert,Jay Baer,jay@convinceandconvert.com,convinceandconvert.com,Corporate/Other
Fundera,Jared Hecht,jared@fundera.com,fundera.com,VC/Investor
Hivefund,Nina Achadjian Kouyoumdjian,nina@hivefund.co,hivefund.co,VC/Investor
Hbs.Edu,Brian Kenny,bkenny@hbs.edu,hbs.edu,Corporate/Other
Russickgroup,L. David Russick,david.russick@russickgroup.com,russickgroup.com,Corporate/Other
Insaccel,Brian Hemesath,brian@insaccel.com,insaccel.com,Corporate/Other
Geltinc,Keith Wasserman,keith@geltinc.com,geltinc.com,Corporate/Other
Founderscirclecapital,Mike Jung,mike.jung@founderscirclecapital.com,founderscirclecapital.com,VC/Investor
Clearblade,Eric Simone,esimone@clearblade.com,clearblade.com,Corporate/Other
Elmspringchicago,Lisa Ballotti,lballotti@elmspringchicago.com,elmspringchicago.com,Corporate/Other
Ellis.Tv,Richard Fraim,rfraim@ellis.tv,ellis.tv,Corporate/Other
Dunnhumby,Kyle Fugere,kyle.fugere@dunnhumby.com,dunnhumby.com,Corporate/Other
Disruption,Fred Oliveira,fred@disruption.vc,disruption.vc,VC/Investor
Coolhouselabs,Jordan Breighner,jordan@coolhouselabs.com,coolhouselabs.com,Corporate/Other
Cofounderscapital,David Gardner,david@cofounderscapital.com,cofounderscapital.com,VC/Investor
Cloudappscapital,Matt Holleran,mholleran@cloudappscapital.com,cloudappscapital.com,VC/Investor
Chicostart,Wendy Porter,wendy@chicostart.com,chicostart.com,Corporate/Other
Cvf.Biz,Philip Proujansky,pproujansky@cvf.biz,cvf.biz,Corporate/Other
Catalyst,Ryan McNally,ryan@catalyst.com,catalyst.com,Corporate/Other
Capricornllc,Eric John Techel,eric@capricornllc.com,capricornllc.com,Corporate/Other
Capitalapartners,David Mendez,dmendez@capitalapartners.com,capitalapartners.com,VC/Investor
Brepettis,Bre Pettis,bre@brepettis.com,brepettis.com,Corporate/Other
Openvote,Bobby Goodlatte,bobby@openvote.com,openvote.com,Corporate/Other
Blossomstreetventures,Sammy Abdullah,sammy@blossomstreetventures.com,blossomstreetventures.com,VC/Investor
Blankslateventures,Lex Tarumianz,lex@blankslateventures.com,blankslateventures.com,VC/Investor
Bellinghamangelinvestors,J. Michael Newlight,jmn@bellinghamangelinvestors.com,bellinghamangelinvestors.com,VC/Investor
Arboretumvc,Marcy Marshall,mmarshall@arboretumvc.com,arboretumvc.com,VC/Investor
Amd,Harry A. Wolin,harry.wolin@amd.com,amd.com,Corporate/Other
Alma.Works,Mohamed Abedelmalik,mohamed.abedelmalik@alma.works,alma.works,Corporate/Other
7-11,Chris Harkness,chris@7-11.com,7-11.com,Corporate/Other
Netsuite,Zachary A. Nelson,znelson@netsuite.com,netsuite.com,Corporate/Other
Wisemontcapital,Jun Li,jun.li@wisemontcapital.com,wisemontcapital.com,VC/Investor
Goqii,Vishal A. Gondal,vishal.gondal@goqii.com,goqii.com,Corporate/Other
Vpvp,Harold Friedman,hfriedman@vpvp.com,vpvp.com,Corporate/Other
Tribecaangels,John McEvoy,john@tribecaangels.com,tribecaangels.com,VC/Investor
Triageventures,Doug Derwin,dderwin@triageventures.com,triageventures.com,VC/Investor
Windforceventures,Mario Montoya,mario@windforceventures.com,windforceventures.com,VC/Investor
Wilmingtoninvestor,Michael Cain,mgcain@wilmingtoninvestor.com,wilmingtoninvestor.com,VC/Investor
Westlakeventures.Net,Carl W. Treleaven,ctreleaven@westlakeventures.net,westlakeventures.net,VC/Investor
Jiwire,Kevin McKenzie,kmckenzie@jiwire.com,jiwire.com,Corporate/Other
Vision-Ridge,Reuben S. Munger,rmunger@vision-ridge.com,vision-ridge.com,Corporate/Other
Tresoroventures,Frank Martinez,frank.martinez@tresoroventures.com,tresoroventures.com,VC/Investor
Thewfund,Linden Rhoads,linden.rhoads@thewfund.com,thewfund.com,VC/Investor
Edumedics,Mark Crane,mcrane@edumedics.com,edumedics.com,Corporate/Other
Thejumpfund,Kristina Montague,kmontague@thejumpfund.com,thejumpfund.com,VC/Investor
Colab,Tia Capps,tia@colab.co,colab.co,Corporate/Other
Tellurideva,Jesse D. Johnson,jesse@tellurideva.com,tellurideva.com,Corporate/Other
Tcp,Christopher G. College,ccollege@tcp.vc,tcp.vc,VC/Investor
Svtechventures,PR Yu,pr.yu@svtechventures.com,svtechventures.com,VC/Investor
Parallelwireless,Steve Papa,steve@parallelwireless.com,parallelwireless.com,Corporate/Other
Stelac,Charles de Viel Castel,cvc@stelac.com,stelac.com,Corporate/Other
Skyviewcapital,Alex R. Soltani,asoltani@skyviewcapital.com,skyviewcapital.com,VC/Investor
Sinewaveventures,Christopher Gaughan,chris@sinewaveventures.com,sinewaveventures.com,VC/Investor
Seedequity,Todd Crosland,crosland@seedequity.com,seedequity.com,VC/Investor
Airtime,Sean Parker,sparker@airtime.com,airtime.com,Corporate/Other
Artsy.Net,Sandy Cass,sandy@artsy.net,artsy.net,Corporate/Other
Starthouston,Apurva Sanghavi,apurva@starthouston.com,starthouston.com,Corporate/Other
Sri,Stephen Ciesinski,stephen.ciesinski@sri.com,sri.com,Corporate/Other
Sthventures,Sebastian Ortega,sebastian@sthventures.com,sthventures.com,VC/Investor
Soundboardangelfund,Richard Magid,richard@soundboardangelfund.com,soundboardangelfund.com,VC/Investor
Firstrepublic,Samir Kaji,skaji@firstrepublic.com,firstrepublic.com,Corporate/Other
Saban,Philip Han,phan@saban.com,saban.com,Corporate/Other
Rmrcapital,Edward Pizzarello,ed@rmrcapital.com,rmrcapital.com,VC/Investor
Rittenhouseventures,Saul Richter,saul@rittenhouseventures.com,rittenhouseventures.com,VC/Investor
Ringleaderventures,Mike Bechtel,mike.bechtel@ringleaderventures.com,ringleaderventures.com,VC/Investor
Rezon8Capital,Paul Singh,psingh@rezon8capital.com,rezon8capital.com,VC/Investor
Reinmkr,Allison Weathers Leija,allison@reinmkr.com,reinmkr.com,Corporate/Other
P72,Matthew W. Granade,matthew.granade@p72.vc,p72.vc,VC/Investor
Pharuscapital,Brian S. O'Keefe,brian@pharuscapital.com,pharuscapital.com,VC/Investor
Palomarventures,Lisa Riedmiller,lriedmiller@palomarventures.com,palomarventures.com,VC/Investor
Outboundventures,Nael Rasamny,nael@outboundventures.com,outboundventures.com,VC/Investor
Newdominionangels,Frank Ball,frank@newdominionangels.com,newdominionangels.com,VC/Investor
Nctventures,Calvin Cooper,calvin.cooper@nctventures.com,nctventures.com,VC/Investor
Mosaikpartners,E. Miles Kilburn,miles@mosaikpartners.com,mosaikpartners.com,VC/Investor
Mosaixsoft,Simone Brunozzi,simone@mosaixsoft.com,mosaixsoft.com,Corporate/Other
Foundersden,Michael Levit,michael@foundersden.com,foundersden.com,Corporate/Other
Mparticle,Michael Katz,mkatz@mparticle.com,mparticle.com,Corporate/Other
Mayo.Edu,Clark C. Otley,otley.clark@mayo.edu,mayo.edu,Corporate/Other
Fon,Martin Varsavsky,martin.varsavsky@fon.com,fon.com,Corporate/Other
Lightspeedic,Monica Jan,monica@lightspeedic.com,lightspeedic.com,Corporate/Other
Sessionm,Lars Albright,lars@sessionm.com,sessionm.com,Corporate/Other
Northatlanticcapital,Haley Israelson,hisraelson@northatlanticcapital.com,northatlanticcapital.com,VC/Investor
Beautylish,Nils Johnson,nils@beautylish.com,beautylish.com,Corporate/Other
Berggruenholdings,Nicolas Berggruen,nb@berggruenholdings.com,berggruenholdings.com,Corporate/Other
Nextstagecapital,Terry Williams,terry@nextstagecapital.com,nextstagecapital.com,VC/Investor
Newburyven,Ossama R. Hassanein,ossama@newburyven.com,newburyven.com,Corporate/Other
Nlvpartners,Ron Hunt,ron@nlvpartners.com,nlvpartners.com,VC/Investor
Noodle,John S. Katzman,john.katzman@noodle.com,noodle.com,Corporate/Other
Getambassador,Jeffery Epstein,jeff@getambassador.com,getambassador.com,Corporate/Other
Trace3,Chad Cardenas,ccardenas@trace3.com,trace3.com,Corporate/Other
Innosphere.Org,Mike Freeman,mike@innosphere.org,innosphere.org,Corporate/Other
Sirionlabs,Indus Khaitan,indus.khaitan@sirionlabs.com,sirionlabs.com,Corporate/Other
Humanventures,Joe Marchese,joe@humanventures.co,humanventures.co,VC/Investor
Highbarpartners,John Kim,john@highbarpartners.com,highbarpartners.com,VC/Investor
Nodality,Kathleen LaPorte,kathleen.laporte@nodality.com,nodality.com,Corporate/Other
Griffissinstitute.Org,William Wolf,wwolf@griffissinstitute.org,griffissinstitute.org,Corporate/Other
Greenoakscap,Neil Mehta,mehta.neil@greenoakscap.com,greenoakscap.com,Corporate/Other
Goodworksventures,Dawn McGee,dawn.mcgee@goodworksventures.com,goodworksventures.com,VC/Investor
Sondermind,Mark Frank,mfrank@sondermind.com,sondermind.com,Corporate/Other
Globevestor,Raju Penumetcha Narasimha,raju@globevestor.com,globevestor.com,Corporate/Other
Scu-Social-Entrepreneurship.Org,Lala Faiz,lala.faiz@scu-social-entrepreneurship.org,scu-social-entrepreneurship.org,Corporate/Other
Focusventures,Ananth Rao,ananth@focusventures.com,focusventures.com,VC/Investor
Floridafunders,David D. Chitester,david.chitester@floridafunders.com,floridafunders.com,VC/Investor
Finamglobal,Victor Remsha,vremsha@finamglobal.com,finamglobal.com,Corporate/Other
Lookingglassplatform,Anjli Jain,anjli@lookingglassplatform.com,lookingglassplatform.com,Corporate/Other
Liftmetrix,Graham Gullans,graham@liftmetrix.com,liftmetrix.com,Corporate/Other
Edgeedtech,Don Burton,don@edgeedtech.com,edgeedtech.com,Corporate/Other
Dynamo,Santosh Sankar,santosh@dynamo.vc,dynamo.vc,VC/Investor
Getlymber,Doug Hecht,doug.hecht@getlymber.com,getlymber.com,Corporate/Other
Datapointventures,Glenn M. Champagne,gmc@datapointventures.com,datapointventures.com,VC/Investor
Data-Elite,Stamatios Venios,stamos@data-elite.com,data-elite.com,Corporate/Other
Csapartners,Chris Abele,chris@csapartners.com,csapartners.com,VC/Investor
Xroadscap,Rexford A. Darko,rexford@xroadscap.com,xroadscap.com,Corporate/Other
Chevron,Jennifer Taylor,jennifer.taylor@chevron.com,chevron.com,Corporate/Other
Vincomm.Net,Jim Jay,jim.jay@vincomm.net,vincomm.net,Corporate/Other
Telepharm,Roby Miller,roby@telepharm.com,telepharm.com,Corporate/Other
Bluffpt,Neil Q. Gabriele,nqg@bluffpt.com,bluffpt.com,Corporate/Other
Bleucap,Vincent Diallo,vincent@bleucap.com,bleucap.com,Corporate/Other
Warnerresearch,Bill Warner,bill@warnerresearch.com,warnerresearch.com,Corporate/Other
Benaroya,David M. Vranizan,davidvranizan@benaroya.com,benaroya.com,Corporate/Other
Bassetinvestmentgroup,Ryan Darnell,ryan@bassetinvestmentgroup.com,bassetinvestmentgroup.com,VC/Investor
Backstagecapital,Arlan Hamilton,arlan@backstagecapital.com,backstagecapital.com,VC/Investor
Ascensionventures.Org,Jamie Wehrung,jwehrung@ascensionventures.org,ascensionventures.org,VC/Investor
Array,Shruti Gandhi,shruti@array.vc,array.vc,VC/Investor
Anthemis,Amy Nauiokas,amy@anthemis.com,anthemis.com,Corporate/Other
Archematrix,Yipeng Zhao,yipengzh@archematrix.com,archematrix.com,Corporate/Other
Acumen.Org,Jaqueline Novogratz,cerb@acumen.org,acumen.org,Corporate/Other
Acornventures.Net,Caren Seidle,caren@acornventures.net,acornventures.net,VC/Investor
Yet2,Tim Bernstein,tbernstein@yet2.com,yet2.com,Corporate/Other
Westwaycapital,John Levinson,john.levinson@westwaycapital.com,westwaycapital.com,VC/Investor
Vitalfin,Nathaniel C. Brinn,nbrinn@vitalfin.com,vitalfin.com,Corporate/Other
Villageventures,Bo Peabody,bo@villageventures.com,villageventures.com,VC/Investor
Viceven,Ricardo A. Sagrera,ricardo@viceven.com,viceven.com,Corporate/Other
Venvelo,Richard Licursi,richard@venvelo.com,venvelo.com,Corporate/Other
Venture-Science,Matt Oguz,matt@venture-science.com,venture-science.com,Corporate/Other
Vermonttechnologies,David Bradbury,david.bradbury@vermonttechnologies.com,vermonttechnologies.com,Corporate/Other
Vasco,T. Kendall Hunt,kendall.hunt@vasco.com,vasco.com,Corporate/Other
Tritiumpartners,Matt Bowman,mbowman@tritiumpartners.com,tritiumpartners.com,VC/Investor
Tstventures,Brian Laden,ladenbp@tstventures.com,tstventures.com,VC/Investor
Tridentcap,Sean Cunningham,scunningham@tridentcap.com,tridentcap.com,Corporate/Other
Triangleangelpartners,Stephen Clossick,sclossick@triangleangelpartners.com,triangleangelpartners.com,VC/Investor
Bettercompany,Tom Williams,williams@bettercompany.co,bettercompany.co,Corporate/Other
Ticcap,Craig A. T. Jones,craig@ticcap.com,ticcap.com,Corporate/Other
Unreasonableinstitute.Org,Teju Ravilochan,teju@unreasonableinstitute.org,unreasonableinstitute.org,Corporate/Other
Texasventures,Scott Crist,scott@texasventures.com,texasventures.com,VC/Investor
Cherryhillphoto,Graham McFarland,gmcfarland@cherryhillphoto.com,cherryhillphoto.com,Corporate/Other
Buildbeyond,Linda C. Olson,lindao@buildbeyond.com,buildbeyond.com,Corporate/Other
Colonylogic,Geoff Stevens,gstevens@colonylogic.com,colonylogic.com,Corporate/Other
Sweetwatercg,Bob Faris,bob.faris@sweetwatercg.com,sweetwatercg.com,Corporate/Other
Sustainvc,Schuyler Lance,sky@sustainvc.com,sustainvc.com,VC/Investor
Stonehengecapital,Charles E. Haberkorn,cehaberkorn@stonehengecapital.com,stonehengecapital.com,VC/Investor
Splice,Steve Martocci,steve@splice.com,splice.com,Corporate/Other
Schematiclabs,Steve Jang,steve@schematiclabs.com,schematiclabs.com,Corporate/Other
Veritamo,Yuri G. Rabinovich,yuri@veritamo.com,veritamo.com,Corporate/Other
Periodic.Is,Brad Wisler,brad@periodic.is,periodic.is,Corporate/Other
Sodarockpartners,John Hamm,john@sodarockpartners.com,sodarockpartners.com,VC/Investor
Boingo,Sky Dayton,sdayton@boingo.com,boingo.com,Corporate/Other
Sierrawasatch,Susan Stone,susan@sierrawasatch.com,sierrawasatch.com,Corporate/Other
Sfcapgroup,Neil Wolfson,nwolfson@sfcapgroup.com,sfcapgroup.com,Corporate/Other
Outlier.Ai,Sean Byrnes,sean@outlier.ai,outlier.ai,Corporate/Other
Sandwithventures,Colin M. Evans,cevans@sandwithventures.com,sandwithventures.com,VC/Investor
Virtahealth,Sami Inkinen,sami.inkinen@virtahealth.com,virtahealth.com,Corporate/Other
Socmetrics,Roy Rodenstein,roy@socmetrics.com,socmetrics.com,Corporate/Other
Pollenware,Richard Chino,richard.chino@pollenware.com,pollenware.com,Corporate/Other
Ps27Ventures,James B. Stallings,james.stallings@ps27ventures.com,ps27ventures.com,VC/Investor
Shopspring,Ara Katz,ara@shopspring.com,shopspring.com,Corporate/Other
Playground.Global,Peter Barrett,peter@playground.global,playground.global,Corporate/Other
Robininc,Stephen G. Robinson,steve@robininc.com,robininc.com,Corporate/Other
Phytopartners,Larry Schnurmacher,larry@phytopartners.com,phytopartners.com,VC/Investor
Petracapital,Douglas B. Owen,dbo@petracapital.com,petracapital.com,VC/Investor
Axial.Net,Peter Lehrman,peter.lehrman@axial.net,axial.net,Corporate/Other
Nanthealth,Patrick Soon-Shiong,patrick.soon-shiong@nanthealth.com,nanthealth.com,Corporate/Other
Pathbreakervc,Ryan Gembala,ryan@pathbreakervc.com,pathbreakervc.com,VC/Investor
Operativecapital,Andrew Sievers,drew.sievers@operativecapital.com,operativecapital.com,VC/Investor
Media.Mit.Edu,Nicholas P. Negroponte,nicholas@media.mit.edu,media.mit.edu,Corporate/Other
Newscienceventures,Thomas Lavin,tom@newscienceventures.com,newscienceventures.com,VC/Investor
S23P,Ruchi Sanghvi,ruchi@s23p.com,s23p.com,Corporate/Other
Rostrumcapital,Michael Weiksner,mike@rostrumcapital.com,rostrumcapital.com,VC/Investor
Elasticintelligence,Roger J. Sippl,roger.sippl@elasticintelligence.com,elasticintelligence.com,Corporate/Other
Rockandhammerventures,Chris Russell,chris@rockandhammerventures.com,rockandhammerventures.com,VC/Investor
Gofundme,Rob Solomon,rob@gofundme.com,gofundme.com,VC/Investor
Rethinkimpact,Jenny Abramson,jenny@rethinkimpact.com,rethinkimpact.com,Corporate/Other
Deltoroshoes,Nathanial Wish,nathanial@deltoroshoes.com,deltoroshoes.com,Corporate/Other
Mbloom,Lauren Primiano,lauren@mbloom.com,mbloom.com,Corporate/Other
Tastekid,Ramesh Haridas,ramesh.haridas@tastekid.com,tastekid.com,Corporate/Other
Flywheel,Rakesh Mathur,rakesh@flywheel.com,flywheel.com,Corporate/Other
Pokoracapital,Eli Federman,eli@pokoracapital.com,pokoracapital.com,VC/Investor
Ploughpenny,Judson B. Traphagen,jtraphagen@ploughpenny.com,ploughpenny.com,Corporate/Other
Pi-Investments,Aner Ben-Ami,aner@pi-investments.com,pi-investments.com,VC/Investor
Continv,Philip J. Purcell,phil@continv.com,continv.com,Corporate/Other
Quadventures,Daniel P. Neuwirth,dan@quadventures.com,quadventures.com,VC/Investor
Qb1Ventures,Alex Swieca,alex@qb1ventures.com,qb1ventures.com,VC/Investor
Prudenceholdings,Gavin P. Myers,gavin@prudenceholdings.com,prudenceholdings.com,Corporate/Other
Prismventure,Jim Counihan,counihan@prismventure.com,prismventure.com,Corporate/Other
Primuscapital,Donald B. Taylor,dtaylor@primuscapital.com,primuscapital.com,VC/Investor
Preludeventures,Gabriel Kra,gkra@preludeventures.com,preludeventures.com,VC/Investor
Pavonisgroup,Mark P. Kingston,mkingston@pavonisgroup.com,pavonisgroup.com,Corporate/Other
Palmdrivecap,Hendrick Lee,hendrick.lee@palmdrivecap.com,palmdrivecap.com,Corporate/Other
Oxeonpartners,Michael Cullen,michael@oxeonpartners.com,oxeonpartners.com,VC/Investor
Omphalosventures,Mark Marlow,mmarlow@omphalosventures.com,omphalosventures.com,VC/Investor
Olivetreecapital,Nichola Eliovits,nick@olivetreecapital.com,olivetreecapital.com,VC/Investor
Newrichmondventures,Theodore L. Chandler,ted@newrichmondventures.com,newrichmondventures.com,VC/Investor
Northbridge,Douglas A. Kingsley,dak@northbridge.com,northbridge.com,Corporate/Other
Nvpllc,Stephen J. Socolof,ssocolof@nvpllc.com,nvpllc.com,Corporate/Other
Nebraskaglobal,Steven Kiene,skiene@nebraskaglobal.com,nebraskaglobal.com,Corporate/Other
Hsb,Jacqueline LeSage Krause,jacqueline_lesagekrause@hsb.com,hsb.com,Corporate/Other
Mpmcapital,Luke Basil Evnin,luke.evnin@mpmcapital.com,mpmcapital.com,VC/Investor
Mgcfund,Tyler Whitmore,taw@mgcfund.com,mgcfund.com,VC/Investor
Floodgate,Michael Maples,mike@floodgate.com,floodgate.com,Corporate/Other
Precisionhawk,Michael L. Chasen,michael@precisionhawk.com,precisionhawk.com,Corporate/Other
Merrickventures,Michael W. Ferro,michael@merrickventures.com,merrickventures.com,VC/Investor
Meridianstreetcapital,Alex Shortle,alex@meridianstreetcapital.com,meridianstreetcapital.com,VC/Investor
Mckessonventures,Megan Fuente,megan.fuente@mckessonventures.com,mckessonventures.com,VC/Investor
Accela,Mark A. Jung,mjung@accela.com,accela.com,Corporate/Other
Raynforest,Mark Fidelman,mark@raynforest.com,raynforest.com,Corporate/Other
Malwarebytes.Org,Marcin Kleczynski,marcin@malwarebytes.org,malwarebytes.org,Corporate/Other
Mcpartners,Samuel Rector,srector@mcpartners.com,mcpartners.com,VC/Investor
Laincubator.Org,Anthony Morberg,tony@laincubator.org,laincubator.org,Corporate/Other
Longriverventures,William Cowen,wcowen@longriverventures.com,longriverventures.com,VC/Investor
Leedsequity,Peter A. Lyons,peter.lyons@leedsequity.com,leedsequity.com,VC/Investor
Leaders-Fund,David Stein,dstein@leaders-fund.com,leaders-fund.com,VC/Investor
Getcruise,Kyle Vogt,kyle@getcruise.com,getcruise.com,Corporate/Other
Dechert,Kristopher D. Brown,kristopher.brown@dechert.com,dechert.com,Corporate/Other
Kormeli,Philip W. Roizin,philip.roizin@kormeli.com,kormeli.com,Corporate/Other
Kiddar,Todd Hitt,thitt@kiddar.com,kiddar.com,Corporate/Other
Kickstarter,Yancey Strickler,yancey.strickler@kickstarter.com,kickstarter.com,Corporate/Other
Nomadhealth,Kevin P. Ryan,kevin@nomadhealth.com,nomadhealth.com,Corporate/Other
Evolve,Kamal Ravikant,kamal@evolve.vc,evolve.vc,VC/Investor
Wallet.Id.Me,Blake M. Hall,blake@wallet.id.me,wallet.id.me,Corporate/Other
Heyzap,Jude Gomila,jgomila@heyzap.com,heyzap.com,Corporate/Other
Morningstar,Joseph Mansueto,joe.mansueto@morningstar.com,morningstar.com,Corporate/Other
Thekraftgroup,Jonathan A. Kraft,jak@thekraftgroup.com,thekraftgroup.com,Corporate/Other
Bravahome,John Pleasants,john@bravahome.com,bravahome.com,Corporate/Other
Jkbcapital,Albert DaValle,adavalle@jkbcapital.com,jkbcapital.com,VC/Investor
Schox,Jeffrey Schox,jeff@schox.com,schox.com,Corporate/Other
Jeauva,Bart Epstein,bart@jeauva.com,jeauva.com,Corporate/Other
Networkentertainment.Ca,Jason Port,jason@networkentertainment.ca,networkentertainment.ca,Corporate/Other
Semantifi,Jai Shekhawat,jshekhawat@semantifi.com,semantifi.com,Corporate/Other
Ironwoodcap,Kathy Testa Butler,butler@ironwoodcap.com,ironwoodcap.com,Corporate/Other
Indexventures,Ilya Fushman,ilya@indexventures.com,indexventures.com,VC/Investor
Ignitefarm,Michael Friedman,mfriedman@ignitefarm.com,ignitefarm.com,Corporate/Other
Ideo,Diego Rodriguez,drodriguez@ideo.com,ideo.com,Corporate/Other
Horizonvc,Jack Carsten,jack@horizonvc.com,horizonvc.com,VC/Investor
Hilltopventurepartners,Bradley J. Greenwald,bgreenwald@hilltopventurepartners.com,hilltopventurepartners.com,VC/Investor
Heritagegroupusa,Rock A. Morphis,rock@heritagegroupusa.com,heritagegroupusa.com,Corporate/Other
Healthy,Enmi Kendall,enmi@healthy.vc,healthy.vc,VC/Investor
Goldinventures,Steven A. Markowitz,smarko@goldinventures.com,goldinventures.com,VC/Investor
Glouston,Michael D'Agostino,mdagostino@glouston.com,glouston.com,Corporate/Other
Gcionline,William Schleicher,william.schleicher@gcionline.com,gcionline.com,Corporate/Other
Fungcap,John Seung,john@fungcap.com,fungcap.com,Corporate/Other
Fsinvestors,Nick Stone,nick@fsinvestors.com,fsinvestors.com,VC/Investor
Fepfund,Howard Lee,howard@fepfund.com,fepfund.com,VC/Investor
Forwardventures,Standish M. Fleming,fleming@forwardventures.com,forwardventures.com,VC/Investor
Finaventures,Rachid Sefrioui,rachid@finaventures.com,finaventures.com,VC/Investor
Daylightpartners,Ro Parra,ro@daylightpartners.com,daylightpartners.com,VC/Investor
Tumblr,David Karp,david@tumblr.com,tumblr.com,Corporate/Other
Thefan.Fund,Mitchel J. Laskey,mitchel@thefan.fund,thefan.fund,VC/Investor
Intercom.Io,Eoghan McCabe,eoghan@intercom.io,intercom.io,Corporate/Other
Mccarter,David J. Sorin,dsorin@mccarter.com,mccarter.com,Corporate/Other
Element8Angels,Kristi Growdon,kristig@element8angels.com,element8angels.com,VC/Investor
Egancapital,Michael H. Shanahan,mshanahan@egancapital.com,egancapital.com,VC/Investor
Echoinggreen.Org,Cheryl L. Dorsey,cheryl@echoinggreen.org,echoinggreen.org,Corporate/Other
Eastsidepartners,Emerson Fann,ef@eastsidepartners.com,eastsidepartners.com,VC/Investor
Hostanalytics,Dave Kellogg,dkellogg@hostanalytics.com,hostanalytics.com,Corporate/Other
Dallasventurepartners,Michael Coppola,michael@dallasventurepartners.com,dallasventurepartners.com,VC/Investor
Dallasangelnetwork,Kevin Vela,kevin@dallasangelnetwork.com,dallasangelnetwork.com,Corporate/Other
Daceventures,David Andonian,david@daceventures.com,daceventures.com,VC/Investor
Councilcapital,Grant A. Jackson,gjackson@councilcapital.com,councilcapital.com,VC/Investor
Cosimo,Robert O. Frasca,rob@cosimo.vc,cosimo.vc,VC/Investor
Csvvc,Hanan Brand,hanan@csvvc.com,csvvc.com,VC/Investor
Comeup.Capital,Dave Mao,dave@comeup.capital,comeup.capital,VC/Investor
Cohort-Capital,Chris Holmes,chris@cohort-capital.com,cohort-capital.com,VC/Investor
Leggmason,Gibboney Huske,ghuske@leggmason.com,leggmason.com,Corporate/Other
Life360,Chris Hulls,chris@life360.com,life360.com,Corporate/Other
Yet2Ventures,Benjamin F. DuPont,ben@yet2ventures.com,yet2ventures.com,VC/Investor
Equityhealthcare,Charles Huang,charles.huang@equityhealthcare.com,equityhealthcare.com,VC/Investor
Brookventure,Jonathan Green,jgreen@brookventure.com,brookventure.com,Corporate/Other
Petco,Brock Weatherup,brock@petco.com,petco.com,Corporate/Other
Blockchaincapital,Brock Pierce,brock@blockchaincapital.com,blockchaincapital.com,VC/Investor
Bridgescale,Matthew Cowan,mcowan@bridgescale.com,bridgescale.com,Corporate/Other
Bridgeinvestments,Jason Thomas,jthomas@bridgeinvestments.com,bridgeinvestments.com,VC/Investor
Braemarenergy,William D. Lese,wlese@braemarenergy.com,braemarenergy.com,Corporate/Other
Brventurefund,Ahmed Aljabreen,aljabreen.ahmed@brventurefund.com,brventurefund.com,VC/Investor
Bootupventures,Mukul Agarwal,mukul@bootupventures.com,bootupventures.com,VC/Investor
Ip3Inc,Ken Kousky,kkousky@ip3inc.com,ip3inc.com,Corporate/Other
Bluestemcapital,Steve T. Kirby,skirby@bluestemcapital.com,bluestemcapital.com,VC/Investor
Sourcepoint,Benjamin Barokas,ben@sourcepoint.com,sourcepoint.com,Corporate/Other
Atel,Steven R. Rea,srea@atel.com,atel.com,Corporate/Other
Armorysv,Somak Chattopadhyay,somak@armorysv.com,armorysv.com,Corporate/Other
Azcommerce,Sandra Watson,sandraw@azcommerce.com,azcommerce.com,Corporate/Other
Ariaventures,Jeffrey Sloan,jeff@ariaventures.com,ariaventures.com,VC/Investor
Arcviewgroup,Steve DeAngelo,stevedeangelo@arcviewgroup.com,arcviewgroup.com,Corporate/Other
Arafuraventures,Joe Kennedy,joe@arafuraventures.com,arafuraventures.com,VC/Investor
Sensehq,Anil Dharni,adharni@sensehq.co,sensehq.co,Corporate/Other
Tremorvideo,Andrew Reis,reis@tremorvideo.com,tremorvideo.com,Corporate/Other
Philo,Andrew McCollum,andrew@philo.com,philo.com,Corporate/Other
Arista,Andreas Bechtolsheim,andreas.bechtolsheim@arista.com,arista.com,Corporate/Other
Imperva,Amichai Shulman,amichai.shulman@imperva.com,imperva.com,Corporate/Other
Alliedminds,Christopher Silva,chris@alliedminds.com,alliedminds.com,Corporate/Other
Airbusventures,Thomas d'Halluin,thomas@airbusventures.vc,airbusventures.vc,VC/Investor
Agilicllc,Gregory Gilbert,ggilbert@agilicllc.com,agilicllc.com,Corporate/Other
Alternativeadvisory,Brendan C. Rempel,brendan@alternativeadvisory.com,alternativeadvisory.com,Corporate/Other
Kite,Adam Smith,adam@kite.com,kite.com,Corporate/Other
Spaboom,William F. Bice,bill@spaboom.com,spaboom.com,Corporate/Other
Symmetrygroup,Aaron Iba,aaron@symmetrygroup.com,symmetrygroup.com,Corporate/Other
4490.Ventures,Gregory T. Robinson,grobinson@4490.ventures,4490.ventures,VC/Investor
Mmm,Jerry Will,jtwill@mmm.com,mmm.com,Corporate/Other
Vegastechfund,Zach Ware,zach@vegastechfund.com,vegastechfund.com,VC/Investor
Theyieldlab,Thad Simons,thad@theyieldlab.com,theyieldlab.com,Corporate/Other
Workinglabcapital,Richard Nespola,rich@workinglabcapital.com,workinglabcapital.com,VC/Investor
Woodgenllc,Larry C. Wood,larry@woodgenllc.com,woodgenllc.com,Corporate/Other
Womensvcfund,Edith Dorsen,edith@womensvcfund.com,womensvcfund.com,VC/Investor
Wmevc,Beth Ferreira,beth@wmevc.com,wmevc.com,VC/Investor
Wsventures,Steven E. Karlson,steve@wsventures.com,wsventures.com,VC/Investor
Whartonimpactinvestingpartners,Divinity Matovu,divinity.matovu@whartonimpactinvestingpartners.com,whartonimpactinvestingpartners.com,VC/Investor
Ward.Ventures,David C. Ward,david@ward.ventures,ward.ventures,VC/Investor
Visionvp,David Honig,dhonig@visionvp.com,visionvp.com,Corporate/Other
Virtualrealityinvestment,Don Stein,don@virtualrealityinvestment.com,virtualrealityinvestment.com,VC/Investor
Pajaritopowder,Thomas J. Stephenson,tstephenson@pajaritopowder.com,pajaritopowder.com,Corporate/Other
Ventureinvestors,Scott Button,scott@ventureinvestors.com,ventureinvestors.com,VC/Investor
Velospartners,James H. Bailey,james@velospartners.com,velospartners.com,VC/Investor
Vcapital,Leonard A. Batterson,lbatterson@vcapital.com,vcapital.com,VC/Investor
Varkain,Laurie Hinckley,laurie@varkain.com,varkain.com,Corporate/Other
Ua2,Aaron Ollivier,aaron@ua2.co,ua2.co,Corporate/Other
Homeeapp,Ethan Gromet,ethan@homeeapp.com,homeeapp.com,Corporate/Other
Unreasonablecapital,Ashok Reddy,ashok@unreasonablecapital.com,unreasonablecapital.com,VC/Investor
Unltdusa.Org,Zoe Schlag,zoe.schlag@unltdusa.org,unltdusa.org,Corporate/Other
Uventurefund,Jeramy Lund,jlund@uventurefund.com,uventurefund.com,VC/Investor
Tycoint,Rain Cui,rcui@tycoint.com,tycoint.com,Corporate/Other
Tuskventures,Jordan Nof,jordan@tuskventures.com,tuskventures.com,VC/Investor
Zenpayroll,Tomer London,tomer@zenpayroll.com,zenpayroll.com,Corporate/Other
Technium,Jonathan Van,jvan@technium.com,technium.com,Corporate/Other
Lambdafund,Anthony M. Lamport,alamport@lambdafund.com,lambdafund.com,VC/Investor
Theironyard,Eric Dodds,eric@theironyard.com,theironyard.com,Corporate/Other
Thehouse.Fund,Jeremy Fiance,jeremy.fiance@thehouse.fund,thehouse.fund,VC/Investor
Ecosystemintegrity,Sasha Novograd Brown,sasha@ecosystemintegrity.com,ecosystemintegrity.com,Corporate/Other
Cdvca.Org,Kerwin Tesdell,kerwin.tesdell@cdvca.org,cdvca.org,VC/Investor
Theangelroundtable,Anthony R. Lettich,tony@theangelroundtable.com,theangelroundtable.com,Corporate/Other
Tarsadiainvestments,Gautam Patel,gautam.patel@tarsadiainvestments.com,tarsadiainvestments.com,VC/Investor
Teqventures,Anton Derlyatka,aderlyatka@teqventures.com,teqventures.com,VC/Investor
Broadsoft,Taher Behbehani,tbehbehani@broadsoft.com,broadsoft.com,Corporate/Other
Rivaliq,T.A. McCann,tam@rivaliq.com,rivaliq.com,Corporate/Other
Tablesafe,Gordon A. Gardiner,ggardiner@tablesafe.com,tablesafe.com,Corporate/Other
Swanhillcapital,David M. Perkal,dperkal@swanhillcapital.com,swanhillcapital.com,VC/Investor
Stonehavencap,Braun Jones,braun@stonehavencap.com,stonehavencap.com,Corporate/Other
Foursquare,Steven Rosenblatt,steven@foursquare.com,foursquare.com,Corporate/Other
Stephensim,Mary Williamson,mary@stephensim.com,stephensim.com,Corporate/Other
Newstore,Stephan Schambach,stephan@newstore.com,newstore.com,Corporate/Other
Geniachip,Stefan Roever,stefan@geniachip.com,geniachip.com,Corporate/Other
Hull.Io,Stefan Koenig,stefan@hull.io,hull.io,Corporate/Other
Zeusliving,Srini Panguluri,srini@zeusliving.com,zeusliving.com,Corporate/Other
Kinvey,Sravish Sridhar,sravish.sridhar@kinvey.com,kinvey.com,Corporate/Other
Sopriscapital,Mark Groner,mgroner@sopriscapital.com,sopriscapital.com,VC/Investor
Sofi,Nino Fanlo,nfanlo@sofi.com,sofi.com,Corporate/Other
Shumwaycapital,Chris Lange,clange@shumwaycapital.com,shumwaycapital.com,VC/Investor
Shorelineventures,Peter Craddock,pcraddock@shorelineventures.com,shorelineventures.com,VC/Investor
Wellsfargoadvisors,Shawn V. Gruver,shawn.gruver@wellsfargoadvisors.com,wellsfargoadvisors.com,Corporate/Other
Sherpavc,Scott Stanford,scott@sherpavc.com,sherpavc.com,VC/Investor
Authentic8,Scott Petry,scott@authentic8.com,authentic8.com,Corporate/Other
Meetup,Scott Heiferman,scott@meetup.com,meetup.com,Corporate/Other
Brownsavano,Mark Collins,mark@brownsavano.com,brownsavano.com,Corporate/Other
Sandalphoncapital,Jonathan Ellis,jonathan@sandalphoncapital.com,sandalphoncapital.com,VC/Investor
Saicusa,Anish Patel,apatel@saicusa.com,saicusa.com,Corporate/Other
Oncloudone.Net,Ryan Diem,ryan.diem@oncloudone.net,oncloudone.net,Corporate/Other
Connect,Ryan P.M. Allis,ryan@connect.com,connect.com,Corporate/Other
Routerventures,Jeff Slobotski,jeff@routerventures.com,routerventures.com,VC/Investor
Tenablesecurity,Ron Gula,rgula@tenablesecurity.com,tenablesecurity.com,Corporate/Other
Funkventures,Ron Garret,rgarret@funkventures.com,funkventures.com,VC/Investor
Axiomzen,Roham Gharegozlou,roham@axiomzen.co,axiomzen.co,Corporate/Other
Infilaw,Rick Inatome,rickinatome@infilaw.com,infilaw.com,Corporate/Other
Chorus.Fit,Richard Costolo,dick@chorus.fit,chorus.fit,Corporate/Other
Nanigans,Ricardo C. Calvillo,ric@nanigans.com,nanigans.com,Corporate/Other
Rhapsodyventures,Vincent Lui,vlui@rhapsodyventures.com,rhapsodyventures.com,VC/Investor
Reincapital,David M. Rein,drein@reincapital.com,reincapital.com,VC/Investor
Redhouseassociates,Keith A. Kreuer,keith.kreuer@redhouseassociates.com,redhouseassociates.com,Corporate/Other
Culinaryagents,Raymond Chan,ray@culinaryagents.com,culinaryagents.com,Corporate/Other
Pacificcap,Randall Cox,rcox@pacificcap.com,pacificcap.com,Corporate/Other
Quona,Monica Brand Engel,monica@quona.com,quona.com,Corporate/Other
Quake,Chad Burgess,chad@quake.vc,quake.vc,VC/Investor
Prairieventures.Net,Rod Markin,rod.markin@prairieventures.net,prairieventures.net,VC/Investor
Punjab.Gov.Pk,Umar Saif,saif.umar@punjab.gov.pk,punjab.gov.pk,Corporate/Other
Pivotal-Investments,Bradley A. Zenger,baz@pivotal-investments.com,pivotal-investments.com,VC/Investor
Peoplefund,Julio Gonzalez Arrivillaga,julio@peoplefund.com,peoplefund.com,VC/Investor
Peakspancapital,Brian Mulvey,brian@peakspancapital.com,peakspancapital.com,VC/Investor
Fshealth,Patrick J. Spain,pjspain@fshealth.com,fshealth.com,Corporate/Other
Paperclipventures,David Rice,david.rice@paperclipventures.com,paperclipventures.com,VC/Investor
Ovp,Linda Hoban,lhoban@ovp.com,ovp.com,Corporate/Other
Northtexasangelnetwork.Org,Chuck McCoy,chuck@northtexasangelnetwork.org,northtexasangelnetwork.org,Corporate/Other
Nordicinnovationhouse,Anne H. Worsøe,anne@nordicinnovationhouse.com,nordicinnovationhouse.com,Corporate/Other
Wgifund,Noah Goodhart,ngoodhart@wgifund.com,wgifund.com,VC/Investor
Gainsight,Nick Mehta,nmehta@gainsight.com,gainsight.com,Corporate/Other
Newgenpartners,Zhenan Bao,zhenanbao@newgenpartners.com,newgenpartners.com,VC/Investor
Neworleansbio,Aaron Miscenich,amiscenich@neworleansbio.com,neworleansbio.com,Corporate/Other
Artivest,Nellie Levchin,nellie@artivest.co,artivest.co,Corporate/Other
Hersha,Neil H. Shah,neil.shah@hersha.com,hersha.com,Corporate/Other
Mutualcapitalpartners,Wayne Wallace,wwallace@mutualcapitalpartners.com,mutualcapitalpartners.com,VC/Investor
Morgancreekcap,Mark W. Yusko,myusko@morgancreekcap.com,morgancreekcap.com,Corporate/Other
Monsanto,Kiersten Stead,kiersten.stead@monsanto.com,monsanto.com,Corporate/Other
Mogilitycapital,Robert Chang,rchang@mogilitycapital.com,mogilitycapital.com,VC/Investor
Layer,Ron Palmeri,ron@layer.com,layer.com,Corporate/Other
Mitaventures,Andreas Kraemer,andreas@mitaventures.com,mitaventures.com,VC/Investor
Mindset.Ventures,Daniel Ibri,ibri@mindset.ventures,mindset.ventures,VC/Investor
Mindfullinvestors,Stuart L. Rudick,stu@mindfullinvestors.com,mindfullinvestors.com,VC/Investor
Oneuni,Miles Lasater,miles@oneuni.co,oneuni.co,Corporate/Other
Perengo,Mike Kofi Okyere,mko@perengo.com,perengo.com,Corporate/Other
Ecjc,Rick Vaughn,rvaughn@ecjc.com,ecjc.com,Corporate/Other
Dataxu,Michael Baker,mbaker@dataxu.com,dataxu.com,Corporate/Other
Metcapgroup,Jeff Brannon,jb@metcapgroup.com,metcapgroup.com,Corporate/Other
Mesco-Ltd,Eytan Mesznik,eytan@mesco-ltd.com,mesco-ltd.com,Corporate/Other
Mbvc,David J. Becker,dbecker@mbvc.com,mbvc.com,VC/Investor
Mac6,Kyle McIntosh,kyle.mcintosh@mac6.com,mac6.com,Corporate/Other
Maywic,Lawrence H. Horwitz,lawrence.horwitz@maywic.com,maywic.com,Corporate/Other
Markmelco,Mark Hanrahan,mark@markmelco.com,markmelco.com,Corporate/Other
Lakecapital,Mark Tebbe,mtebbe@lakecapital.com,lakecapital.com,VC/Investor
99Designs,Mark Harbottle,mark.harbottle@99designs.com,99designs.com,Corporate/Other
Leapset,Mani Kulasooriya,mani@leapset.com,leapset.com,Corporate/Other
Maineventurefund,John Burns,john@maineventurefund.com,maineventurefund.com,VC/Investor
Mafgrp,Paul G. Savas,psavas@mafgrp.com,mafgrp.com,Corporate/Other
Signalmedia.Org,Lucas Nealan,lucas@signalmedia.org,signalmedia.org,Corporate/Other
Lanl.Gov,Tracy H. Erkkila,terkkila@lanl.gov,lanl.gov,Corporate/Other
Lcpartners,Minglie Hu,minglie@lcpartners.com,lcpartners.com,VC/Investor
Lhventures.Us,Luke Wang,luke@lhventures.us,lhventures.us,VC/Investor
Thetalentbusiness,Lee Ann Daly,lee.daly@thetalentbusiness.com,thetalentbusiness.com,Corporate/Other
Leapfrogventures,Peter Sinclair,peter@leapfrogventures.com,leapfrogventures.com,VC/Investor
Launchequity,Kathy Eurich,keurich@launchequity.com,launchequity.com,VC/Investor
Numerate,Lucio L. Lanza,lucio@numerate.com,numerate.com,Corporate/Other
Tcw,Kevin M. Wall,kevin.wall@tcw.com,tcw.com,Corporate/Other
Kestrelasset,Michael T. Kane,mike@kestrelasset.com,kestrelasset.com,Corporate/Other
Collectrium,Kenneth H. Keller,kenneth@collectrium.com,collectrium.com,Corporate/Other
Cuurio,Kelly Hoey,kelly@cuurio.com,cuurio.com,Corporate/Other
Keelerinvestments,Rochelle Whelan,rochelle.whelan@keelerinvestments.com,keelerinvestments.com,VC/Investor
Edcast,Karl Mehta,karl@edcast.com,edcast.com,Corporate/Other
Gotinder,Justin Mateen,justin@gotinder.com,gotinder.com,Corporate/Other
Infoscout,Joshua Greenough,joshua@infoscout.co,infoscout.co,Corporate/Other
Cursivelabs,Jon Belmonte,jon@cursivelabs.com,cursivelabs.com,Corporate/Other
Poshmark,John McDonald,john@poshmark.com,poshmark.com,Corporate/Other
Jetblueventures,Bonny Simi,bonny.simi@jetblueventures.com,jetblueventures.com,VC/Investor
Orionlabs.Io,Jesse G. Robbins,jesse@orionlabs.io,orionlabs.io,Corporate/Other
Unitedtalent,Jeremy Zimmer,zimmerj@unitedtalent.com,unitedtalent.com,Corporate/Other
Quantitative,Jaffray P. Woodriff,jaffray.woodriff@quantitative.com,quantitative.com,Corporate/Other
Denimlabs,Gregory Bailey,gbailey@denimlabs.com,denimlabs.com,Corporate/Other
Icventures.Net,David B. Wright,wright@icventures.net,icventures.net,VC/Investor
Inherentgroup,Michael Ellis,michael@inherentgroup.com,inherentgroup.com,Corporate/Other
Independence-Equity,Michael McCullough,mmccullough@independence-equity.com,independence-equity.com,VC/Investor
Impactvc,Eric Ball,eric@impactvc.com,impactvc.com,VC/Investor
Insensi,Ilan Abehassera,ilan@insensi.com,insensi.com,Corporate/Other
I-Hatch,Chip Austin,chip.austin@i-hatch.com,i-hatch.com,Corporate/Other
Darden.Virginia.Edu,Kathryne Carr,carrk@darden.virginia.edu,darden.virginia.edu,Corporate/Other
Huiyin,James Wo,woquan@huiyin.com,huiyin.com,Corporate/Other
Jawbone,Hosain Rahman,hosain@jawbone.com,jawbone.com,Corporate/Other
Hillcrestvp,Courtney Hall,courtney@hillcrestvp.com,hillcrestvp.com,Corporate/Other
Hatterasfunds,Lance Baker,lance.baker@hatterasfunds.com,hatterasfunds.com,VC/Investor
Hatch.Us,Blake R. Squires,bsquires@hatch.us.com,hatch.us.com,Corporate/Other
Medidametrics,Robert S. Kaplan,rskaplan@medidametrics.com,medidametrics.com,Corporate/Other
Meraki,Hans Robertson,hans.robertson@meraki.com,meraki.com,Corporate/Other
Hanhaiinvestment,Linda Lu,linda.lu@hanhaiinvestment.com,hanhaiinvestment.com,VC/Investor
Gsblumbia.Edu,Halle Tecco,halle@gsb.columbia.edu,gsb.columbia.edu,Corporate/Other
Grishinrobotics,Valery Komissarova,valery@grishinrobotics.com,grishinrobotics.com,Corporate/Other
Marchcp,Gregory A. Milken,gregory@marchcp.com,marchcp.com,Corporate/Other
Greenlineventures,Patrick Vahey,patrick.vahey@greenlineventures.com,greenlineventures.com,VC/Investor
Graphene,Nabil Alnoor Borhanu,nabil@graphene.vc,graphene.vc,VC/Investor
Gra.Org,Michael Cassidy,mcassidy@gra.org,gra.org,Corporate/Other
Taskpoint,Igor Balk,ib@taskpoint.com,taskpoint.com,Corporate/Other
Gc-Partners,Koji Osawa,osawa@gc-partners.com,gc-partners.com,VC/Investor
Gefinorcapital,Robert Porell,rporell@gefinorcapital.com,gefinorcapital.com,VC/Investor
Gasparglobal,Andrew Gaspar,agaspar@gasparglobal.com,gasparglobal.com,Corporate/Other
Intematix,Gang Wang,gwang@intematix.com,intematix.com,Corporate/Other
Galaxyvc,R Lopes,rlopes@galaxyvc.com,galaxyvc.com,VC/Investor
Gagarin.Capital,Mikhail Taver,mt@gagarin.capital,gagarin.capital,VC/Investor
Freshsourcecapital,Dan Pullman,dpullman@freshsourcecapital.com,freshsourcecapital.com,VC/Investor
Frk,Kenneth A. Lewis,klewis@frk.com,frk.com,Corporate/Other
Formative,Brian Connors,brian@formative.com,formative.com,Corporate/Other
Firefoxventures,Charles C. Hess,chess@firefoxventures.com,firefoxventures.com,VC/Investor
Fintechv,Lucas J. Timberlake,lt@fintechv.com,fintechv.com,Corporate/Other
Fidelity,Jacques Perold Perold,jacques.perold@fidelity.com,fidelity.com,Corporate/Other
Fertilabthinkubator,Shula Jaron,shula@fertilabthinkubator.com,fertilabthinkubator.com,Corporate/Other
Expansioncapital,Bernardo H. Llovera,bernardo@expansioncapital.com,expansioncapital.com,VC/Investor
Ultracapital,Erik Jansen,erik.jansen@ultracapital.com,ultracapital.com,VC/Investor
Edc-Tech.Org,Rob Strandberg,rstrandberg@edc-tech.org,edc-tech.org,Corporate/Other
Energyfoundry,Sara Hochman Chamberlain,s.hochman@energyfoundry.com,energyfoundry.com,Corporate/Other
Teslamotors,Elon Reeve Musk,emusk@teslamotors.com,teslamotors.com,Corporate/Other
Elmvc,Robert Bettigole,rob@elmvc.com,elmvc.com,VC/Investor
Elixircap,Abrar Hussain,abrar.hussain@elixircap.com,elixircap.com,Corporate/Other
Synchronyvm,Edward B. Roberts,edwards_roberts@synchronyvm.com,synchronyvm.com,Corporate/Other
Shiftgig,Eddie Lou,eddie@shiftgig.com,shiftgig.com,Corporate/Other
Eastwardcp,Michael F. Dale,michael@eastwardcp.com,eastwardcp.com,Corporate/Other
Dtvc,Jay Katarincic,jay@dtvc.com,dtvc.com,VC/Investor
Districtventures,Stephen Taylor,steve@districtventures.co,districtventures.co,VC/Investor
Discover,Mark Graf,rgraf@discover.com,discover.com,Corporate/Other
Eurekafunds,Dimitris Vranopoulos,dvranopoulos@eurekafunds.com,eurekafunds.com,VC/Investor
Digitalundivided,Kathryn Finney,kathryn.finney@digitalundivided.com,digitalundivided.com,Corporate/Other
Dreamindustries,Victor Frumkin,victor.frumkin@dreamindustries.co,dreamindustries.co,Corporate/Other
Deerfield,Jonathan Isler,jisler@deerfield.com,deerfield.com,Corporate/Other
Daytonregion,Jeffrey Hoagland,jhoagland@daytonregion.com,daytonregion.com,Corporate/Other
Amino,David Vivero,david@amino.com,amino.com,Corporate/Other
Thirdlove,David Spector,david@thirdlove.com,thirdlove.com,Corporate/Other
1Stdibs,David Rosenblatt,david@1stdibs.com,1stdibs.com,Corporate/Other
Radiusintel,David Obrand,david@radiusintel.com,radiusintel.com,Corporate/Other
Supergcapital,Darrin Ginsberg,darrin@supergcapital.com,supergcapital.com,VC/Investor
Hmturnerfoundation.Org,Daren Cotter,dcotter@hmturnerfoundation.org,hmturnerfoundation.org,Corporate/Other
Dollarshaveclub,Daniel V. Murray,daniel.v.murray@dollarshaveclub.com,dollarshaveclub.com,Corporate/Other
Cleverbridge,Craig Vodnik,cvodnik@cleverbridge.com,cleverbridge.com,Corporate/Other
Coyotecapital.Net,Tracy K. Chadwell,tracy@coyotecapital.net,coyotecapital.net,VC/Investor
Constellation,Rahul Bhalodia,rahul.bhalodia@constellation.com,constellation.com,Corporate/Other
Consciousventurelab,Jeff Cherry,jcherry@consciousventurelab.com,consciousventurelab.com,Corporate/Other
Linkventures,David B. Blundin,dblundin@linkventures.com,linkventures.com,VC/Investor
Cleantechopen.Org,Katie MacDonald,katie.macdonald@cleantechopen.org,cleantechopen.org,Corporate/Other
Autodesk,Chris Williams,chris.williams@autodesk.com,autodesk.com,Corporate/Other
Tickertags,Chris Camillo,chris@tickertags.com,tickertags.com,Corporate/Other
Cherrystoneangelgroup,Neal Frankel,nfrankel@cherrystoneangelgroup.com,cherrystoneangelgroup.com,Corporate/Other
Venturedc,Charles W. Stryker,cstryker@venturedc.com,venturedc.com,Corporate/Other
Chaacventures,Luke Armour,luke@chaacventures.com,chaacventures.com,VC/Investor
Smiaware,Chris Randall,chrisrandall@smiaware.com,smiaware.com,Corporate/Other
Cat,Michael Young,myoung@cat.com,cat.com,Corporate/Other
Castileventures,Nina Saberi,nina@castileventures.com,castileventures.com,VC/Investor
Cardinalvc,Derek Blazensky,derek@cardinalvc.com,cardinalvc.com,VC/Investor
Cap-Meridian,Omar Mangalji,omar@cap-meridian.com,cap-meridian.com,Corporate/Other
Calumetvc,Judy M. Owen,jowen@calumetvc.com,calumetvc.com,VC/Investor
Unreel,Krish Arvapally,krish@unreel.co,unreel.co,Corporate/Other
Buildgroup,Lanham Napier,lanham@buildgroup.com,buildgroup.com,Corporate/Other
Twyla,Brian Sharples,bsharples@twyla.com,twyla.com,Corporate/Other
Respiratorymotion,Peter J. Aranow,peter.aranow@respiratorymotion.com,respiratorymotion.com,Corporate/Other
Colab.La,Firas Bushnaq,firas@colab.la,colab.la,Corporate/Other
Bonaventurecapital.Net,William E. Reiser,breiser@bonaventurecapital.net,bonaventurecapital.net,VC/Investor
Robinhood.Org,John A. Griffin,griffin@robinhood.org,robinhood.org,Corporate/Other
Blueivyventures,David Shapiro,david@blueivyventures.com,blueivyventures.com,VC/Investor
Bluebrightventures,Leonard Buck,lee@bluebrightventures.com,bluebrightventures.com,VC/Investor
Strayerconsulting,Bill Tobin,btobin@strayerconsulting.com,strayerconsulting.com,Corporate/Other
Lifx,Bevan Clark,bevan.clark@lifx.co,lifx.co,Corporate/Other
Ravellosystems,Benny Schnaider,benny.schnaider@ravellosystems.com,ravellosystems.com,Corporate/Other
Thrillist,Benjamin Lerer,blerer@thrillist.com,thrillist.com,Corporate/Other
Resy,Ben Leventhal,ben@resy.com,resy.com,Corporate/Other
Michbelles,Carolyn Cassin,ccassin@michbelles.com,michbelles.com,Corporate/Other
Beamonte,Luis F. Trevino,luis.trevino@beamonte.com,beamonte.com,Corporate/Other
Orbitz,Barney Harford,barney.harford@orbitz.com,orbitz.com,Corporate/Other
Sitezeus,Keenan Baldwin,kbaldwin@sitezeus.com,sitezeus.com,Corporate/Other
Bcapgroup,Kimberly Bunce,kimberly@bcapgroup.com,bcapgroup.com,Corporate/Other
Exaltcapital,Ayaz ul Haque,ayaz@exaltcapital.com,exaltcapital.com,VC/Investor
Autotechvc,Quin Garcia,qg@autotechvc.com,autotechvc.com,VC/Investor
Cherubicvc,Andrew Dudum,andrew@cherubicvc.com,cherubicvc.com,VC/Investor
Aspirevc,Esssam Abadir,sam@aspirevc.com,aspirevc.com,VC/Investor
Powerinbox,Aryeh Mergi,aryeh@powerinbox.com,powerinbox.com,Corporate/Other
Ariescp,Jason Reading,jason@ariescp.com,ariescp.com,Corporate/Other
Epmeehan,Edward P. Meehan,epm@epmeehan.com,epmeehan.com,Corporate/Other
Slack-Corp,April Underwood,aunderwood@slack-corp.com,slack-corp.com,Corporate/Other
Marketelligent,Anunay Gupta,anunay.gupta@marketelligent.com,marketelligent.com,Corporate/Other
Annexventures,Mark Pearson,mpearson@annexventures.com,annexventures.com,VC/Investor
Zephyr-Digital,Andrew Wang,andrew@zephyr-digital.com,zephyr-digital.com,Corporate/Other
Conversable,Andrew Busey,andrew@conversable.com,conversable.com,Corporate/Other
Honeybrown.Ca,Anand Agarawala,anand@honeybrown.ca,honeybrown.ca,Corporate/Other
Eclinicalworks,Aman Thapar,aman.thapar@eclinicalworks.com,eclinicalworks.com,Corporate/Other
Alliancehcpartners,Joe Mayernik,joe.mayernik@alliancehcpartners.com,alliancehcpartners.com,VC/Investor
Blisce,Alexandre Mars,alexandre@blisce.com,blisce.com,Corporate/Other
Coreos,Alex Polvi,alex.polvi@coreos.com,coreos.com,Corporate/Other
Akkadianventures,Michael Gridley,mike@akkadianventures.com,akkadianventures.com,VC/Investor
Singlehop,Zachary Boca,zboca@singlehop.com,singlehop.com,Corporate/Other
Z9Capital,Joe Randazza,joe@z9capital.com,z9capital.com,VC/Investor
Tokyofoundersfund,Yusuke Asakura,asakura@tokyofoundersfund.com,tokyofoundersfund.com,VC/Investor
Worldgolftour,YuChiang Cheng,yc@worldgolftour.com,worldgolftour.com,Corporate/Other
Yas,Les Borden,lborden@yas.com,yas.com,Corporate/Other
Acre,Gareth Asten,gareth@acre.vc,acre.vc,VC/Investor
Aberdare,Jake Odden,jodden@aberdare.com,aberdare.com,Corporate/Other
Us.Abb,Grant Allen,grant.allen@us.abb.com,us.abb.com,Corporate/Other
Pluralsight,Aaron Skonnard,aaron-skonnard@pluralsight.com,pluralsight.com,Corporate/Other
2M,Ameeth Sankaran,ameeth.sankaran@2m.com,2m.com,Corporate/Other
Doorman.It,Zander Adell,zander@doorman.it,doorman.it,Corporate/Other
Zaffreinvestments,Stephen J. Agular,stephen.agular@zaffreinvestments.com,zaffreinvestments.com,VC/Investor
Branchmessenger,William Hunt Gross,bill@branchmessenger.com,branchmessenger.com,Corporate/Other
Willamette.Edu,Wade T. Brooks,wbrooks@willamette.edu,willamette.edu,Corporate/Other
Topgolf,Erik J. Anderson,erik.anderson@topgolf.com,topgolf.com,Corporate/Other
Xlinnovate,Tom Hutton,thutton@xlinnovate.com,xlinnovate.com,Corporate/Other
Wpglobalpartners,J.F. Berry,jfb@wpglobalpartners.com,wpglobalpartners.com,VC/Investor
Docusign,Woodrow H. Levin,wlevin@docusign.com,docusign.com,Corporate/Other
Warf.Org,Steve Mixtacki,smixtacki@warf.org,warf.org,Corporate/Other
Waterlineventures,Robbie Greenglass,rgreenglass@waterlineventures.com,waterlineventures.com,VC/Investor
Wstribes.Org,Sandra Danzuka,sdanzuka@wstribes.org,wstribes.org,Corporate/Other
Voratechpark,Mahendra B. Vora,mvora@voratechpark.com,voratechpark.com,Corporate/Other
Tibco,Vivek Y. Ranadive,vivek.ranadive@tibco.com,tibco.com,Corporate/Other
Vpeg.Net,Brigitte Bonetti,brigitte@vpeg.net,vpeg.net,Corporate/Other
Udacity,Vish Makhijani,vish@udacity.com,udacity.com,Corporate/Other
Winshuttle,Vikram Chalana,vikram.chalana@winshuttle.com,winshuttle.com,Corporate/Other
Parthenoncapital,William C. Kessinger,willk@parthenoncapital.com,parthenoncapital.com,VC/Investor
Vesbridge,Staffan Ericsson,staffan@vesbridge.com,vesbridge.com,Corporate/Other
Vernonpark,James S. Ginsburg,jginsburg@vernonpark.com,vernonpark.com,Corporate/Other
Viafunds,Jason Philip Andris,jandris@viafunds.com,viafunds.com,VC/Investor
Brownrudnick,Gordon R. Penman,gpenman@brownrudnick.com,brownrudnick.com,Corporate/Other
Urban-X,Micah Kotch,micah.kotch@urban-x.com,urban-x.com,Corporate/Other
Ucf.Edu,Tom O'Neal,tom.oneal@ucf.edu,ucf.edu,Corporate/Other
Unitusimpact,Lee FitzGerald,lee@unitusimpact.com,unitusimpact.com,Corporate/Other
Undercurrentnews,Tom Seaman,tom.seaman@undercurrentnews.com,undercurrentnews.com,Corporate/Other
Usaid.Gov,Reginald W. Mitchell,rmitchell@usaid.gov,usaid.gov,Corporate/Other
Tyche-Partners,Weijie Yun,wyun@tyche-partners.com,tyche-partners.com,VC/Investor
Tworoadsgroup,Lou Rassey,lou.rassey@tworoadsgroup.com,tworoadsgroup.com,Corporate/Other
Truebridgecapital,Edwin Poston,eposton@truebridgecapital.com,truebridgecapital.com,VC/Investor
Tricentcapital,Brian Botch,brian@tricentcapital.com,tricentcapital.com,VC/Investor
Tribe12.Org,Ross Berkowitz,ross@tribe12.org,tribe12.org,Corporate/Other
Aclordi,Frank Lordi,flordi@aclordi.com,aclordi.com,Corporate/Other
Tvp.Fund,Christopher S. Calicott,christopher@tvp.fund,tvp.fund,VC/Investor
Colostate.Edu,Todd Headley,todd.headley@colostate.edu,colostate.edu,Corporate/Other
Ansercapital,Todd French,todd.french@ansercapital.com,ansercapital.com,VC/Investor
Tlventures,Janet L. Stott,jstott@tlventures.com,tlventures.com,VC/Investor
Tiberiusenergy,Timothy Frederick Abbott,timothy@tiberiusenergy.com,tiberiusenergy.com,Corporate/Other
Nytimes,Pui-Wing Tam,pui-wing.tam@nytimes.com,nytimes.com,Corporate/Other
Omlaw,Thomas H. Curzon,tcurzon@omlaw.com,omlaw.com,Corporate/Other
Maine.Edu,Jennifer Hooper,jennifer.lynn.hooper@maine.edu,maine.edu,Corporate/Other
Optimasgroup,Douglas R. Wilwerding,doug@optimasgroup.com,optimasgroup.com,Corporate/Other
Lhfknox,Geoff Robson,robson@lhfknox.com,lhfknox.com,Corporate/Other
Thelaunchplace.Org,Eva Doss,edoss@thelaunchplace.org,thelaunchplace.org,Corporate/Other
Nku.Edu,Rodney D'Souza,dsouzar@nku.edu,nku.edu,Corporate/Other
Gideonhixon,Debra P. Geiger,dgeiger@gideonhixon.com,gideonhixon.com,Corporate/Other
Thewatercouncil,Scott Mosley,smosley@thewatercouncil.com,thewatercouncil.com,Corporate/Other
Hookmobile,Terry Hsiao,terry.hsiao@hookmobile.com,hookmobile.com,Corporate/Other
Tenave,Constance D'Aurizio,cdaurizio@tenave.com,tenave.com,Corporate/Other
Tennantcapital,Robert T. Sargent,rsargent@tennantcapital.com,tennantcapital.com,VC/Investor
Tve2.Org,Jennifer Hennessy,jennifer.hennessy@tve2.org,tve2.org,Corporate/Other
Telosventures,David D. Kim,david@telosventures.com,telosventures.com,VC/Investor
Tfxcap,Brandon Shelton,bshelton@tfxcap.com,tfxcap.com,Corporate/Other
Taovp,Thomas Clancy,tom@taovp.com,taovp.com,Corporate/Other
Syven,Raju Venkatraman,raju.venkatraman@syven.com,syven.com,Corporate/Other
Yogatrail,Sven Ernst,sven.ernst@yogatrail.com,yogatrail.com,Corporate/Other
Svbequity,Bobby Gupta,bobby.gupta@svbequity.com,svbequity.com,VC/Investor
Autonomic.Ai,Sundeep Madra,sundeep@autonomic.ai,autonomic.ai,Corporate/Other
Sunairventures,David Austin,david@sunairventures.com,sunairventures.com,VC/Investor
Defenselabs.Org,Sukhi Singh,sukhi@defenselabs.org,defenselabs.org,Corporate/Other
Nutanix,Sudheesh Nair,sudheesh.nair@nutanix.com,nutanix.com,Corporate/Other
Stonylonesomegroupllc,Sean Drake,sdrake@stonylonesomegroupllc.com,stonylonesomegroupllc.com,Corporate/Other
Stonehammercapital,Michael Kline,michael.kline@stonehammercapital.com,stonehammercapital.com,VC/Investor
Avention,Steve H. Pogorzelski,steve.pogorzelski@avention.com,avention.com,Corporate/Other
Smileymedia,Stephen Oskoui,stephen.oskoui@smileymedia.com,smileymedia.com,Corporate/Other
Steelbridgeconsulting,James Haluszczak,jhaluszczak@steelbridgeconsulting.com,steelbridgeconsulting.com,Corporate/Other
Spcfund,Gene Z. Salkind,gsalkind@spcfund.com,spcfund.com,VC/Investor
Dermala,Lada Rasochova,lrasochova@dermala.com,dermala.com,Corporate/Other
Stagevp,Rob Vickery,rob@stagevp.com,stagevp.com,Corporate/Other
Humin,Sriram Krishnan,sriram@humin.com,humin.com,Corporate/Other
Sprucecp,Ganesh M. Kishore,kishore@sprucecp.com,sprucecp.com,Corporate/Other
Springrockventures,Kirsten Morbeck,kmorbeck@springrockventures.com,springrockventures.com,VC/Investor
Spintaccel,Prashant Parikh,prashant.parekh@spintaccel.com,spintaccel.com,Corporate/Other
Spartups,Saif Akhtar,saif@spartups.com,spartups.com,Corporate/Other
Spaceangels.Net,Chad Anderson,chad@spaceangels.net,spaceangels.net,VC/Investor
Pypestream,Richard Smullen,richard@pypestream.com,pypestream.com,Corporate/Other
Goscape.Org,Gary Masner,gmasner@goscape.org,goscape.org,Corporate/Other
Zady,Soraya Darabi,soraya@zady.com,zady.com,Corporate/Other
Solideacapital,Eric Baum,ebaum@solideacapital.com,solideacapital.com,VC/Investor
Sogalventures,Elizabeth Galbut,elizabeth@sogalventures.com,sogalventures.com,VC/Investor
Studentloangenius,Joshua Pierce,josh@studentloangenius.com,studentloangenius.com,Corporate/Other
Skta,Margie Evashenk,margie.evashenk@skta.com,skta.com,Corporate/Other
Hey,Siqi Chen,siqi@hey.co,hey.co,Corporate/Other
Simonequity,Stephen H. Simon,ssimon@simonequity.com,simonequity.com,VC/Investor
Siliconpastures,Teresa Jeff Engel Esser,teresa@siliconpastures.com,siliconpastures.com,Corporate/Other
Sherbrookecapital,John K. Giannuzzi,giannuzzi@sherbrookecapital.com,sherbrookecapital.com,VC/Investor
Sfmusictechfund,Patrick Mahoney,patrick@sfmusictechfund.com,sfmusictechfund.com,VC/Investor
77Ventures,Corbin Day,cd@77ventures.com,77ventures.com,VC/Investor
Seedinvest,Ryan M. Feit,ryan@seedinvest.com,seedinvest.com,VC/Investor
Graphventures,Sebastien de Halleux,sebastien@graphventures.com,graphventures.com,VC/Investor
Dropoff,Sean Spector,sspector@dropoff.com,dropoff.com,Corporate/Other
Pillowhomes,Sean Conway,sean@pillowhomes.com,pillowhomes.com,Corporate/Other
Modpizza,Scott Svenson,scott.svenson@modpizza.com,modpizza.com,Corporate/Other
Tunesat,Scott Schreer,scott@tunesat.com,tunesat.com,Corporate/Other
Getspiffynow,Scot M. Wingo,scot@getspiffynow.com,getspiffynow.com,Corporate/Other
Meetsoci,Afif Khoury,afif@meetsoci.com,meetsoci.com,Corporate/Other
Sanofi,Ann DeWitt,ann.dewitt@sanofi.com,sanofi.com,Corporate/Other
Indix,Sanjay Parthasarathy,sanjay@indix.com,indix.com,Corporate/Other
Petskyprunier,Sanjay Chadda,schadda@petskyprunier.com,petskyprunier.com,Corporate/Other
Lambertmediagroup,Sam Englebardt,sam@lambertmediagroup.com,lambertmediagroup.com,Corporate/Other
Calient.Net,Saiyed Atiq Raza,araza@calient.net,calient.net,Corporate/Other
Ibeat,Ryan Howard,ryan@ibeat.com,ibeat.com,Corporate/Other
Gaikai,Rui Pereira,rui.pereira@gaikai.com,gaikai.com,Corporate/Other
Imgur,Roy Sehgal,roy@imgur.com,imgur.com,Corporate/Other
Focuspointtech,Richard DeSimone,richard.desimone@focuspointtech.com,focuspointtech.com,Corporate/Other
Algaevs,Ross O. Youngs,ryoungs@algaevs.com,algaevs.com,Corporate/Other
Rosemark,Christopher B. Kuenne,chris.kuenne@rosemark.com,rosemark.com,Corporate/Other
Calliduscloud,Rory Cameron,rcameron@calliduscloud.com,calliduscloud.com,Corporate/Other
Ersatzlabs,Ronjon Nag,ronjon@ersatzlabs.com,ersatzlabs.com,Corporate/Other
Rokk3Rlabs,Nabyl Charania,nabyl@rokk3rlabs.com,rokk3rlabs.com,Corporate/Other
Elevation,Roger McNamee,roger@elevation.com,elevation.com,Corporate/Other
Farient,Robin Ann Ferracone,robin.ferracone@farient.com,farient.com,Corporate/Other
Persimmoncap,Robert Tobin,robert.tobin@persimmoncap.com,persimmoncap.com,Corporate/Other
Herjavecgroup,Robert Herjavec,rherjavec@herjavecgroup.com,herjavecgroup.com,Corporate/Other
6Sense,Robert Goldenberg,rgoldenberg@6sense.com,6sense.com,Corporate/Other
Ridgewood,Robert L. Gold,bgold@ridgewood.com,ridgewood.com,Corporate/Other
Revithaca,Tom Schryver,tschryver@revithaca.com,revithaca.com,Corporate/Other
Renttherunway,Scarlett Brillet O'Sullivan,scarlett@renttherunway.com,renttherunway.com,Corporate/Other
Godaddy,Rene Reinsberg,rreinsberg@godaddy.com,godaddy.com,Corporate/Other
Reescapital,Amy Rees Anderson,amy@reescapital.com,reescapital.com,VC/Investor
Redmilegrp,Robert C. Faulkner,rob@redmilegrp.com,redmilegrp.com,Corporate/Other
Reddogcap,Edward Kim,ed@reddogcap.com,reddogcap.com,Corporate/Other
Ripple,Razmig Hovaghimian,razmig@ripple.co,ripple.co,Corporate/Other
Sprucehealth,Ray Bradford,ray.bradford@sprucehealth.com,sprucehealth.com,Corporate/Other
Fortumo,Rain Rannu,rain@fortumo.com,fortumo.com,Corporate/Other
Silvair,Rafal Han,rafal@silvair.com,silvair.com,Corporate/Other
R7Partners,Ben A Buettell,ben@r7partners.com,r7partners.com,VC/Investor
Puertoricoventures,Antonio Tangarife,antonio@puertoricoventures.com,puertoricoventures.com,VC/Investor
Proquestvc,Alain Schreiber,alains@proquestvc.com,proquestvc.com,VC/Investor
Prohausgroup,McKenzie M. Slaughter,mckenzie.slaughter@prohausgroup.com,prohausgroup.com,Corporate/Other
Progresspartners,Sam Thompson,sthompson@progresspartners.com,progresspartners.com,VC/Investor
Fungible,Pradeep Sindhu,pradeep.sindhu@fungible.com,fungible.com,Corporate/Other
Portfolia,Trish Costello,trish@portfolia.com,portfolia.com,Corporate/Other
Plsg,John W. Manzetti,jwm@plsg.com,plsg.com,Corporate/Other
Pierpointcap,Jarret Fass,jfass@pierpointcap.com,pierpointcap.com,Corporate/Other
Spidercp,Philippe Suchet,philippe@spidercp.com,spidercp.com,Corporate/Other
Petrillocap,Enrico Petrillo,enrico@petrillocap.com,petrillocap.com,Corporate/Other
Keepsy,Peter Weck,peter@keepsy.com,keepsy.com,Corporate/Other
Intermediaadvisors,Peter M. Kern,pkern@intermediaadvisors.com,intermediaadvisors.com,Corporate/Other
Perform-Equity,Scott Koeber,skoeber@perform-equity.com,perform-equity.com,VC/Investor
Paxion,Duncan Robertson,duncan.robertson@paxion.com,paxion.com,Corporate/Other
Softbank.Jp,Pavan Ongole,pavan.ongole@softbank.jp,softbank.jp,Corporate/Other
Stripesgroup,Patrick Keane,pkeane@stripesgroup.com,stripesgroup.com,Corporate/Other
Partnervc,Blake Winchell,blake@partnervc.com,partnervc.com,VC/Investor
Outpostvc,Ryan Wang,ryan@outpostvc.com,outpostvc.com,VC/Investor
Redkix,Oudi Antebi,oudi@redkix.com,redkix.com,Corporate/Other
Originateventures,Mike J. Gausling,mike.gausling@originateventures.com,originateventures.com,VC/Investor
Ownerlistens,Oren Dobronsky,oren@ownerlistens.com,ownerlistens.com,Corporate/Other
Eatwavevending,Andrew J. Preston,andrew@eatwavevending.com,eatwavevending.com,Corporate/Other
Nthpower,Elaine Erickson,eerickson@nthpower.com,nthpower.com,Corporate/Other
Northwestern.Edu,William H. McLean,wmclean@northwestern.edu,northwestern.edu,Corporate/Other
Northportequity,Josh G. Shelby,josh@northportequity.com,northportequity.com,VC/Investor
Finicity,Steven B. Smith,steve.smith@finicity.com,finicity.com,Corporate/Other
Noname.Ventures,Chris Graham,chris@noname.ventures,noname.ventures,VC/Investor
Dailydot,Nicholas White,nick@dailydot.com,dailydot.com,Corporate/Other
Nextlevelvc,Craig I. Ibsen,craig@nextlevelvc.com,nextlevelvc.com,VC/Investor
Newroadcp,Clete T. Brewer,clete@newroadcp.com,newroadcp.com,Corporate/Other
Nmangels,John J. Chavez,jchavez@nmangels.com,nmangels.com,VC/Investor
Nedevelopment,Steven S. Fischman,sfischman@nedevelopment.com,nedevelopment.com,Corporate/Other
Neurolaunch,Jordan Amadio,jordan.amadio@neurolaunch.com,neurolaunch.com,Corporate/Other
Indi,Neel Grover,neel@indi.com,indi.com,Corporate/Other
Ndsuresearchpark,Chuck Hoge,chuck@ndsuresearchpark.com,ndsuresearchpark.com,Corporate/Other
Sunrisecorp,Nathan A. Low,nathanl@sunrisecorp.com,sunrisecorp.com,Corporate/Other
Synctree,Gene Chuang,gene.chuang@synctree.com,synctree.com,Corporate/Other
Msqventures,Marc Estigarribia,mestigarribia@msqventures.com,msqventures.com,VC/Investor
Mpgequity,Michael Goy,mgoy@mpgequity.com,mpgequity.com,VC/Investor
Mobilityventures,Roman Kikta,rkikta@mobilityventures.com,mobilityventures.com,VC/Investor
Outschool,Mikhail Seregine,mikhail@outschool.com,outschool.com,Corporate/Other
Mcapd,David Sutherland,dsutherland@mcapd.com,mcapd.com,Corporate/Other
Sg2,Michael Sachs,msachs@sg2.com,sg2.com,Corporate/Other
Meritusventures,Brenda McDaniel,bmcdaniel@meritusventures.com,meritusventures.com,VC/Investor
Shiftpayments,Meg Nakamura,meg@shiftpayments.com,shiftpayments.com,Corporate/Other
Mcvcpartners,Jeffrey C. Mund,jeff@mcvcpartners.vc,mcvcpartners.vc,VC/Investor
Maverixlab,Joe Morgan,jmorgan@maverixlab.com,maverixlab.com,Corporate/Other
Parchment,Matthew Pittinsky,mpittinsky@parchment.com,parchment.com,Corporate/Other
Districtcapitalpartners,Matthew Lynch,mlynch@districtcapitalpartners.com,districtcapitalpartners.com,VC/Investor
Liveintent,Matthew R. Keiser,matt@liveintent.com,liveintent.com,Corporate/Other
Mty.Ai,Matt Shobe,matt@mty.ai,mty.ai,Corporate/Other
Smartdestinations,Matt Higgins,mhiggins@smartdestinations.com,smartdestinations.com,Corporate/Other
Payboard,Matt Dyor,matt@payboard.com,payboard.com,Corporate/Other
Mvpartners,Braden M. Bohrmann,brady@mvpartners.com,mvpartners.com,VC/Investor
Massroots,Isaac Dietrich,isaac@massroots.com,massroots.com,Corporate/Other
Marshallventures,John Moore,john.moore@marshallventures.com,marshallventures.com,VC/Investor
Whisper.Sh,Mark T. Troughton,mark@whisper.sh,whisper.sh,Corporate/Other
Goldmansachs,Mark Schwartz,mark.schwartz@goldmansachs.com,goldmansachs.com,Corporate/Other
Frontspin,Mansour Salame,mansour@frontspin.com,frontspin.com,Corporate/Other
Madisonriverventures,J. Stephen Vanderwoude,steve@madisonriverventures.com,madisonriverventures.com,VC/Investor
M3Ventures,Martin Dolfi,martin@m3ventures.com,m3ventures.com,VC/Investor
Esparklearning,Luke Shepard,luke@esparklearning.com,esparklearning.com,Corporate/Other
Guardanthealth,Mark Jacobstein,mark@guardanthealth.com,guardanthealth.com,Corporate/Other
Jackbe,Marc Solomon,marc.solomon@jackbe.com,jackbe.com,Corporate/Other
Complex,Marc Ecko,marc@complex.com,complex.com,Corporate/Other
Meetearnest,Louis Beryl,louis@meetearnest.com,meetearnest.com,Corporate/Other
Lorainccc.Edu,Georgio S. Efpraxias,gefpraxi@lorainccc.edu,lorainccc.edu,Corporate/Other
Lmco,Christopher Moran,jc.moran@lmco.com,lmco.com,Corporate/Other
Linkageconnect,John Hopper,jhopper@linkageconnect.com,linkageconnect.com,Corporate/Other
Ftlcapital,Thomas J. Hillman,thillman@ftlcapital.com,ftlcapital.com,VC/Investor
Lazarusip,Justin B. Borus,jborus@lazarusip.com,lazarusip.com,Corporate/Other
Corporate.R29,Lauren Zalaznick,lauren@corporate.r29.com,corporate.r29.com,Corporate/Other
Gaulydittrichvandeweyer,Lars Dittrich,lars.dittrich@gaulydittrichvandeweyer.com,gaulydittrichvandeweyer.com,Corporate/Other
Zebit,Larry Rosenberger,larry@zebit.com,zebit.com,Corporate/Other
Labrador,Stuart Davidson,sdavidson@labrador.com,labrador.com,Corporate/Other
Hmco,L. Gordon Crovitz,gcrovitz@hmco.com,hmco.com,Corporate/Other
Superevilmegacorp,Kristian Segerstrale,segerstrale@superevilmegacorp.com,superevilmegacorp.com,Corporate/Other
Betterworks,Kris Duggan,kris@betterworks.com,betterworks.com,Corporate/Other
Kitacapital,Joshua S. Levine,joshua.levine@kitacapital.com,kitacapital.com,VC/Investor
Kiip.Me,Carol Eckardt,carol@kiip.me,kiip.me,Corporate/Other
Kernwhelan,J. P. Whelan,jp@kernwhelan.com,kernwhelan.com,Corporate/Other
Kyinnovation,Christine Wildes,christine@kyinnovation.com,kyinnovation.com,Corporate/Other
Slicelife,Kenny Herman,kenny@slicelife.com,slicelife.com,Corporate/Other
Ta,Kenneth T. Schiciano,kts@ta.com,ta.com,Corporate/Other
Scanalert,Ken Leonard,ken.leonard@scanalert.com,scanalert.com,Corporate/Other
Miradorcap,Ken Hausman,ken@miradorcap.com,miradorcap.com,Corporate/Other
Coldmountaincapital,Ken Glass,kglass@coldmountaincapital.com,coldmountaincapital.com,VC/Investor
Nanomedex,Kenneth U. Johnson,kjohnson@nanomedex.com,nanomedex.com,Corporate/Other
Kbpartners,Keith D. Bank,keith@kbpartners.com,kbpartners.com,VC/Investor
Kp.Org,Nemariam Mesfin,nemariam.mesfin@kp.org,kp.org,Corporate/Other
Kairosventures,James Demetriades,james.demetriades@kairosventures.com,kairosventures.com,VC/Investor
Looklive,Paul Q. Judge,paul.judge@looklive.com,looklive.com,Corporate/Other
Shuttlerock,Jonathan Hendriksen,jonny@shuttlerock.com,shuttlerock.com,Corporate/Other
Lifescienceangels,Jonathan Greenfield,jonathan.greenfield@lifescienceangels.com,lifescienceangels.com,VC/Investor
Tryfabric,Jon Vlassopulos,jon@tryfabric.com,tryfabric.com,Corporate/Other
Avado,John Yii,john@avado.com,avado.com,Corporate/Other
Wholefoods,John P. Mackey,john.mackey@wholefoods.com,wholefoods.com,Corporate/Other
Apartmentlist,John Douglas Kobs,john@apartmentlist.com,apartmentlist.com,Corporate/Other
Creandum,Johan Brenner,johan.brenner@creandum.com,creandum.com,Corporate/Other
Bufferapp,Joel Gascoigne,joel@bufferapp.com,bufferapp.com,Corporate/Other
Getsynap,Jeremie Bacon,jeremie@getsynap.com,getsynap.com,Corporate/Other
Lenddo,Jeffrey Stewart,jeff.stewart@lenddo.com,lenddo.com,Corporate/Other
Grailbio,Jeffrey T. Huber,jhuber@grailbio.com,grailbio.com,Corporate/Other
Turner,Jeff Zucker,jeff.zucker@turner.com,turner.com,Corporate/Other
Afty,Jeff Solomon,jeff@afty.co,afty.co,Corporate/Other
Fanstreamapp,Jeff Harris,jeff@fanstreamapp.com,fanstreamapp.com,Corporate/Other
Jazzvp,John Spinale,jspinale@jazzvp.com,jazzvp.com,Corporate/Other
Jayweintraub,Jay Weintraub,jay@jayweintraub.com,jayweintraub.com,Corporate/Other
Mediaredefined,Jason Hirschhorn,jason@mediaredefined.com,mediaredefined.com,Corporate/Other
Columbusnova,Jason Epstein,jepstein@columbusnova.com,columbusnova.com,Corporate/Other
Wpengine,Jason Cohen,jason@wpengine.com,wpengine.com,Corporate/Other
Tilt,James Beshara,james@tilt.com,tilt.com,Corporate/Other
Vimeo,Jake Lodwick,jake@vimeo.com,vimeo.com,Corporate/Other
Seatgeek,Jack Groetzinger,jack@seatgeek.com,seatgeek.com,Corporate/Other
Snaplogic,James Markarian,james@snaplogic.com,snaplogic.com,Corporate/Other
Careerscore,James Haft,james.haft@careerscore.com,careerscore.com,Corporate/Other
Itenstl.Org,Francis Chmelir,fchmelir@itenstl.org,itenstl.org,Corporate/Other
Isherpa,Peter Mannetti,pmannetti@isherpa.com,isherpa.com,Corporate/Other
Irongatecapital,Douglas J. Fahoury,dfahoury@irongatecapital.com,irongatecapital.com,VC/Investor
Invesco,Loren M. Starr,loren.starr@invesco.com,invesco.com,Corporate/Other
Intuitivevp,David G. Landskowsky,dgl@intuitivevp.com,intuitivevp.com,Corporate/Other
Somawater.Net,Ido Leffler,ileffler@somawater.net,somawater.net,Corporate/Other
Hypurventures,Christopher R. Male,cmale@hypurventures.com,hypurventures.com,VC/Investor
Hubsarasota,Rich Swier,rich@hubsarasota.com,hubsarasota.com,Corporate/Other
Highbridge,Scot French,scot.french@highbridge.com,highbridge.com,Corporate/Other
Hksadvisors,Timothy Keith,tim.keith@hksadvisors.com,hksadvisors.com,Corporate/Other
Icp,Pamela Hagenah,pamela@icp.com,icp.com,Corporate/Other
Theinnovationgroup,Steven M. Rittvo,srittvo@theinnovationgroup.com,theinnovationgroup.com,Corporate/Other
Incrowdcapital,Eric Grigorian,egrigorian@incrowdcapital.com,incrowdcapital.com,VC/Investor
Coverwallet,Inaki Berenguer,inaki@coverwallet.com,coverwallet.com,Corporate/Other
Agilent,Herman Verrelst,herman.verrelst@agilent.com,agilent.com,Corporate/Other
Limeade,Henry Albrecht,henry.albrecht@limeade.com,limeade.com,Corporate/Other
Roostify,Harry Cheung,harry@roostify.com,roostify.com,Corporate/Other
Ellipsis-Advisors,Hans Hickler,hhickler@ellipsis-advisors.com,ellipsis-advisors.com,Corporate/Other
Hgmfund,Par Chadha,pchadha@hgmfund.com,hgmfund.com,VC/Investor
Cpvp,Seth Neiman,seth@cpvp.com,cpvp.com,Corporate/Other
Haloventures,Sacha Taylor,sacha@haloventures.com,haloventures.com,VC/Investor
Gxpinvestments,Dennis Odell,dodell@gxpinvestments.com,gxpinvestments.com,VC/Investor
Leagueofladies.Biz,Ashley Jennings,ashley.jennings@leagueofladies.biz,leagueofladies.biz,Corporate/Other
Unreasonableadventures,Daniel Epstein,daniel@unreasonableadventures.com,unreasonableadventures.com,VC/Investor
Bloglovin,Giordano Bruno Contestabile,giordano@bloglovin.com,bloglovin.com,Corporate/Other
Griffinpartnersllc,Chet P. White,cwhite@griffinpartnersllc.com,griffinpartnersllc.com,VC/Investor
Atypon,Georgios Papadopoulos,georgios.papadopoulos@atypon.com,atypon.com,Corporate/Other
Stumbleupon,Geoff Smith,geoff@stumbleupon.com,stumbleupon.com,Corporate/Other
Formationgroup,Brian Bonwoong Koo,brian@formationgroup.com,formationgroup.com,Corporate/Other
Flyingfish,Heather Redman,heather.r@flyingfish.vc,flyingfish.vc,VC/Investor
G51,Bill Kennedy,bill@g51.com,g51.com,Corporate/Other
Fundrx,Jainal Bhuiyan,jainal@fundrx.com,fundrx.com,VC/Investor
Ajpgroupllc,Anthony Pompliano,apompliano@ajpgroupllc.com,ajpgroupllc.com,Corporate/Other
Secretmedia,Frederic Montagnon,frederic@secretmedia.com,secretmedia.com,Corporate/Other
Gulfshorecap,Richard Molloy,rmolloy@gulfshorecap.com,gulfshorecap.com,Corporate/Other
Flagshippioneering,Douglas G. Cole,dcole@flagshippioneering.com,flagshippioneering.com,Corporate/Other
Finistere,Arama Kukutai,akukutai@finistere.com,finistere.com,Corporate/Other
Fenwick,Richard L. Dickson,rdickson@fenwick.com,fenwick.com,Corporate/Other
Quicken,Eric Campbell Williams Dunn,eric@quicken.com,quicken.com,Corporate/Other
Activestarts,Eric Di Benedetto,edibenedetto.com@activestarts.com,activestarts.com,Corporate/Other
Edcinc.Org,Curtis R Nelson,cnelson@edcinc.org,edcinc.org,Corporate/Other
Ensighten,Martin L. Greenlow,martin.greenlow@ensighten.com,ensighten.com,Corporate/Other
Enhancedcap,Shane P. McCarthy,smccarthy@enhancedcap.com,enhancedcap.com,Corporate/Other
Emergopartners,Steven Grin,sgrin@emergopartners.com,emergopartners.com,VC/Investor
Scopely,Eytan Elbaz,eytan@scopely.com,scopely.com,Corporate/Other
Exponential,Ed Pope,ed@exponential.vc,exponential.vc,VC/Investor
Ewhv,Richard Kolodziejcyk,rk@ewhv.com,ewhv.com,Corporate/Other
Springcm,Erik Severinghaus,eseveringhaus@springcm.com,springcm.com,Corporate/Other
Elephantvc,Jeremiah Daly,jd@elephantvc.com,elephantvc.com,VC/Investor
Monkeylearn,Eduardo Mangarelli,eduardo@monkeylearn.com,monkeylearn.com,Corporate/Other
Theedtechfund,Stanley Buchesky,stan@theedtechfund.com,theedtechfund.com,VC/Investor
Nuovasystems,Edouard Bugnion,ed.bugnion@nuovasystems.com,nuovasystems.com,Corporate/Other
Ciginvest,Benjamin Levy,blevy@ciginvest.com,ciginvest.com,VC/Investor
Earthrisecapital,Ann Partlow,apartlow@earthrisecapital.com,earthrisecapital.com,VC/Investor
E14Fund,David Strand,dstrand@e14fund.com,e14fund.com,VC/Investor
Box.Net,Dylan Smith,dylan@box.net,box.net,Corporate/Other
Dubilier,Michael J. Dubilier,mdubilier@dubilier.com,dubilier.com,Corporate/Other
Dfjathena,Henry Chung,henry@dfjathena.com,dfjathena.com,Corporate/Other
Dowlingcapitalpartners,Melanie Tabor,melanie@dowlingcapitalpartners.com,dowlingcapitalpartners.com,VC/Investor
Domainvc,Jesse I. Treu,treu@domainvc.com,domainvc.com,VC/Investor
Dodgestreetventures,Chris Cronin,chris@dodgestreetventures.com,dodgestreetventures.com,VC/Investor
Greenstart,Dillon McDonald,dillon@greenstart.com,greenstart.com,Corporate/Other
Digitechvcfund,Paul C. Watson,pwatson@digitechvcfund.com,digitechvcfund.com,VC/Investor
Mu-Sigma,Dhiraj C. Rajaram,dhiraj.rajaram@mu-sigma.com,mu-sigma.com,Corporate/Other
Dennyhillcapital,Craig Kinzer,craig@dennyhillcapital.com,dennyhillcapital.com,VC/Investor
Signalzero,Denis Grosz,denisgrosz@signalzero.com,signalzero.com,Corporate/Other
Missionventures,David Ryan,dave@missionventures.com,missionventures.com,VC/Investor
Inverse,David Nemetz,dave@inverse.com,inverse.com,Corporate/Other
Jauntvr,David Anderman,david@jauntvr.com,jauntvr.com,Corporate/Other
Andrew.Cmu.Edu,Dave Mawhinney,dmawhin@andrew.cmu.edu,andrew.cmu.edu,Corporate/Other
Dcapartners,Ronald G. Crane,rcrane@dcapartners.com,dcapartners.com,VC/Investor
Nextility,David J. Steinberg,dsteinberg@nextility.com,nextility.com,Corporate/Other
Lendable.Io,Daniel Goldfarb,daniel@lendable.io,lendable.io,Corporate/Other
Goincase,Damon Way,damon@goincase.com,goincase.com,Corporate/Other
Hyasgroup,Dale Parker,dparker@hyasgroup.com,hyasgroup.com,Corporate/Other
Tachyus,Dakin Sloss,dakin@tachyus.com,tachyus.com,Corporate/Other
Cscventurecapital,Thomas Cole,tom@cscventurecapital.com,cscventurecapital.com,VC/Investor
Cruttendenpartners,Walter W. Cruttenden,walter@cruttendenpartners.com,cruttendenpartners.com,VC/Investor
Crownpredator,Justin Kamm,justin@crownpredator.com,crownpredator.com,Corporate/Other
Croft-Bender,R. Neale Fisher,nfisher@croft-bender.com,croft-bender.com,Corporate/Other
Creativeventures,Alastair Trueger,alastair@creativeventures.vc,creativeventures.vc,VC/Investor
Crancap,Keith M. Wilson,keith@crancap.com,crancap.com,Corporate/Other
Cotecapital,Robert Cote,rcote@cotecapital.com,cotecapital.com,VC/Investor
Higherlogic,Conor Sibley,conor@higherlogic.com,higherlogic.com,Corporate/Other
Connectivitycapitalpartners,Denmark West,dw@connectivitycapitalpartners.com,connectivitycapitalpartners.com,VC/Investor
Fic-Cep,Jennifer W. Steans,jsteans@fic-cep.com,fic-cep.com,Corporate/Other
Ctimeev,Joshua Levey,josh.levey@ctimeev.com,ctimeev.com,Corporate/Other
Irobot,Colin Angle,cangle@irobot.com,irobot.com,Corporate/Other
Closedloopcapital,James Macon,macon@closedloopcapital.com,closedloopcapital.com,VC/Investor
Momentventures,Clint Chao,clint@momentventures.com,momentventures.com,VC/Investor
Cleanpacific,Dewey Chambers,dchambers@cleanpacific.com,cleanpacific.com,Corporate/Other
Invisionapp,Clark Valberg,clark@invisionapp.com,invisionapp.com,Corporate/Other
Endplay,Christos M. Cotsakos,christos@endplay.com,endplay.com,Corporate/Other
Marinsoftware,Christopher A. Lien,clien@marinsoftware.com,marinsoftware.com,Corporate/Other
Caplinked,Christopher Grey,christopher@caplinked.com,caplinked.com,Corporate/Other
Clearedgepartners,Chris Powers,cpowers@clearedgepartners.com,clearedgepartners.com,VC/Investor
Affirmednetworks,Chris Burke,chris_burke@affirmednetworks.com,affirmednetworks.com,Corporate/Other
Touchtunes,Charles Goldstuck,cgoldstuck@touchtunes.com,touchtunes.com,Corporate/Other
Silvia4U,Danny O'Shea,danny@silvia4u.com,silvia4u.com,Corporate/Other
Promoter.Io,Chad Keck,chad@promoter.io,promoter.io,Corporate/Other
Cellarstone,Joe Lindsey,joe_lindsey@cellarstone.com,cellarstone.com,Corporate/Other
Chilangoventures,Carlos Ochoa,carlos@chilangoventures.com,chilangoventures.com,VC/Investor
Aaedc.Org,Rosa Cruz,rcruz@aaedc.org,aaedc.org,Corporate/Other
Chartboost,Maria Alegre,maria@chartboost.com,chartboost.com,Corporate/Other
Chartgroup,Christopher D. Brady,cbrady@chartgroup.com,chartgroup.com,Corporate/Other
Inkling,Charles Matthew MacInnis,matt@inkling.com,inkling.com,Corporate/Other
Ceimaine.Org,Nathaniel V. Henshaw,nathaniel.henshaw@ceimaine.org,ceimaine.org,Corporate/Other
Cavacapital,Geoff Schneider,geoff@cavacapital.com,cavacapital.com,VC/Investor
Teamwass,Casey Wasserman,casey@teamwass.com,teamwass.com,Corporate/Other
Capitalsportsventures,Greg Bibb,gbibb@capitalsportsventures.com,capitalsportsventures.com,VC/Investor
Campventures,Kevin Negus,kevin@campventures.com,campventures.com,VC/Investor
Bluebox,Caleb Sima,caleb@bluebox.com,bluebox.com,Corporate/Other
Buchananinvestments,Tad Buchanan,tad@buchananinvestments.com,buchananinvestments.com,VC/Investor
Brookepea,Lynn Wilkins Jones,lwilkins@brookepea.com,brookepea.com,Corporate/Other
Broadmark,Joseph L. Schocken,jls@broadmark.com,broadmark.com,Corporate/Other
Broadlinecapital,Victor Thorne,victor.thorne@broadlinecapital.com,broadlinecapital.com,VC/Investor
Sugarinc,Brian Sugar,brian@sugarinc.com,sugarinc.com,Corporate/Other
Arcticwolf,Brian M. NeSmith,brian@arcticwolf.com,arcticwolf.com,Corporate/Other
Yext,Brian Distelburger,brian@yext.com,yext.com,Corporate/Other
Cluster,Brenden Mulligan,brenden@cluster.co,cluster.co,Corporate/Other
Breakaway,Dennis Baldwin,dbaldwin@breakaway.com,breakaway.com,Corporate/Other
Brandnewmatter,Harald Kruse,harald@brandnewmatter.com,brandnewmatter.com,Corporate/Other
Brandfoundryvc,Andrew C. Mitchell,andrew@brandfoundryvc.com,brandfoundryvc.com,VC/Investor
Brandbuildingventures,Parker Gilbert,pgilbert@brandbuildingventures.com,brandbuildingventures.com,VC/Investor
Polleverywhere,Bradley Gessler,bradley@polleverywhere.com,polleverywhere.com,Corporate/Other
Tomorrowvc,Brad Holden,brad@tomorrowvc.com,tomorrowvc.com,VC/Investor
Fig,Bob Ippolito,bob@fig.co,fig.co,Corporate/Other
Blueheroncap,Mike Marcantonio,mike@blueheroncap.com,blueheroncap.com,Corporate/Other
Camberview,Blake R. Grossman,blake.grossman@camberview.com,camberview.com,Corporate/Other
Studymode,Blaine Vess,blaine@studymode.com,studymode.com,Corporate/Other
Blackpointgroup,David E. Shaw,dshaw@blackpointgroup.com,blackpointgroup.com,Corporate/Other
Biomaticscapital,Boris Nikolic,boris@biomaticscapital.com,biomaticscapital.com,VC/Investor
Bioeconomycapital,Robert Carlson,rob@bioeconomycapital.com,bioeconomycapital.com,VC/Investor
Bcgdv,Chris Rittenmeyer,chris.rittenmeyer@bcgdv.com,bcgdv.com,Corporate/Other
Battersonvp,Annie Piotrowski,annie@battersonvp.com,battersonvp.com,Corporate/Other
Bassinventures,Brian York,brian@bassinventures.com,bassinventures.com,VC/Investor
Scenicadvisement,Barrett Cohn,cohn@scenicadvisement.com,scenicadvisement.com,Corporate/Other
Rockthepost,Barbara Corcoran,corcoran@rockthepost.com,rockthepost.com,Corporate/Other
Balaclavalab,Ilja Terebin,ilja.terebin@balaclavalab.com,balaclavalab.com,Corporate/Other
Sheltercap,Bahram Nour-Omid,bahram@sheltercap.com,sheltercap.com,Corporate/Other
Bridge37,David Hite,david@bridge37.com,bridge37.com,Corporate/Other
Avx.Partners,Christopher Pacitti,chris@avx.partners,avx.partners,VC/Investor
Insidesales,Avanish Sahai,asahai@insidesales.com,insidesales.com,Corporate/Other
Automationalley,Daniel Raubinger,raubingerd@automationalley.com,automationalley.com,Corporate/Other
Co-Capital,Helen R.S. MacKenzie,helen@co-capital.com,co-capital.com,VC/Investor
Everblocksystems,Arnon Rosan,arnon@everblocksystems.com,everblocksystems.com,Corporate/Other
Xyfindit,Arie Trouw,arie.trouw@xyfindit.com,xyfindit.com,Corporate/Other
Smarsh,Stephen Marsh,smarsh@smarsh.com,smarsh.com,Corporate/Other
Augmentventures,Sonali Vijayavargiya,sonali@augmentventures.com,augmentventures.com,VC/Investor
Atriumcapital,Russell Pyne,rpyne@atriumcapital.com,atriumcapital.com,VC/Investor
Amci360,Jackie Baker,jackie.baker@amci360.com,amci360.com,Corporate/Other
Athenianvp,Medon A. Michaelides,michaelides@athenianvp.com,athenianvp.com,Corporate/Other
Ashbypoint,William J. Westervelt,bill@ashbypoint.com,ashbypoint.com,Corporate/Other
Founderscoop,Andy Sack,andy@founderscoop.com,founderscoop.com,Corporate/Other
Loews,Andrew H. Tisch,andrew.tisch@loews.com,loews.com,Corporate/Other
Advisorpartners,Andrew Rudd,arudd@advisorpartners.com,advisorpartners.com,VC/Investor
Neweuropevc,Andrew Rasiej,andrew@neweuropevc.com,neweuropevc.com,VC/Investor
Ooma,Andrew Frame,aframe@ooma.com,ooma.com,Corporate/Other
Apricotcapital.Wordpress,Peter C. Wernau,peter.wernau@apricotcapital.wordpress.com,apricotcapital.wordpress.com,VC/Investor
Appianvc,Stacey McKittrick,stacey@appianvc.com,appianvc.com,VC/Investor
Squarespace,Anthony Casalena,acasalena@squarespace.com,squarespace.com,Corporate/Other
23Andme,Anne Wojcicki,anne@23andme.com,23andme.com,Corporate/Other
Capriza,Amnon Landan,amnon@capriza.com,capriza.com,Corporate/Other
Quintype,Amit Rathore,amit@quintype.com,quintype.com,Corporate/Other
Taykey,Amit Avner,amit@taykey.com,taykey.com,Corporate/Other
Amgen,Janis Naeve,janis.naeve@amgen.com,amgen.com,Corporate/Other
Americanunderground,Adam Klein,aklein@americanunderground.com,americanunderground.com,Corporate/Other
Ambassador-Enterprises,Daryle Doden,daryle.doden@ambassador-enterprises.com,ambassador-enterprises.com,Corporate/Other
Alpereadvisors,Jeff Stacey,jeff@alpereadvisors.com,alpereadvisors.com,Corporate/Other
Cars,Alex Vetter,avetter@cars.com,cars.com,Corporate/Other
Batshitcrazy.Is,Alex Bogusky,alex@batshitcrazy.is,batshitcrazy.is,Corporate/Other
Pointgrow,Alessandro Annoscia,alessnam@pointgrow.com,pointgrow.com,Corporate/Other
Aldrichcap,Abdul Mateen,amateen@aldrichcap.com,aldrichcap.com,Corporate/Other
Video-Stitch,Aksel Piran,aksel.piran@video-stitch.com,video-stitch.com,Corporate/Other
Ags-Capital,Steven Blackburn,sblackburn@ags-capital.com,ags-capital.com,VC/Investor
Calnettech,Zack Schuler,zschuler@calnettech.com,calnettech.com,Corporate/Other
Theprivatebank,Zack S. Christensen,zchristensen@theprivatebank.com,theprivatebank.com,Corporate/Other
Diy.Org,Zach Klein,zach@diy.org,diy.org,Corporate/Other
Tocquigny,Yvonne Tocquigny,yvonne@tocquigny.com,tocquigny.com,Corporate/Other
Amium,Yuri Sagalov,yuri.sagalov@amium.com,amium.com,Corporate/Other
Allego,Yuchun Lee,ylee@allego.com,allego.com,Corporate/Other
Token.Io,Yobie Benjamin,yobie.benjamin@token.io,token.io,Corporate/Other
Avpgrowth,David T. Ibnale,david.ibnale@avpgrowth.com,avpgrowth.com,VC/Investor
Thalonet,Adam Toll,adam@thalonet.com,thalonet.com,Corporate/Other
Liftigniter,Adam Spector,adam@liftigniter.com,liftigniter.com,Corporate/Other
Contatta,Adam Ross,adam@contatta.com,contatta.com,Corporate/Other
Hipmunk,Adam Goldstein,adam@hipmunk.com,hipmunk.com,Corporate/Other
Applovin,Adam Foroughi,adam@applovin.com,applovin.com,Corporate/Other
Acornpacific.Ventures,Howard Chau,howard@acornpacific.ventures,acornpacific.ventures,VC/Investor
Aptify,Amith Nagarajan,amith.nagarajan@aptify.com,aptify.com,Corporate/Other
Abgcapital,Jason Tapolci,jason@abgcapital.com,abgcapital.com,VC/Investor
5Lightsgroup,Suzanne Passalacqua,suzanne@5lightsgroup.com,5lightsgroup.com,Corporate/Other
Ourcrowdfirst,Josh Jacobson,josh@ourcrowdfirst.com,ourcrowdfirst.com,Corporate/Other
Signalsciences,Zane Lackey,zane@signalsciences.com,signalsciences.com,Corporate/Other
Rsa,Zafar Baig,zafar.baig@rsa.com,rsa.com,Corporate/Other
Xand,Yatish Mishra,yatishm@xand.com,xand.com,Corporate/Other
Outbrain,Yaron Galai,yaron@outbrain.com,outbrain.com,Corporate/Other
Vuclip,Xinhui Niu,xniu@vuclip.com,vuclip.com,Corporate/Other
Xilinx,Moshe Gavrielov,moshe.gavrielov@xilinx.com,xilinx.com,Corporate/Other
Opencollective,Xavier Damman,xdamman@opencollective.com,opencollective.com,Corporate/Other
Woodsidefund,Rick Shriner,ricks@woodsidefund.com,woodsidefund.com,VC/Investor
Wolverineangels,Shane Kelly,shane@wolverineangels.com,wolverineangels.com,VC/Investor
Wiscpartners,Mike Splinter,msplinter@wiscpartners.com,wiscpartners.com,VC/Investor
Hydrosbottle,Winston Ibrahim,winston@hydrosbottle.com,hydrosbottle.com,Corporate/Other
Windhamventures,Adam E. Fine,afine@windhamventures.com,windhamventures.com,VC/Investor
Walkerdunlop,Willy Walker,wwalker@walkerdunlop.com,walkerdunlop.com,Corporate/Other
Whitehartventures,David King Lassman,dkl@whitehartventures.com,whitehartventures.com,VC/Investor
Voeazul.Br,Michael P. Lazarus,michael.lazarus@voeazul.com.br,voeazul.com.br,Corporate/Other
Wcmgmt,Robert T. Flores,rflores@wcmgmt.com,wcmgmt.com,Corporate/Other
Quadmetrics,Wesley Knox Huffstutter,wes@quadmetrics.com,quadmetrics.com,Corporate/Other
Wellfleetcapital,P.H. Benjamin Chang,phbc@wellfleetcapital.com,wellfleetcapital.com,VC/Investor
Wasserco,Robert A. Fogelson,rf@wasserco.com,wasserco.com,Corporate/Other
Wcvonline,Lev Volftsun,lev@wcvonline.com,wcvonline.com,Corporate/Other
Waldenwoodsholdings,Brett Hershey,brett.hershey@waldenwoodsholdings.com,waldenwoodsholdings.com,Corporate/Other
Wakefieldgroup,Thomas C. Nelson,tom@wakefieldgroup.com,wakefieldgroup.com,Corporate/Other
Appliedminds,W. Daniel Hillis,danny@appliedminds.com,appliedminds.com,Corporate/Other
Voodooventures,Chris Schultz,cschultz@voodooventures.com,voodooventures.com,VC/Investor
Voltaglobal,Jeff Evans,jevans@voltaglobal.com,voltaglobal.com,Corporate/Other
Wooqer,Vishal Purohit,vishal@wooqer.com,wooqer.com,Corporate/Other
Gozaik,Venkat Janapareddy,venkat@gozaik.com,gozaik.com,Corporate/Other
Venbio,Robert J. Adelman,radelman@venbio.com,venbio.com,Corporate/Other
Tidepool,Vamsee Nalamothu,vnalamothu@tidepool.co,tidepool.co,Corporate/Other
Aviary,Vijay Vachani,vijay@aviary.com,aviary.com,Corporate/Other
Workato,Vijay Tella,vijay.tella@workato.com,workato.com,Corporate/Other
Edgespring,Vijay Chakravarthy,vijay@edgespring.com,edgespring.com,Corporate/Other
Edamam,Victor V. Penev,victor@edamam.com,edamam.com,Corporate/Other
Vestigoventures,Ian W. Sheridan,isheridan@vestigoventures.com,vestigoventures.com,VC/Investor
Coca-Cola,Matthew Mitchell,mmitchell@coca-cola.com,coca-cola.com,Corporate/Other
Ventureoutny,Brian Frumberg,brian.frumberg@ventureoutny.com,ventureoutny.com,Corporate/Other
Vnpartners,Randell Young,randell.young@vnpartners.com,vnpartners.com,VC/Investor
Valor,Lisa Calhoun,lisa@valor.vc,valor.vc,VC/Investor
Legendsoflearning,Vadim Polikov,vadim@legendsoflearning.com,legendsoflearning.com,Corporate/Other
Utah.Gov,Ivy Estabrooke,iestabrooke@utah.gov,utah.gov,Corporate/Other
Usbusinessincubator,Ronald J. Fichera,rfichera@usbusinessincubator.com,usbusinessincubator.com,Corporate/Other
Usangelinvestors,John Ricci,john@usangelinvestors.com,usangelinvestors.com,VC/Investor
Utah.Edu,Thomas N. Parks,tom.parks@utah.edu,utah.edu,Corporate/Other
Sciencecenter.Org,Stephen S. Tang,stang@sciencecenter.org,sciencecenter.org,Corporate/Other
Underdogventures,David Berge,david@underdogventures.com,underdogventures.com,VC/Investor
Groupgifting,Tyler Roye,tyler@groupgifting.com,groupgifting.com,Corporate/Other
Twincitiesangels,Brent Shelton,brent@twincitiesangels.com,twincitiesangels.com,VC/Investor
Ids615,Turner Nashe,turner.nashe@ids615.com,ids615.com,Corporate/Other
Turkialmadhi,Turki Almadhi,turkialmadhi@turkialmadhi.com,turkialmadhi.com,Corporate/Other
Karmalaunch,Tuoc Vinh Luong,tuoc@karmalaunch.com,karmalaunch.com,Corporate/Other
Seraphgroup.Net,Tuff Yen,tuff@seraphgroup.net,seraphgroup.net,Corporate/Other
Tsaicapital,Christopher Tsai,ctsai@tsaicapital.com,tsaicapital.com,VC/Investor
Troycapitalpartners,Josh Berman,josh.berman@troycapitalpartners.com,troycapitalpartners.com,VC/Investor
Trincapinvestment,Steven Brown,sbrown@trincapinvestment.com,trincapinvestment.com,VC/Investor
Ifonly,Trevor Traina,trevor@ifonly.com,ifonly.com,Corporate/Other
Solutionstream,Travis Cook,travis@solutionstream.com,solutionstream.com,Corporate/Other
Traversevp,Josh Green,jgreen@traversevp.com,traversevp.com,Corporate/Other
Zeroturnaround,Toomas Römer,toomas@zeroturnaround.com,zeroturnaround.com,Corporate/Other
Yapstone,Tom Villante,tvillante@yapstone.com,yapstone.com,Corporate/Other
Cloudant,Tom O'Connell,tom@cloudant.com,cloudant.com,Corporate/Other
Tomandjoe,Tom Lotrecchiano,tom@tomandjoe.com,tomandjoe.com,Corporate/Other
Aweber,Tom Kulzer,kulzer@aweber.com,aweber.com,Corporate/Other
Fairwayoutdoor,Tom Burgess,tom.burgess@fairwayoutdoor.com,fairwayoutdoor.com,Corporate/Other
Jegi,Tolman Geffs,tolmang@jegi.com,jegi.com,Corporate/Other
Momentum.Mobilemonday.Us,Todd Parker,tparker@momentum.mobilemonday.us,momentum.mobilemonday.us,Corporate/Other
Orix,Todd McDonald,todd.mcdonald@orix.com,orix.com,Corporate/Other
Intelliworks,Todd Gibby,todd.gibby@intelliworks.com,intelliworks.com,Corporate/Other
Viralgains,Tod Loofbourrow,tod@viralgains.com,viralgains.com,Corporate/Other
Tiphub.Org,Chinedu Enekwe,chinedu@tiphub.org,tiphub.org,Corporate/Other
Fearlessvr,Timothy Suzman,tim@fearlessvr.com,fearlessvr.com,Corporate/Other
Appia,Timothy Oakley,tim.oakley@appia.com,appia.com,Corporate/Other
Timelesscapital,Karam Hinduja,karam@timelesscapital.co,timelesscapital.co,VC/Investor
Mixpanel,Tim Trefren,tim@mixpanel.com,mixpanel.com,Corporate/Other
Thinkgaming,Tim Ogilvie,togilvie@thinkgaming.com,thinkgaming.com,Corporate/Other
Chargesmart,Tim Brinkman,tbrinkman@chargesmart.com,chargesmart.com,Corporate/Other
Personallifemedia,Tim Bratton,tim@personallifemedia.com,personallifemedia.com,Corporate/Other
Tidecrestcapital,Fadi George Madanat,fgm@tidecrestcapital.com,tidecrestcapital.com,VC/Investor
Threeleafventures,Sean Kearney,skearney@threeleafventures.com,threeleafventures.com,VC/Investor
Show-Score,Thomas Melcher,tom.melcher@show-score.com,show-score.com,Corporate/Other
Marineventures.Org,Thomas McMurray,tom@marineventures.org,marineventures.org,VC/Investor
Uhy-Us,Thomas Callan,tcallan@uhy-us.com,uhy-us.com,Corporate/Other
Thirdshoregroup,Mike Donoughe,mike@thirdshoregroup.com,thirdshoregroup.com,Corporate/Other
Thirdsecurity,Doit L. Koppler,doit.koppler@thirdsecurity.com,thirdsecurity.com,Corporate/Other
Thinkbeyondplastic,Gregory T. Baxter,gbaxter@thinkbeyondplastic.com,thinkbeyondplastic.com,Corporate/Other
Learnboost,Thianh Lu,tlu@learnboost.com,learnboost.com,Corporate/Other
Hillmanco,Eric C. Johnson,ejohnson@hillmanco.com,hillmanco.com,Corporate/Other
Theglimpsegroup,Maydan Rothblum,maydan@theglimpsegroup.com,theglimpsegroup.com,Corporate/Other
Theexplorergroup,Daniel J. Laury,daniel@theexplorergroup.com,theexplorergroup.com,Corporate/Other
Theeleosfoundation,Jim Villanueva,jim@theeleosfoundation.com,theeleosfoundation.com,Corporate/Other
Thechatterjeegroup,Purnendu Chatterjee,purnendu.chatterjee@thechatterjeegroup.com,thechatterjeegroup.com,Corporate/Other
Aurorafunds,Jefferson B. Clark,jclark@aurorafunds.com,aurorafunds.com,VC/Investor
Aspectventures,Theresia Ranzetta Gouw,theresia@aspectventures.com,aspectventures.com,VC/Investor
Theoremventures,Andy Getsey,andy@theoremventures.com,theoremventures.com,VC/Investor
Roboticshub.Io,Christopher Moehle,chris@roboticshub.io,roboticshub.io,Corporate/Other
Longevity,Laura Deming,laura@longevity.vc,longevity.vc,VC/Investor
Farner.Net,Peter W. Farner,pete@farner.net,farner.net,Corporate/Other
Twc.State.Tx.Us,Aaron Demerson,aaron.demerson@twc.state.tx.us,twc.state.tx.us,Corporate/Other
Trialpay,Terry Angelos,terry@trialpay.com,trialpay.com,Corporate/Other
Garnetttheis,Terence John Garnett,terence.garnett@garnetttheis.com,garnetttheis.com,Corporate/Other
Telesoftvc,Al Howard,alh@telesoftvc.com,telesoftvc.com,VC/Investor
Tel,Keiichi Enjoji,keiichi.enjoji@tel.com,tel.com,Corporate/Other
Neustar.Biz,Ted Prince,ted.prince@neustar.biz,neustar.biz,Corporate/Other
Wisercare,Ted Meisel,tedmeisel@wisercare.com,wisercare.com,Corporate/Other
Playersearch,Ted Kasten,ted@playersearch.com,playersearch.com,Corporate/Other
Adp,Ted Huffman,ted.huffman@adp.com,adp.com,Corporate/Other
Techvenpartners,James H. Luby,jim.luby@techvenpartners.com,techvenpartners.com,VC/Investor
Techuangels,Natanel Barookhian,natanel@techuangels.com,techuangels.com,VC/Investor
Techtowndetroit.Org,Regina Ann Campbell,regina.campbell@techtowndetroit.org,techtowndetroit.org,Corporate/Other
Techpad.Org,Bob Summers,bob@techpad.org,techpad.org,Corporate/Other
Technexus,Brendan Karp,brendan@technexus.com,technexus.com,Corporate/Other
Teachforamerica.Org,Priscilla Forsyth,priscilla.forsyth@teachforamerica.org,teachforamerica.org,Corporate/Other
Tbgholdings.Us,Sharon R Ford,sford@tbgholdings.us,tbgholdings.us,Corporate/Other
Demandmedia,Tawn Albright,tawn@demandmedia.com,demandmedia.com,Corporate/Other
Taurus,Hemant Bhardwaj,hemant@taurus.vc,taurus.vc,VC/Investor
Rightside,Taryn Jogi Naidu,taryn.naidu@rightside.co,rightside.co,Corporate/Other
Mdsol,Tarek A. Sherif,tsherif@mdsol.com,mdsol.com,Corporate/Other
Taqniainternational,Mashael Makhadmi,mashael@taqniainternational.com,taqniainternational.com,Corporate/Other
Tapadvisors,David G. Lowham,dlowham@tapadvisors.com,tapadvisors.com,Corporate/Other
Rangelightllc,Tao Huang,tao.huang@rangelightllc.com,rangelightllc.com,Corporate/Other
Csc,Tammy Brandt,tbrandt@csc.com,csc.com,Corporate/Other
Triplay-Inc,Tamir Koch,tamir@triplay-inc.com,triplay-inc.com,Corporate/Other
Ethology,Mike Barbeau,mike.barbeau@ethology.com,ethology.com,Corporate/Other
Talenttechlabs,Jonathan F. Kestenbaum,jkestenbaum@talenttechlabs.com,talenttechlabs.com,Corporate/Other
Synetro,Pantelis A. Georgiadis,pgeorgiadis@synetro.com,synetro.com,Corporate/Other
Scafg,David Chait,david.chait@scafg.com,scafg.com,Corporate/Other
Syncom,Terry L. Jones,tjones@syncom.com,syncom.com,Corporate/Other
Symarkllc,Bill R. Sanford,bsanford@symarkllc.com,symarkllc.com,Corporate/Other
Docspera,Sy Fahimi,sy@docspera.com,docspera.com,Corporate/Other
Adroll,Suresh Khanna,suresh@adroll.com,adroll.com,Corporate/Other
Superventures,Matt Miesnieks,matt@superventures.com,superventures.com,VC/Investor
Sunrisecapital,Rick Slaughter,rslaughter@sunrisecapital.com,sunrisecapital.com,VC/Investor
Signiaventurepartners,Sunny Dhillon,sunny@signiaventurepartners.com,signiaventurepartners.com,VC/Investor
Blissmo,Sundeep Ahuja,sundeep@blissmo.com,blissmo.com,Corporate/Other
Statebnk,Sushil Patel,scpatel@statebnk.com,statebnk.com,Corporate/Other
Standdesk,Steven Yu,syu@standdesk.co,standdesk.co,Corporate/Other
Aviatrix,Steven Mih,steven.mih@aviatrix.com,aviatrix.com,Corporate/Other
Primetgi,Sudhakar Goverdhanam,sgoverdhanam@primetgi.com,primetgi.com,Corporate/Other
Deftapartners,Stuart Gannes,sgannes@deftapartners.com,deftapartners.com,VC/Investor
Strv,David Semerad,david@strv.com,strv.com,Corporate/Other
Straydogcapital,Lisa Feria,lferia@straydogcapital.com,straydogcapital.com,VC/Investor
Point72,Steven A. Cohen,steven.cohen@point72.com,point72.com,Corporate/Other
Famo.Us,Steve Newcomb,steve@famo.us,famo.us,Corporate/Other
Keypathedu,Steve C. Fireng,steve.fireng@keypathedu.com,keypathedu.com,Corporate/Other
Callistomedia,Steve Bennet,sbennet@callistomedia.com,callistomedia.com,Corporate/Other
Sternaegis,Cassel Shapiro,cassel@sternaegis.com,sternaegis.com,Corporate/Other
Fusionio,Stephen Gary Wozniak,wozniak@fusionio.com,fusionio.com,Corporate/Other
Starr-Restaurant,Stephen Starr,stephen.starr@starr-restaurant.com,starr-restaurant.com,Corporate/Other
Claritypartners.Net,Stephen P. Rader,spr@claritypartners.net,claritypartners.net,VC/Investor
Riot,Stephen H. Marcus,stephen.marcus@riot.vc,riot.vc,VC/Investor
Missioncap,Stephen Emery,semery@missioncap.com,missioncap.com,Corporate/Other
Dreamdinners,Stephanie Allen,stephanie.allen@dreamdinners.com,dreamdinners.com,Corporate/Other
Startuprunner,Derick Thompson,derickthompson@startuprunner.com,startuprunner.com,Corporate/Other
Startuphouse,Elias Bizannes,elias@startuphouse.com,startuphouse.com,Corporate/Other
Startupangel.Net,David Diamond,david@startupangel.net,startupangel.net,Corporate/Other
Startup52,Chike Ukaegbu,chike@startup52.com,startup52.com,Corporate/Other
Kudoso,Rob Irizarry,rob@kudoso.com,kudoso.com,Corporate/Other
Stanford.Edu,Thomas Byers,tbyers@stanford.edu,stanford.edu,Corporate/Other
Squareonedsm,Mike Colwell,mike@squareonedsm.com,squareonedsm.com,Corporate/Other
Thefireflygrp,David Mann,dmann@thefireflygrp.com,thefireflygrp.com,Corporate/Other
Readycart,Jesse Morris,jesse@readycart.com,readycart.com,Corporate/Other
Seinteractive,Steve Rakes,steve@seinteractive.com,seinteractive.com,Corporate/Other
Southxfe,Travis Farese,travis@southxfe.com,southxfe.com,Corporate/Other
Operasolutions,Shishir Kapoor,skapoor@operasolutions.com,operasolutions.com,Corporate/Other
Winterpartners,Shirish Sathaye,shirish@winterpartners.com,winterpartners.com,VC/Investor
Cabinetm,Sheryl Schultz,sschultz@cabinetm.com,cabinetm.com,Corporate/Other
Jelastic,Soeren von Varchmin,svarchmin@jelastic.com,jelastic.com,Corporate/Other
2Dialog,John E. Walvoord,jwalvoord@2dialog.com,2dialog.com,Corporate/Other
Sipplinvestments,Glenn C. Myers,glenn@sipplinvestments.com,sipplinvestments.com,VC/Investor
Simon.Rochester.Edu,Mikayla Hart,mikayla.hart@simon.rochester.edu,simon.rochester.edu,Corporate/Other
Mccann,Simon Bond,simon.bond@mccann.com,mccann.com,Corporate/Other
Swoop,Simeon Simeonov,sim@swoop.com,swoop.com,Corporate/Other
Silverhazepartners,Sarah Godwin,sgodwin@silverhazepartners.com,silverhazepartners.com,VC/Investor
Coinplug,Richard Yun,ryun@coinplug.com,coinplug.com,Corporate/Other
Svvgroup,Rick McGlone,rwm@svvgroup.com,svvgroup.com,Corporate/Other
Handle,Shawn T. Carolan,shawn@handle.com,handle.com,Corporate/Other
Tie.Org,Shaukat Shamim,shaukat@tie.org,tie.org,Corporate/Other
Highfive,Shantanu Sinha,shantanu@highfive.com,highfive.com,Corporate/Other
Videosurf,Shai Deljo,shai@videosurf.com,videosurf.com,Corporate/Other
Sesameworkshop.Org,Tanya Haider,tanya.haider@sesameworkshop.org,sesameworkshop.org,Corporate/Other
Sequelvc,Kinney L. Johnson,kinney@sequelvc.com,sequelvc.com,VC/Investor
Segmentcapital,Evan M. Schwartzfarb,evan@segmentcapital.com,segmentcapital.com,VC/Investor
Seedphilly,Brad Denenberg,brad.denenberg@seedphilly.com,seedphilly.com,VC/Investor
Seavesthcp,Shakawat Chowdhury,shakawat.chowdhury@seavesthcp.com,seavesthcp.com,Corporate/Other
Searscapital.Net,Lowell E. Sears,lowell@searscapital.net,searscapital.net,VC/Investor
Headspace,Sean Brecker,sean@headspace.com,headspace.com,Corporate/Other
Zirx,Sean Behr,sean@zirx.com,zirx.com,Corporate/Other
Thrivecommerce,Scott Bohrer,scott@thrivecommerce.com,thrivecommerce.com,Corporate/Other
Sausalitoventures,Carlos S. Baradello,carlos@sausalitoventures.com,sausalitoventures.com,VC/Investor
Seaburygroup,Margaret L. Chan,mchan@seaburygroup.com,seaburygroup.com,Corporate/Other
Fareness,Scott Wainner,swainner@fareness.com,fareness.com,Corporate/Other
Sparksonline,Scott J. Tarte,starte@sparksonline.com,sparksonline.com,Corporate/Other
Bollandbranch,Scott Tannen,scott@bollandbranch.com,bollandbranch.com,Corporate/Other
Crowdly,Scott Segel,scott@crowdly.com,crowdly.com,Corporate/Other
Theexperienceengine,Scott Sahadi,scott@theexperienceengine.com,theexperienceengine.com,Corporate/Other
Evconnect,Scott M. Jarus,scott@evconnect.com,evconnect.com,VC/Investor
Playboy,Scott N. Flanders,sflanders@playboy.com,playboy.com,Corporate/Other
Prodege,Scott Dudelson,scott.d@prodege.com,prodege.com,Corporate/Other
Kapricasecurity,Scott Cohen,scott.cohen@kapricasecurity.com,kapricasecurity.com,Corporate/Other
Winnielabs,Sara Mauskopf,sara@winnielabs.com,winnielabs.com,Corporate/Other
Fishbowl,Sanjog Gad,sanjog.gad@fishbowl.com,fishbowl.com,Corporate/Other
Wso2,Sanjiva Weerawarana,sanjiva@wso2.com,wso2.com,Corporate/Other
Pwnhealth,Sanjay Pingle,spingle@pwnhealth.com,pwnhealth.com,Corporate/Other
Service,Sandy Kronenberg,sandy@service.com,service.com,Corporate/Other
Becker-Consult,Ronny Ginor,ron.ginor@becker-consult.com,becker-consult.com,Corporate/Other
Nextjuggernaut,Samar Singla,samar@nextjuggernaut.com,nextjuggernaut.com,Corporate/Other
Wavefront,Sam Pullara,spullara@wavefront.com,wavefront.com,Corporate/Other
Mycollife,Sam Kann,sam.kann@mycollife.com,mycollife.com,Corporate/Other
Getsnippit,Sam Jurist,sjurist@getsnippit.com,getsnippit.com,Corporate/Other
Kleverlogic,Sam Goodner,sam.goodner@kleverlogic.com,kleverlogic.com,Corporate/Other
Clearhead.Me,Sam Decker,sam.decker@clearhead.me,clearhead.me,Corporate/Other
Shoto,Sachin Dev Duggal,sachin@shoto.com,shoto.com,Corporate/Other
Posterous,Sachin Agarwal,sachin@posterous.com,posterous.com,Corporate/Other
Instacoll,Sabeer Bhatia,sabeer@instacoll.com,instacoll.com,Corporate/Other
Radeeus,Ryan Rockefeller,ryan@radeeus.com,radeeus.com,Corporate/Other
Hackerone,Ryan McGeehan,ryan.mcgeehan@hackerone.com,hackerone.com,Corporate/Other
Texturacorp,Ryan Lawrence,ryan.lawrence@texturacorp.com,texturacorp.com,Corporate/Other
Lutz.Us,Ryan Cook,rcook@lutz.us,lutz.us,Corporate/Other
Zoomdata,Russ Cosentino,russ@zoomdata.com,zoomdata.com,Corporate/Other
Heleo,Rufus Griscom,rufus@heleo.com,heleo.com,Corporate/Other
Rsfsocialfinance.Org,Mike Gabriel,mike.gabriel@rsfsocialfinance.org,rsfsocialfinance.org,Corporate/Other
Rsinvestments,Kevin Kelly,kevin.kelly@rsinvestments.com,rsinvestments.com,VC/Investor
Symphonytg,Romesh Wadhwani,romesh@symphonytg.com,symphonytg.com,Corporate/Other
Smart265Funds.Org,Roger Weber,roger@smart265funds.org,smart265funds.org,VC/Investor
Wevideo,Roger Larsen,roger@wevideo.com,wevideo.com,Corporate/Other
Rocketclub,Erik Chan,erik@rocketclub.co,rocketclub.co,Corporate/Other
Clicktripz,Ross Weber,ross@clicktripz.com,clicktripz.com,Corporate/Other
Rosetta-Capital,Steven B. Wright,swright@rosetta-capital.com,rosetta-capital.com,VC/Investor
Rocketventures.Org,Larry Roberts,roberts@rocketventures.org,rocketventures.org,VC/Investor
Rockcreekpartners,Arthur L. Cahoon,acahoon@rockcreekpartners.com,rockcreekpartners.com,VC/Investor
Raedi,Gary Smith,gsmith@raedi.com,raedi.com,Corporate/Other
Vytalize,Robert Howe,robert.howe@vytalize.com,vytalize.com,Corporate/Other
Glassdoor,Robert Hohman,robert@glassdoor.com,glassdoor.com,Corporate/Other
Coastlandtechnologies,Robert Gersten,rgersten@coastlandtechnologies.com,coastlandtechnologies.com,Corporate/Other
Linear,Robert C. Dobkin,rdobkin@linear.com,linear.com,Corporate/Other
Crimsonseedcapital,Robert A. Stringer,bob@crimsonseedcapital.com,crimsonseedcapital.com,VC/Investor
Collegescheduler,Robert Strazzarino,robert.strazzarino@collegescheduler.com,collegescheduler.com,Corporate/Other
Soldoutsports,Robert Smith,robert.smith@soldoutsports.com,soldoutsports.com,Corporate/Other
Bglco,Robert Pietrick,rpietrick@bglco.com,bglco.com,Corporate/Other
Liveapp,Robert Levitan,robert@liveapp.com,liveapp.com,Corporate/Other
Mercurytouch.Net,Robert Crabbs,robert@mercurytouch.net,mercurytouch.net,Corporate/Other
Egiscp,Robert M. Chefitz,rchefitz@egiscp.com,egiscp.com,Corporate/Other
Fittingroomapp,Robbert Visser,robbert@fittingroomapp.com,fittingroomapp.com,Corporate/Other
Agileswitch,Rob Weber,rob@agileswitch.com,agileswitch.com,Corporate/Other
Flow.Io,Rob Keve,rob@flow.io,flow.io,Corporate/Other
Dyrdek,Rob Dyrdek,rob@dyrdek.com,dyrdek.com,Corporate/Other
Leeco,Rob Chandhok,rob.chandhok@leeco.com,leeco.com,Corporate/Other
Gocatalant,Rob Biederman,rbiederman@gocatalant.com,gocatalant.com,Corporate/Other
Coupa,Rob Bernshteyn,rob.bernshteyn@coupa.com,coupa.com,Corporate/Other
Alphadetail,Rishi Varma,rvarma@alphadetail.com,alphadetail.com,Corporate/Other
Hifiventures,Rishi Mallik,rishi.mallik@hifiventures.co,hifiventures.co,VC/Investor
Supmenow,Richard Pleeth,rich@supmenow.com,supmenow.com,Corporate/Other
Comprehend,Richard V. Morrison,rmorrison@comprehend.com,comprehend.com,Corporate/Other
Flykavoo,Richard Humphrey,rhumphrey@flykavoo.com,flykavoo.com,Corporate/Other
Costco,Richard A. Galanti,rgalanti@costco.com,costco.com,Corporate/Other
Lingolive,Ricky Wong,ricky@lingolive.com,lingolive.com,Corporate/Other
Pitchbook,Richard Diefendorf,rod.diefendorf@pitchbook.com,pitchbook.com,Corporate/Other
Icebox-Water,Andrew Reynolds,areynolds@icebox-water.com,icebox-water.com,Corporate/Other
Researchvalleyfunds,James Y. Lancaster,james@researchvalleyfunds.com,researchvalleyfunds.com,VC/Investor
Illinois.Edu,Laura Frerichs,lfrerich@illinois.edu,illinois.edu,Corporate/Other
Rpi.Edu,Virginia C. Gregg,greggv@rpi.edu,rpi.edu,Corporate/Other
Biohealthinnovation.Org,Ethan Byler,ebyler@biohealthinnovation.org,biohealthinnovation.org,Corporate/Other
Reimaginedventures,Josh Porter,josh@reimaginedventures.com,reimaginedventures.com,VC/Investor
Gan.Ventures,Reilly Flynn,reilly@gan.ventures,gan.ventures,VC/Investor
Tutegenomics,Reid J. Robison,reid@tutegenomics.com,tutegenomics.com,Corporate/Other
Redstar,Joseph Chung,joe@redstar.com,redstar.com,Corporate/Other
Redeagleventures,David S. Pottruck,dave@redeagleventures.com,redeagleventures.com,VC/Investor
Reallylikeablepeople,Jon Humphrey,jon.humphrey@reallylikeablepeople.com,reallylikeablepeople.com,Corporate/Other
Razorbackcapital,Deborah L. Everly,deborah.everly@razorbackcapital.com,razorbackcapital.com,VC/Investor
Collatebox,Ravindra Krishnappa,ravindra@collatebox.com,collatebox.com,Corporate/Other
Poppin,Randy Nicolau,randy@poppin.com,poppin.com,Corporate/Other
Zuckerbergmedia,Randi Jayne Zuckerberg,randi@zuckerbergmedia.com,zuckerbergmedia.com,Corporate/Other
Synqq,Ramu V. Sunkara,ramu@synqq.com,synqq.com,Corporate/Other
Rampequity,Stan Monlux,stan@rampequity.com,rampequity.com,VC/Investor
Inform,Ramesh Pidikiti,ramesh.pidikiti@inform.com,inform.com,Corporate/Other
Indusadvisory,Ram Reddy,rreddy@indusadvisory.com,indusadvisory.com,Corporate/Other
Plangrid,Ralph Gootee,ralph@plangrid.com,plangrid.com,Corporate/Other
Elevarequity,Rajsekhar Ramaraj,ramaraj@elevarequity.com,elevarequity.com,VC/Investor
Fungcapitalusa,Rajesh Ranavat,rranavat@fungcapitalusa.com,fungcapitalusa.com,VC/Investor
Kannact,Rajeev Krishnan,rk@kannact.com,kannact.com,Corporate/Other
Raizlabs,Greg Raiz,graiz@raizlabs.com,raizlabs.com,Corporate/Other
Superhuman,Rahul Vohra,rahul.vohra@superhuman.com,superhuman.com,Corporate/Other
Spunlogic,Raghu Kakarala,raghu.kakarala@spunlogic.com,spunlogic.com,Corporate/Other
Khronos,Rafael Mayer,rmayer@khronos.com,khronos.com,Corporate/Other
Radiusventures,Neenah Jain,njain@radiusventures.com,radiusventures.com,VC/Investor
Cmea,Rachel Sheinbein,rachel@cmea.com,cmea.com,Corporate/Other
Xenex,Rachael Sparks,rachael.sparks@xenex.com,xenex.com,Corporate/Other
Qmassociates,Joshua Livnat,joshua.livnat@qmassociates.com,qmassociates.com,Corporate/Other
Quabbincapital,Steven A. Leese,steven.leese@quabbincapital.com,quabbincapital.com,VC/Investor
Puretechhealth,Eric Elenko,eelenko@puretechhealth.com,puretechhealth.com,Corporate/Other
Portageadvisors,Michael J. Leffell,mleffell@portageadvisors.com,portageadvisors.com,Corporate/Other
Femgineer,Poornima Vijayashanker,poornima@femgineer.com,femgineer.com,Corporate/Other
Pontifaxagtech,Philip Erlanger,phil@pontifaxagtech.com,pontifaxagtech.com,Corporate/Other
Pjmadvisors,Patrick J. Moore,patrick.moore@pjmadvisors.com,pjmadvisors.com,Corporate/Other
Providenthp,Edward J. Bernazzani,ebernazzani@providenthp.com,providenthp.com,Corporate/Other
Providence.Org,Aaron Martin,aaron.martin2@providence.org,providence.org,Corporate/Other
Protaventures,Perry Azevedo,perry@protaventures.com,protaventures.com,VC/Investor
Avanoo,Prosper Nwankpa,prosper@avanoo.com,avanoo.com,Corporate/Other
Prolificinteractive,Junho Kim,junho@prolificinteractive.com,prolificinteractive.com,Corporate/Other
Pvglobal,Matt Krna,matt@pvglobal.com,pvglobal.com,Corporate/Other
Collectivehealth,Preston Tollinger,preston@collectivehealth.com,collectivehealth.com,Corporate/Other
Pgvp,Paul R. Batcheller,batcheller@pgvp.com,pgvp.com,Corporate/Other
Ringcentral,Praful Shah,prafuls@ringcentral.com,ringcentral.com,Corporate/Other
Potomacenergyfund,Goodloe E. Byron,gbyron@potomacenergyfund.com,potomacenergyfund.com,VC/Investor
Thielcapital,Phin Upham,pupham@thielcapital.com,thielcapital.com,VC/Investor
Philquo,Philip Engelhardt,philip.engelhardt@philquo.com,philquo.com,Corporate/Other
Blackhornvc,Philip O'Connor,philip@blackhornvc.com,blackhornvc.com,VC/Investor
Siriscapital,Philip Lo,lo@siriscapital.com,siriscapital.com,VC/Investor
Wgains,Philip J Edmundson,pedmundson@wgains.com,wgains.com,Corporate/Other
Freedom.To,Philip Amalong,phil@freedom.to,freedom.to,Corporate/Other
Triabeauty,Peter Wyles,peter@triabeauty.com,triabeauty.com,Corporate/Other
Hourlynerd,Peter Maglathlin,peter@hourlynerd.com,hourlynerd.com,Corporate/Other
Talentbin,Peter Kazanjy,peter.kazanjy@talentbin.com,talentbin.com,Corporate/Other
Coloradogreentours,Peter Johnson,guide@coloradogreentours.com,coloradogreentours.com,Corporate/Other
Fotobom,Perry LaForge,perry@fotobom.com,fotobom.com,Corporate/Other
Peeryfoundation.Org,David Peery,david@peeryfoundation.org,peeryfoundation.org,Corporate/Other
Pearson,Katelyn Donnelly,katelyn.donnelly@pearson.com,pearson.com,Corporate/Other
Dynamiteapp,Paul Vidich,paul@dynamiteapp.com,dynamiteapp.com,Corporate/Other
Top-Fan,Paul Rappoport,paul.rappoport@top-fan.com,top-fan.com,Corporate/Other
Empyreanbenefits,Paul Rafalowski,prafalowski@empyreanbenefits.com,empyreanbenefits.com,Corporate/Other
Ipipeline,Paul Melchiorre,pmelchiorre@ipipeline.com,ipipeline.com,Corporate/Other
Ori,Paul Fraser,paulfraser@ori.com,ori.com,Corporate/Other
Bayesimpact.Org,Paul Duan,paul@bayesimpact.org,bayesimpact.org,Corporate/Other
Tracelink,Paul Cianciolo,pcianciolo@tracelink.com,tracelink.com,Corporate/Other
Manischewitz,Paul Bensabat,paul.bensabat@manischewitz.com,manischewitz.com,Corporate/Other
Captora,Paul Albright,paul@captora.com,captora.com,Corporate/Other
Insulet,Patrick J. Sullivan,patrick.sullivan@insulet.com,insulet.com,Corporate/Other
Teradiode,Parviz Tayebati,parviz.tayebati@teradiode.com,teradiode.com,Corporate/Other
Fabernovel,Stéphane Distinguin,stephane.distinguin@fabernovel.com,fabernovel.com,Corporate/Other
Papillon,Shekar Narasimhan,shekhar@papillon.vc,papillon.vc,VC/Investor
Cartogr.Am,Paolo Alimonti,paolo@cartogr.am,cartogr.am,Corporate/Other
Panaceacap,Samuel G. Rubenstein,srubenstein@panaceacap.com,panaceacap.com,Corporate/Other
Palisadesgrowth,Paul N. D'Addario,paul@palisadesgrowth.com,palisadesgrowth.com,VC/Investor
P39Capital,Ray Nathan,ray@p39capital.com,p39capital.com,VC/Investor
Galxyz,Osman Rashid,osman@galxyz.com,galxyz.com,Corporate/Other
Poynt,Osama Bedier,osama@poynt.com,poynt.com,Corporate/Other
Cityscan,Orlando Saez,osaez@cityscan.com,cityscan.com,Corporate/Other
Matterport,Oren Tversky,oren@matterport.com,matterport.com,Corporate/Other
Opus8,Laurie M. Freeman,lfreeman@opus8.com,opus8.com,Corporate/Other
Opportunityhub,Earl Coleman,earl@opportunityhub.co,opportunityhub.co,Corporate/Other
Etouches,Oni Chukwu,oni.chukwu@etouches.com,etouches.com,Corporate/Other
Oncorps.Org,Robert Suh,robert@oncorps.org,oncorps.org,Corporate/Other
Omninet,Neil Kadisha,neil@omninet.com,omninet.com,Corporate/Other
Trystatus,Omar Seyal,omar@trystatus.com,trystatus.com,Corporate/Other
Sfwcap,Omair Sarwar,osarwar@sfwcap.com,sfwcap.com,Corporate/Other
Datadoghq,Olivier Pomel,olivier@datadoghq.com,datadoghq.com,Corporate/Other
Theaudience,Oliver Luckett,oliver@theaudience.com,theaudience.com,Corporate/Other
Clearpointventures,Oliver Guinness,oliver.guinness@clearpointventures.com,clearpointventures.com,VC/Investor
Ifc.Org,Olawale Ayeni,olawale@ifc.org,ifc.org,Corporate/Other
Okmcapital,Donna Cordner,donna@okmcapital.com,okmcapital.com,VC/Investor
Octaneoc.Org,Christina Alexopoulos-Smith,christina@octaneoc.org,octaneoc.org,Corporate/Other
Oceanic.Us,Jaclyn Strife,jaclyn@oceanic.us,oceanic.us,Corporate/Other
Obcapllc,Michael J. Pollock,mpollock@obcapllc.com,obcapllc.com,Corporate/Other
Invitedhome,Henry Parry-Okeden,henry@invitedhome.com,invitedhome.com,Corporate/Other
Nxtcapital,Anurag Chandra,achandra@nxtcapital.com,nxtcapital.com,VC/Investor
Nuecura,Don Lazas,don@nuecura.com,nuecura.com,Corporate/Other
Nwtechventures,Gordon Hoffman,ghoffman@nwtechventures.com,nwtechventures.com,VC/Investor
Unh.Edu,Hollis McGuire,hollis.mcguire@unh.edu,unh.edu,Corporate/Other
Nsiv.Org,Martha C. Farmer,martha.farmer@nsiv.org,nsiv.org,Corporate/Other
Eazeup,Noah Tutak,noah@eazeup.com,eazeup.com,Corporate/Other
Screen-Magic,Nitin Sethi,nitin@screen-magic.com,screen-magic.com,Corporate/Other
Cask,Nitin Motgi,nitin@cask.co,cask.co,Corporate/Other
Kilowattcapital,Niraj Mehta,niraj@kilowattcapital.com,kilowattcapital.com,VC/Investor
Msk,Nimish P. Patel,nxp@msk.com,msk.com,Corporate/Other
Sweetgreen,Nicolas Jammet,nicolas@sweetgreen.com,sweetgreen.com,Corporate/Other
Galvanize.It,Nick Wyman,nick@galvanize.it,galvanize.it,Corporate/Other
Dethrone,Nick Swinmurn,nick@dethrone.com,dethrone.com,Corporate/Other
Martellusholdings,Nick Hammerschlag,nick@martellusholdings.com,martellusholdings.com,Corporate/Other
Neu.Edu,Nick Ducoff,n.ducoff@neu.edu,neu.edu,Corporate/Other
Lockerdome,Nick Apperson,nick.apperson@lockerdome.com,lockerdome.com,Corporate/Other
Eero,Nicholas S. Weaver,nick@eero.com,eero.com,Corporate/Other
Vts,Nicholas Romito,nick@vts.com,vts.com,Corporate/Other
Pluto.Tv,Nicholas Allen Grouf,nick@pluto.tv,pluto.tv,Corporate/Other
Mbakerintl,Nicholas P. Gross,nicholas.gross@mbakerintl.com,mbakerintl.com,Corporate/Other
Icrossing,Nicholas Brien,nbrien@icrossing.com,icrossing.com,Corporate/Other
Ngenpartners,Peter Grubstein,grubstein@ngenpartners.com,ngenpartners.com,VC/Investor
Nexstarpartners,Ketan R. Patel,ketan@nexstarpartners.com,nexstarpartners.com,VC/Investor
Newlininvestment,William Newlin,billn@newlininvestment.com,newlininvestment.com,VC/Investor
Newgatecapitalpartners,Larry K Walker,lwalker@newgatecapitalpartners.com,newgatecapitalpartners.com,VC/Investor
Newvantagegroup,James Hunt,james.hunt@newvantagegroup.com,newvantagegroup.com,Corporate/Other
Newprofit,Samuel Hiersteiner,sam_hiersteiner@newprofit.com,newprofit.com,Corporate/Other
Newlab,David Belt,david@newlab.com,newlab.com,Corporate/Other
Draperrichards,Cynthia Lam,cynthia@draperrichards.com,draperrichards.com,Corporate/Other
Newhorizonsvc,T.J. Jubeir,jubeir@newhorizonsvc.com,newhorizonsvc.com,VC/Investor
Newcropcapital,Christopher Kerr,chrisk@newcropcapital.com,newcropcapital.com,VC/Investor
Newcapitalpartners,Jim Little,jlittle@newcapitalpartners.com,newcapitalpartners.com,VC/Investor
Newcapitalfund,Charles Goff,charlie@newcapitalfund.com,newcapitalfund.com,VC/Investor
Labdoor,Neil Thanedar,neil@labdoor.com,labdoor.com,Corporate/Other
Nationwide,Harry Hansen Hallowell,harryh@nationwide.com,nationwide.com,Corporate/Other
Boom.Aero,Nathaniel Blake Scholl,blake@boom.aero,boom.aero,Corporate/Other
Move,Nate Johnson,nate.johnson@move.com,move.com,Corporate/Other
Znakjones,Natalka Znak,natalka@znakjones.com,znakjones.com,Corporate/Other
Xamarin,Nat Friedman,nat@xamarin.com,xamarin.com,Corporate/Other
Pall,Naresh Narasimhan,naresh.narasimhan@pall.com,pall.com,Corporate/Other
Nanodimension,Aymeric Sallin,aymeric@nanodimension.com,nanodimension.com,Corporate/Other
Adoreme,Morgan Hermand-Waiche,morgan@adoreme.com,adoreme.com,Corporate/Other
Catalinasec,Monu Jacob Joseph,mjoseph@catalinasec.com,catalinasec.com,Corporate/Other
Mepvc,Jessica Hou,jessica@mepvc.com,mepvc.com,VC/Investor
Monstro,David Prager,david@monstro.vc,monstro.vc,VC/Investor
Monitorclipper,Travis R. Metz,tmetz@monitorclipper.com,monitorclipper.com,Corporate/Other
Janus,Myron S. Scholes,myron.scholes@janus.com,janus.com,Corporate/Other
Capco,Rob Heyvaert,rob.heyvaert@capco.com,capco.com,Corporate/Other
Mindtickle,Mohit Garg,mohit@mindtickle.com,mindtickle.com,Corporate/Other
Mdif.Org,Mohamed Nanabhay,mohamed.nanabhay@mdif.org,mdif.org,Corporate/Other
Allianzcapitalpartners,Mohamed A. El-Erian,mohamed.el-erian@allianzcapitalpartners.com,allianzcapitalpartners.com,VC/Investor
Pacificafund,Mochio Umeda,umeda@pacificafund.com,pacificafund.com,VC/Investor
Moviepass,Mitch Lowe,mitch@moviepass.com,moviepass.com,Corporate/Other
Neospire,Mitch Gervis,mgervis@neospire.com,neospire.com,Corporate/Other
Yieldstreet,Milind Mehere,milind@yieldstreet.com,yieldstreet.com,Corporate/Other
Impactradius,Mike Head,mike@impactradius.com,impactradius.com,Corporate/Other
Thanx,Michelle Wohl,michelle@thanx.com,thanx.com,Corporate/Other
Willisgroupus,Michael T. Willis,mwillis@willisgroupus.com,willisgroupus.com,Corporate/Other
Sba.Gov,Michael J Walsh,michael.walsh@sba.gov,sba.gov,Corporate/Other
Corecommerce,Michael Thompson,mthompson@corecommerce.com,corecommerce.com,Corporate/Other
Circlebacklending,Michael Solomon,michael.solomon@circlebacklending.com,circlebacklending.com,Corporate/Other
Traxpay,Michael Rundshagen,michael@traxpay.com,traxpay.com,Corporate/Other
Strozfriedberg,Michael Patsalos-Fox,mpatsalos-fox@strozfriedberg.com,strozfriedberg.com,Corporate/Other
Recruitloop,Michael Overell,michael@recruitloop.com,recruitloop.com,Corporate/Other
Edgeharris,Michael Meyer,mike@edgeharris.com,edgeharris.com,Corporate/Other
Onemedical,Kimber Lockhart,klockhart@onemedical.com,onemedical.com,Corporate/Other
Keyviewllc,Thomas E. Gardner,tgardner@keyviewllc.com,keyviewllc.com,Corporate/Other
Avasant,Kevin S. Parikh,kevin.parikh@avasant.com,avasant.com,Corporate/Other
Findthebest,Kevin J. O'Connor,koconnor@findthebest.com,findthebest.com,Corporate/Other
Renew,Kevin Sina Nazemi,nazemi@renew.com,renew.com,Corporate/Other
Versium,Kevin Marcus,kmarcus@versium.com,versium.com,Corporate/Other
Carlabs,Kevin Keegan,kevin.keegan@carlabs.com,carlabs.com,Corporate/Other
Eyres,Kevin Eyres,kevin@eyres.com,eyres.com,Corporate/Other
Sailpoint,Kevin Cunningham,kevin.cunningham@sailpoint.com,sailpoint.com,Corporate/Other
Civicsolar,Kerim Baran,kerim@civicsolar.com,civicsolar.com,Corporate/Other
Prendismo,Eric R. Eisenhut,eric@prendismo.com,prendismo.com,Corporate/Other
Digitalguardian,Kenneth R. Levine,klevine@digitalguardian.com,digitalguardian.com,Corporate/Other
Medallia,Kenneth M. Fine,kenneth@medallia.com,medallia.com,Corporate/Other
Bombfell,Ken Landis,ken@bombfell.com,bombfell.com,Corporate/Other
Socialchorus,Ken Kamada,ken.kamada@socialchorus.com,socialchorus.com,Corporate/Other
Wellpoint,Ken Goulet,ken.goulet@wellpoint.com,wellpoint.com,Corporate/Other
Savers,Ken Alterman,kalterman@savers.com,savers.com,Corporate/Other
Payability,Keith Smith,keith@payability.com,payability.com,Corporate/Other
Mysteryscience,Keith Schacht,keith.schacht@mysteryscience.com,mysteryscience.com,Corporate/Other
Harbingercapital,Keith Michael Hladek,keith.hladek@harbingercapital.com,harbingercapital.com,VC/Investor
Yoicorp,Keith E. Ferrazzi,kferrazzi@yoicorp.com,yoicorp.com,Corporate/Other
Bonafide.Io,Karthik Balasubramanian,karthik@bonafide.io,bonafide.io,Corporate/Other
Academixdirect,Karen C. Francis,kfrancis@academixdirect.com,academixdirect.com,Corporate/Other
Ibm,Karan Bajwa,karan.bajwa@ibm.com,ibm.com,Corporate/Other
Collaborativefund,Kanyi Maqubela,kanyi@collaborativefund.com,collaborativefund.com,VC/Investor
Skyhighnetworks,Kamal Shah,kamal@skyhighnetworks.com,skyhighnetworks.com,Corporate/Other
Arteris,K. Charles Janac,charles.janac@arteris.com,arteris.com,Corporate/Other
Nrg.Gg,Justin Siegel,justin.siegal@nrg.gg,nrg.gg,Corporate/Other
Airenvy,Justin Miller,justin@airenvy.com,airenvy.com,Corporate/Other
Jumpstartcapital,Kelly Anderson,kelly.anderson@jumpstartcapital.com,jumpstartcapital.com,VC/Investor
Afil.Io,Julien Turri,julien.turri@afil.io,afil.io,Corporate/Other
Eventbrite,Julia Hartz,julia@eventbrite.com,eventbrite.com,Corporate/Other
Openenglish,Juan Salaverria,juan.salaverria@openenglish.com,openenglish.com,Corporate/Other
Stellar.Org,Joyce Kim,joyce.kim@stellar.org,stellar.org,Corporate/Other
Hioscar,Joshua Kushner,joshua@hioscar.com,hioscar.com,Corporate/Other
Mach10Ventures,Joshua Chodniewicz,josh@mach10ventures.com,mach10ventures.com,VC/Investor
Marlettefunding,Josh Tonderys,josh.tonderys@marlettefunding.com,marlettefunding.com,VC/Investor
Modeanalytics,Josh Ferguson,josh@modeanalytics.com,modeanalytics.com,Corporate/Other
Root9Btechnologies,Joseph J. Grano,jgrano@root9btechnologies.com,root9btechnologies.com,Corporate/Other
Healthloop,Jordan L. Shlain,jordan@healthloop.com,healthloop.com,Corporate/Other
Rentlikeachampion,Jordan Curnes,jordan.curnes@rentlikeachampion.com,rentlikeachampion.com,Corporate/Other
Photofy,Jonathan LaNasa,jon@photofy.com,photofy.com,Corporate/Other
Opspanda,Jonathan H. Kondo,jkondo@opspanda.com,opspanda.com,Corporate/Other
Orchardplatform,Jonathan Kelfer,jonathan@orchardplatform.com,orchardplatform.com,Corporate/Other
Blackstone,Jonathan D. Gray,gray@blackstone.com,blackstone.com,Corporate/Other
Bridgestreetadvisors,Jonathan Curtis,jon@bridgestreetadvisors.com,bridgestreetadvisors.com,Corporate/Other
Beachbody,Jonathan Congdon,jcongdon@beachbody.com,beachbody.com,Corporate/Other
Slideshare.Net,Jonathan Boutelle,jonathan@slideshare.net,slideshare.net,Corporate/Other
Rokk3Rfuel,Jonas Tempel,jonas@rokk3rfuel.com,rokk3rfuel.com,Corporate/Other
Grabcad,Jon Stevenson,jon@grabcad.com,grabcad.com,Corporate/Other
Nimble,Jon Ferrara,jon@nimble.com,nimble.com,Corporate/Other
Newerahd,Jon Armstrong,jarmstrong@newerahd.com,newerahd.com,Corporate/Other
Svoco,John A. Svoboda,jas@svoco.com,svoco.com,Corporate/Other
Tethertech,John Suryan,jsuryan@tethertech.com,tethertech.com,Corporate/Other
Pivot3,John W. Spiers,john.spiers@pivot3.com,pivot3.com,Corporate/Other
Sigmaprime,John G. Simon,jgs@sigmaprime.com,sigmaprime.com,Corporate/Other
Runscope,John Sheehan,john@runscope.com,runscope.com,Corporate/Other
Sterlinginfosystems,John Sculley,john.sculley@sterlinginfosystems.com,sterlinginfosystems.com,Corporate/Other
Mcnallycapital,John P. Rompon,jrompon@mcnallycapital.com,mcnallycapital.com,VC/Investor
T-Mobile,John J. Legere,john.legere@t-mobile.com,t-mobile.com,Corporate/Other
Weatheranalytics,John Keller,john.keller@weatheranalytics.com,weatheranalytics.com,Corporate/Other
Nianticlabs,John Hanke,john@nianticlabs.com,nianticlabs.com,Corporate/Other
Ustream.Tv,John Ham,john.ham@ustream.tv,ustream.tv,Corporate/Other
Conversantmedia,John Giuliani,jgiuliani@conversantmedia.com,conversantmedia.com,Corporate/Other
Agios,John Evans,john.evans@agios.com,agios.com,Corporate/Other
Axogeninc,John P. Engels,jengles@axogeninc.com,axogeninc.com,Corporate/Other
Salempartners,John Dyett,jdyett@salempartners.com,salempartners.com,VC/Investor
Wildfireapp,John Dais,john-dais@wildfireapp.com,wildfireapp.com,Corporate/Other
Pilotflyingj,John C. Compton,john.compton@pilotflyingj.com,pilotflyingj.com,Corporate/Other
Qamcom.Se,Johan Lassing,johan.lassing@qamcom.se,qamcom.se,Corporate/Other
Iac,Joey Levin,joey.levin@iac.com,iac.com,Corporate/Other
Match-Maker.Ventures,Joerg Floeck,joerg@match-maker.ventures,match-maker.ventures,VC/Investor
Joymode,Joe Fernandez,joe@joymode.com,joymode.com,Corporate/Other
Pacificspringboard,Joe Canterbury,joe.canterbury@pacificspringboard.com,pacificspringboard.com,Corporate/Other
Indyme,Joe Budano,jbudano@indyme.com,indyme.com,Corporate/Other
Kuapay,Joaquín Ayuso de Paul,joaquin@kuapay.com,kuapay.com,Corporate/Other
Khorus,Joel Trammell,joel@khorus.com,khorus.com,Corporate/Other
Redhotlabs,Joel Poloney,joel@redhotlabs.com,redhotlabs.com,Corporate/Other
Trilogy,Joe Liemandt,joe.liemandt@trilogy.com,trilogy.com,Corporate/Other
Warriors,Joe Lacob,jlacob@warriors.com,warriors.com,Corporate/Other
Cloudera,Jim Frankola,jim@cloudera.com,cloudera.com,Corporate/Other
Owler,Jim Fowler,jim.fowler@owler.com,owler.com,Corporate/Other
Topopps,Jim Eberlin,jim@topopps.com,topopps.com,Corporate/Other
Seaportcapital,Jim Collis,jcollis@seaportcapital.com,seaportcapital.com,VC/Investor
Sharkpunch,Jiri Kupiainen,jiri@sharkpunch.com,sharkpunch.com,Corporate/Other
Margaritaville,Jimmy Buffett,jbuffett@margaritaville.com,margaritaville.com,Corporate/Other
Etfdb,Jimmy Atkinson,webmaster@etfdb.com,etfdb.com,Corporate/Other
Asu.Edu,Ji Mi Choi,jimi.choi@asu.edu,asu.edu,Corporate/Other
Texashalofund,Andrew Clark,andrew.clark@texashalofund.com,texashalofund.com,VC/Investor
Jumpstartnj,Gina Tedesco,gina.tedesco@jumpstartnj.com,jumpstartnj.com,Corporate/Other
Spreecast,Jeff Fluhr,jeff@spreecast.com,spreecast.com,Corporate/Other
Goldenangelsinvestors,Tim Keane,tim@goldenangelsinvestors.com,goldenangelsinvestors.com,VC/Investor
Chasella,Jim Kaplan,jim@chasella.com,chasella.com,Corporate/Other
Starwood,Barry S. Sternlicht,sternlichtb@starwood.com,starwood.com,Corporate/Other
Alphabrandmedia,Kevin Henrikson,kevin@alphabrandmedia.com,alphabrandmedia.com,Corporate/Other
Iconyclabs,Eyal Bino,eyal@iconyclabs.com,iconyclabs.com,Corporate/Other
Futurism,Dan Sutera,dan@futurism.com,futurism.com,Corporate/Other
Bottlerocknapavalley,David Graham,david.graham@bottlerocknapavalley.com,bottlerocknapavalley.com,Corporate/Other
Glowforge,Dan Shapiro,dan@glowforge.com,glowforge.com,Corporate/Other
Unshackled,Nitin Pachisia,nitin@unshackled.co,unshackled.co,Corporate/Other
Slated,Stephan Paternot,stephan.paternot@slated.com,slated.com,Corporate/Other
Nutshell,Joseph Malcoun,jmalcoun@nutshell.com,nutshell.com,Corporate/Other
Duke.Edu,John Glushik,john.glushik@duke.edu,duke.edu,Corporate/Other
Acacia-Inc,Bhupen Shah,bhupen.shah@acacia-inc.com,acacia-inc.com,Corporate/Other
Makewonder,Vikas Gupta,vikas@makewonder.com,makewonder.com,Corporate/Other
Scaale,Kaushal Chokshi,kaushal.chokshi@scaale.com,scaale.com,Corporate/Other
Flinja,Victor Young,victor@flinja.com,flinja.com,Corporate/Other
Boku,Mark J. Britto,mark@boku.com,boku.com,Corporate/Other
Divinc.Org,Dan Austin,dan@divinc.org,divinc.org,Corporate/Other
Peerstreet,Brett Crosby,brett@peerstreet.com,peerstreet.com,Corporate/Other
4Pt0.Org,Matt Candler,mcandler@4pt0.org,4pt0.org,Corporate/Other
Socraticlabs,Heather Gilchrist,heather@socraticlabs.com,socraticlabs.com,Corporate/Other
Leade.Rs,Loic Le Meur,loic@leade.rs,leade.rs,Corporate/Other
Lp,Barre Tanguis,barre@lp.co,lp.co,Corporate/Other
Domo,Joshua G. James,josh@domo.com,domo.com,Corporate/Other
Traegergrills,Jeremy Andrus,jeremy.andrus@traegergrills.com,traegergrills.com,Corporate/Other
Bullish,Michael Duda,duda@bullish.co,bullish.co,Corporate/Other
Thrivemarket,Bryan Wolff,bryan@thrivemarket.com,thrivemarket.com,Corporate/Other
Zigfund,Patri Friedman,patri@zigfund.com,zigfund.com,VC/Investor
Brandless,Tina Sharkey,tina@brandless.com,brandless.com,Corporate/Other
Pricegrabber,Kamran Pourzanjani,kamran@pricegrabber.com,pricegrabber.com,Corporate/Other
Novoed,Matt Glickman,matt@novoed.com,novoed.com,Corporate/Other
Tyriansystems,L. Robert Johnson,rjohnson@tyriansystems.com,tyriansystems.com,Corporate/Other
Simulmedia,David R. Morgan,dave@simulmedia.com,simulmedia.com,Corporate/Other
Jellyhq,Biz I. Stone,biz@jellyhq.com,jellyhq.com,Corporate/Other
Indicesemi,Allen Alley,allen@indicesemi.com,indicesemi.com,Corporate/Other
Womenstartuplab,Ari Horie,ari@womenstartuplab.com,womenstartuplab.com,Corporate/Other
Backops,Mark H. Goldstein,mark.goldstein@backops.co,backops.co,Corporate/Other
Akanda.Io,Henrik Rosendahl,henrik@akanda.io,akanda.io,Corporate/Other
Invoice2Go,Greg Waldorf,greg.waldorf@invoice2go.com,invoice2go.com,Corporate/Other
Abundantventurepartners,Andrew Swinand,andrew@abundantventurepartners.com,abundantventurepartners.com,VC/Investor
Unicornvc,Vispi Daver,vispi@unicornvc.com,unicornvc.com,VC/Investor
Upstartlabs,Bryan Fox,bryan@upstartlabs.com,upstartlabs.com,Corporate/Other
Downtowntrex.Org,Patricia Hagen,patricia.hagen@downtowntrex.org,downtowntrex.org,Corporate/Other
Oreilly,Tim O'Reilly,tim@oreilly.com,oreilly.com,Corporate/Other
Dotcloud,Solomon Hykes,solomon.hykes@dotcloud.com,dotcloud.com,Corporate/Other
Segreenhouse.Org,Kelly Ramirez,kramirez@segreenhouse.org,segreenhouse.org,Corporate/Other
Atomic,Jack Abraham,jack@atomic.vc,atomic.vc,VC/Investor
Glgroup,Mark Gerson,mgerson@glgroup.com,glgroup.com,Corporate/Other
Launchny.Org,Marnie LaVigne,mlavigne@launchny.org,launchny.org,Corporate/Other
G-Ro,Ken Hertz,ken@g-ro.com,g-ro.com,Corporate/Other
Rwcm,Jeffrey T. Parks,jeff@rwcm.com,rwcm.com,Corporate/Other
Us.Ibm,Eric Apse,apse@us.ibm.com,us.ibm.com,Corporate/Other
Inky,David M. Baggett,david.baggett@inky.com,inky.com,Corporate/Other
Brainrobotcap,Qingming Pan,panqingming@brainrobotcap.com,brainrobotcap.com,Corporate/Other
Blackocean,Roman Gorovoy,roman.gorovoy@blackocean.com,blackocean.com,Corporate/Other
Fullcontact,Bart Lorang,bart@fullcontact.com,fullcontact.com,Corporate/Other
Trustedkey,Amit Mital,amit@trustedkey.com,trustedkey.com,Corporate/Other
Stephens,Warren A. Stephens,warrenstephens@stephens.com,stephens.com,Corporate/Other
Flutter.Io,Mehul Nariyawala,mehul@flutter.io,flutter.io,Corporate/Other
Provequity,Mark E. Hastings,m.hastings@provequity.com,provequity.com,VC/Investor
Vertical-Knowledge,Marcel Legrand,marcel@vertical-knowledge.com,vertical-knowledge.com,Corporate/Other
Pear,Mar Maria del Hershenson,mar@pear.vc,pear.vc,VC/Investor
Crittercism,Lars Kamp,lars@crittercism.com,crittercism.com,Corporate/Other
Satwik,Jay Sethuram,jsethuram@satwik.com,satwik.com,Corporate/Other
Metabiota,James Jim Pitkow,jpitkow@metabiota.com,metabiota.com,Corporate/Other
Womply,Gregory Chang,greg.chang@womply.com,womply.com,Corporate/Other
Boston,Michael Manning,mmanning@boston.com,boston.com,Corporate/Other
Sudo.Ai,Francisco Larrain,francisco@sudo.ai,sudo.ai,Corporate/Other
Stealthmode,Francine Hardaway,francine@stealthmode.com,stealthmode.com,Corporate/Other
Dreamhost,John M. Varner,john.varner@dreamhost.com,dreamhost.com,Corporate/Other
Karmacircles,Deepak Goel,deepak@karmacircles.com,karmacircles.com,Corporate/Other
Skeetersnacks,Dave Leyrer,dave@skeetersnacks.com,skeetersnacks.com,Corporate/Other
S2Gventures,Chuck Templeton,chuck@s2gventures.com,s2gventures.com,VC/Investor
Cerracap,Saurabh Suri,saurabh@cerracap.com,cerracap.com,Corporate/Other
Buildup,Wayne Sutton,wayne@buildup.vc,buildup.vc,VC/Investor
Atlasaccelerator,R. Michael Crill,mike@atlasaccelerator.com,atlasaccelerator.com,Corporate/Other
Dreamitventures,Arie Abecassis,arie@dreamitventures.com,dreamitventures.com,VC/Investor
Pushd,Abdur Chowdhury,abdur@pushd.com,pushd.com,Corporate/Other
Dogvacay,Aaron Hirschhorn,aaron@dogvacay.com,dogvacay.com,Corporate/Other
Svv.Io,Chad Xu,chad@svv.io,svv.io,Corporate/Other
Hunchanalytics,Sanju K. Bansal,sanju.bansal@hunchanalytics.com,hunchanalytics.com,Corporate/Other
Xsellco,Ray Nolan,ray.nolan@xsellco.com,xsellco.com,Corporate/Other
Marvintraub,Mortimer Singer,mortimer.singer@marvintraub.com,marvintraub.com,Corporate/Other
Meyerandco,Anthony E. Meyer,anthony.meyer@meyerandco.com,meyerandco.com,Corporate/Other
Altschool,Max Ventilla,max@altschool.com,altschool.com,Corporate/Other
Vipdesk,Mary Naylor,mnaylor@vipdesk.com,vipdesk.com,Corporate/Other
Careerbuilder,Matthew W. Ferguson,matthew.ferguson@careerbuilder.com,careerbuilder.com,Corporate/Other
Practicefusion,Matthew Douglass,mdouglass@practicefusion.com,practicefusion.com,Corporate/Other
Gcaglobal,Mac Hofeditz,mhofeditz@gcaglobal.com,gcaglobal.com,Corporate/Other
Vcognitiontech,Krishna Motukuri,krishna@vcognitiontech.com,vcognitiontech.com,VC/Investor
Arizonabay,Jeffrey Natland,jeff@arizonabay.com,arizonabay.com,Corporate/Other
Wikihow,Jack Herrick,jack@wikihow.com,wikihow.com,Corporate/Other
Innovatetech,Gerard Eldering,gerard.eldering@innovatetech.com,innovatetech.com,Corporate/Other
Borqs,Hareesh Ramanna,hareesh.ramanna@borqs.com,borqs.com,Corporate/Other
Dataclover,Farhan Yasin,farhan@dataclover.com,dataclover.com,Corporate/Other
Nanotronics,Justin Stanwix,justin@nanotronics.co,nanotronics.co,Corporate/Other
Freeventures.Org,Damini Satija,dsatija@freeventures.org,freeventures.org,VC/Investor
Transpera,Frank Barbieri,fbarbieri@transpera.com,transpera.com,Corporate/Other
Foundermark,Osagie Johnson,osagie@foundermark.com,foundermark.com,Corporate/Other
Ndvconsulting,Fernando Vasconez,fernando@ndvconsulting.com,ndvconsulting.com,VC/Investor
Iagr.Net,Eric Gould,egould@iagr.net,iagr.net,Corporate/Other
Undertone-Inc,Eric Franchi,efranchi@undertone-inc.com,undertone-inc.com,Corporate/Other
Entangled.Ventures,Paul Freedman,paul@entangled.ventures,entangled.ventures,VC/Investor
Mlawgroup,Douglas Mandell,dmandell@mlawgroup.com,mlawgroup.com,Corporate/Other
Punctil,Denis Abrams,denis@punctil.com,punctil.com,Corporate/Other
Adeptia,Deepak Singh,deepak.singh@adeptia.com,adeptia.com,Corporate/Other
Tablehero,Deap Singh Ubhi,deap@tablehero.com,tablehero.com,Corporate/Other
Relevantmobile,Dazhi Chen,dc@relevantmobile.com,relevantmobile.com,Corporate/Other
Anchorfree,David Gorodyansky,david@anchorfree.com,anchorfree.com,Corporate/Other
Mori,Cory Ondrejka,cory@mori.com,mori.com,Corporate/Other
Socialkaty,Craig Ulliott,craig@socialkaty.com,socialkaty.com,Corporate/Other
Citysideventures,Kevin Yang,kyang@citysideventures.com,citysideventures.com,VC/Investor
Cic.Us,Timothy Rowe,officeofceo@cic.us,cic.us,Corporate/Other
Cincinnati-Oh.Gov,Christopher M. Meyer,cmeyer@cincinnati-oh.gov,cincinnati-oh.gov,Corporate/Other
Ericsson,Cheng Wu,cheng.wu@ericsson.com,ericsson.com,Corporate/Other
Ondeckcapital,Charles Deutsch,cdeutsch@ondeckcapital.com,ondeckcapital.com,VC/Investor
Sorensoncap,Bert Roberts,broberts@sorensoncap.com,sorensoncap.com,Corporate/Other
Nextstepliving,Arjun Rao,arjun@nextstepliving.com,nextstepliving.com,Corporate/Other
Upserve,Angus Davis,angus@upserve.com,upserve.com,Corporate/Other
Athena-Art,Andrea Danese,andrea.danese@athena-art.com,athena-art.com,Corporate/Other
Alleynyc,Jason Saltzman,jason@alleynyc.com,alleynyc.com,Corporate/Other
Doctorondemand,Adam Jackson,adam@doctorondemand.com,doctorondemand.com,Corporate/Other
Levelupvillage,Vincent D'Agostino,vince@levelupvillage.com,levelupvillage.com,Corporate/Other
Nom,Vijay Karunamurthy,vijay@nom.com,nom.com,Corporate/Other
Scribd,Trip Adler,trip@scribd.com,scribd.com,Corporate/Other
Sultanventures,Luke Tucker,luke@sultanventures.com,sultanventures.com,VC/Investor
Raacap,Robert Afshar,robert@raacap.com,raacap.com,Corporate/Other
Windsorfoods,Rick Alden,ralden@windsorfoods.com,windsorfoods.com,Corporate/Other
Questsoftware,Ron Zyzelewski,ronz@questsoftware.com,questsoftware.com,Corporate/Other
Uplift,Patrick Gannon,pgannon@uplift.com,uplift.com,Corporate/Other
Travelpassgroup,Ryan McCoy,rmccoy@travelpassgroup.com,travelpassgroup.com,Corporate/Other
Warbyparker,Neil Blumenthal,neil@warbyparker.com,warbyparker.com,Corporate/Other
Hulu,Nishkaam Mehta,nishkaam.mehta@hulu.com,hulu.com,Corporate/Other
Livenation,Michael Rapino,michael.rapino@livenation.com,livenation.com,Corporate/Other
Sony,Michael Lynton,michael.lynton@sony.com,sony.com,Corporate/Other
Uslco,Michael C. LaRocco,mlarocco@uslco.com,uslco.com,Corporate/Other
Nimblecollective,Michael Howse,michael@nimblecollective.com,nimblecollective.com,Corporate/Other
Expion,Michael Heffring,mheffring@expion.com,expion.com,Corporate/Other
Farmwald,Michael Farmwald,mike@farmwald.com,farmwald.com,Corporate/Other
Primeloop,Michael Ciklin,michael@primeloop.com,primeloop.com,Corporate/Other
Awakenetworks,Michael Callahan,michael@awakenetworks.com,awakenetworks.com,Corporate/Other
Narushealth,Michael R. Burcham,michael@narushealth.com,narushealth.com,Corporate/Other
Snapchat,Micah Schaffer,micah@snapchat.com,snapchat.com,Corporate/Other
Mec261.Org,Maurice Lopes,mlopes@mec261.org,mec261.org,Corporate/Other
Digitalreasoning,Matthew Russell,matthew.russell@digitalreasoning.com,digitalreasoning.com,Corporate/Other
Limitlesscoffee,Matthew R Matros,matt@limitlesscoffee.com,limitlesscoffee.com,Corporate/Other
Findkeeper,Matthew Lent,matthew@findkeeper.co,findkeeper.co,Corporate/Other
Readingrainbow,Matt Finick,mfinick@readingrainbow.com,readingrainbow.com,Corporate/Other
Crowdtap,Matt B. Britton,mattb@crowdtap.com,crowdtap.com,Corporate/Other
Realnetworks,Massimiliano Pellegrini,mpellegrini@realnetworks.com,realnetworks.com,Corporate/Other
Sztbv,Martin Garcia,mgarcia@sztbv.com,sztbv.com,Corporate/Other
Spothero,Mark Lawrence,mark@spothero.com,spothero.com,Corporate/Other
Interana,Mark LaRosa,mark@interana.com,interana.com,Corporate/Other
Clover,Mark Schulze,mark@clover.com,clover.com,Corporate/Other
Avvo,Mark S. Britton,mark@avvo.com,avvo.com,Corporate/Other
Carlyle,Marcel Van Poecke,marcel.poecke@carlyle.com,carlyle.com,Corporate/Other
Tcho,Marcel Bens,marcel@tcho.com,tcho.com,Corporate/Other
Gpsipllc,Marc Spilker,marc@gpsipllc.com,gpsipllc.com,Corporate/Other
Looker,Marc Randolph,marc@looker.com,looker.com,Corporate/Other
Emmerge,Marc Blinder,marc@emmerge.com,emmerge.com,Corporate/Other
Brainly,Lukasz Haluch,lukasz.haluch@brainly.com,brainly.com,Corporate/Other
Storpal,Ian Lucey,ian@storpal.com,storpal.com,Corporate/Other
Aztreasury.Gov,Lorraine Jones,lorrainej@aztreasury.gov,aztreasury.gov,Corporate/Other
Lyft,Logan Green,logan@lyft.com,lyft.com,Corporate/Other
Liveops,Purnima King,purnima@liveops.com,liveops.com,Corporate/Other
Assemblybio,Lee D. Arnold,lee@assemblybio.com,assemblybio.com,Corporate/Other
Launchboxdigital,John A. McKinley,john@launchboxdigital.com,launchboxdigital.com,Corporate/Other
Neotechnology,Lars Nordwall,lars.nordwall@neotechnology.com,neotechnology.com,Corporate/Other
Teradata,Lee Paries,lee.paries@teradata.com,teradata.com,Corporate/Other
Paloaltonetworks,Larry Link,llink@paloaltonetworks.com,paloaltonetworks.com,Corporate/Other
Bedfordfunding,Larry Kaplan,larry.kaplan@bedfordfunding.com,bedfordfunding.com,VC/Investor
Sugarcrm,Larry M. Augustin,laugustin@sugarcrm.com,sugarcrm.com,Corporate/Other
Virtusa,Kris A Canekeratne,kris.canekeratne@virtusa.com,virtusa.com,Corporate/Other
Menlosecurity,Kowsik Guruswamy,kowsik@menlosecurity.com,menlosecurity.com,Corporate/Other
Admit.Me,Kofi Kankam,kofi.kankam@admit.me,admit.me,Corporate/Other
Basno,Kjartan Olafsson,kjartan@basno.com,basno.com,Corporate/Other
Sightlinepayments,Kirk Sanford,kirk.sanford@sightlinepayments.com,sightlinepayments.com,Corporate/Other
Scan.Me,Kirk Ouimet,kirk@scan.me,scan.me,Corporate/Other
Appdirect,Kevin Swan,kevin.swan@appdirect.com,appdirect.com,Corporate/Other
Defymedia,Keith Richman,krichman@defymedia.com,defymedia.com,Corporate/Other
Reddit,Kavin Stewart,kavin@reddit.com,reddit.com,Corporate/Other
Hellofax,Joseph Walla,joseph@hellofax.com,hellofax.com,Corporate/Other
Onshape,John McEleney,jmceleney@onshape.com,onshape.com,Corporate/Other
Thermofisher,Jim P. Manzi,jim.manzi@thermofisher.com,thermofisher.com,Corporate/Other
Landsend,Jerome Squire Griffith,jgriffith@landsend.com,landsend.com,Corporate/Other
Jennusinnovation,Alex Jenny,alex.jenny@jennusinnovation.com,jennusinnovation.com,Corporate/Other
Fanchest,Jeffrey Lin,jeff.lin@fanchest.com,fanchest.com,Corporate/Other
Ch.Abb,Jeffrey Johnson,jeffrey.johnson@ch.abb.com,ch.abb.com,Corporate/Other
Simpson.Edu,Jay Simmons,jay.simmons@simpson.edu,simpson.edu,Corporate/Other
Infinitemonkeys.Mobi,Jay Shapiro,jay.shapiro@infinitemonkeys.mobi,infinitemonkeys.mobi,Corporate/Other
Shareaholic,Jay Meattle,jmeattle@shareaholic.com,shareaholic.com,Corporate/Other
Lenda,Jason Van den Brand,jason@lenda.com,lenda.com,Corporate/Other
Mindbites,Jason Reneau,jason@mindbites.com,mindbites.com,Corporate/Other
Vessel,Jason Kilar,jason@vessel.com,vessel.com,Corporate/Other
Discordapp,Jason Citron,jason@discordapp.com,discordapp.com,Corporate/Other
Bendlabs,Jared Jonas,jjonas@bendlabs.com,bendlabs.com,Corporate/Other
Trackmaven,Jamey Jeff,jamey@trackmaven.com,trackmaven.com,Corporate/Other
Sbgenomics,James Sietstra,james.sietstra@sbgenomics.com,sbgenomics.com,Corporate/Other
Bluehost,James Grierson,james@bluehost.com,bluehost.com,Corporate/Other
Trajectory,James Bryant,bryant@trajectory.com,trajectory.com,Corporate/Other
Siemer,Ivan K. Nikkhoo,ivan.nikkhoo@siemer.com,siemer.com,Corporate/Other
Esri,Jack Dangermond,jdangermond@esri.com,esri.com,Corporate/Other
Lifeworks,Jack Bekhor,jack@lifeworks.com,lifeworks.com,Corporate/Other
Payoff,J. Galen Buckwalter,gbuckwalter@payoff.com,payoff.com,Corporate/Other
Innovationparknd,David Brenner,dbrenner@innovationparknd.com,innovationparknd.com,Corporate/Other
Adonit.Net,Ian Kung,ian@adonit.net,adonit.net,Corporate/Other
Hugeinc,Dan Hou,dan.hou@hugeinc.com,hugeinc.com,Corporate/Other
Achronix,Howard S. Brodsky,howard@achronix.com,achronix.com,Corporate/Other
Thebudge,Hillan Klein,hillan@thebudge.com,thebudge.com,Corporate/Other
Gideen,Heiko Schmidt,heiko.schmidt@gideen.com,gideen.com,Corporate/Other
Brandcast,Hayes Metzger,hayes@brandcast.com,brandcast.com,Corporate/Other
Github,Hakan Axtelius,hakan.axtelius@github.com,github.com,Corporate/Other
Hackerdojo,Jun Wong,jun.wong@hackerdojo.com,hackerdojo.com,Corporate/Other
Canva,Guy Kawasaki,guy@canva.com,canva.com,Corporate/Other
Nginx,Gus Robertson,gus@nginx.com,nginx.com,Corporate/Other
Mercatopartners,Greg Warnock,gwarnock@mercatopartners.com,mercatopartners.com,VC/Investor
Zenoss,Greg Stock,gstock@zenoss.com,zenoss.com,Corporate/Other
G2Crowd,Godard Abel,gabel@g2crowd.com,g2crowd.com,Corporate/Other
Instarentglobal,Gerry J. Murfitt,gerry@instarentglobal.com,instarentglobal.com,Corporate/Other
Nopsec,Gerhard Eschelbeck,gerhard@nopsec.com,nopsec.com,Corporate/Other
Soothe,George Yury Revutsky,george@soothe.com,soothe.com,Corporate/Other
Vindicia,Gene Hoffman,ghoffman@vindicia.com,vindicia.com,Corporate/Other
Lauderpartners,Gary M. Lauder,gary@lauderpartners.com,lauderpartners.com,VC/Investor
Ipass,Gary A. Griffiths,ggriffiths@ipass.com,ipass.com,Corporate/Other
Serviceprovidercapital,Galen R. Mason,galen@serviceprovidercapital.com,serviceprovidercapital.com,VC/Investor
Freenome,Gabriel Otte,gotte@freenome.com,freenome.com,Corporate/Other
Tailwind,Frank V. Sica,fsica@tailwind.com,tailwind.com,Corporate/Other
Learnsprout,Franklyn Chien,frank@learnsprout.com,learnsprout.com,Corporate/Other
Fintechsandbox.Org,Jean Donnelly,jdonnelly@fintechsandbox.org,fintechsandbox.org,Corporate/Other
Fatpipeabq,Stuart Rose,stuart@fatpipeabq.com,fatpipeabq.com,Corporate/Other
Flipagram,Farhad Mohit,farhad@flipagram.com,flipagram.com,Corporate/Other
Expertdojo,Brian Mac Mahon,brian@expertdojo.com,expertdojo.com,Corporate/Other
Gravitational,Ev Kontsevoy,ev@gravitational.com,gravitational.com,Corporate/Other
Promontory,Eugene A. Ludwig,eludwig@promontory.com,promontory.com,Corporate/Other
Etrd,Norman Rothstein,norman@etrd.com,etrd.com,Corporate/Other
Riffsy,Erick Hachenburg,erick@riffsy.com,riffsy.com,Corporate/Other
Bmc,Eric Yau,eric_yau@bmc.com,bmc.com,Corporate/Other
Carbonblack,Eric Schurr,eschurr@carbonblack.com,carbonblack.com,Corporate/Other
Maintenanceconnection,Eric Morgan,emorgan@maintenanceconnection.com,maintenanceconnection.com,Corporate/Other
Campusexplorer,Eric Hammond,eric@campusexplorer.com,campusexplorer.com,Corporate/Other
Njit-Edc.Org,Jerry Creighton,jerry.creighton@njit-edc.org,njit-edc.org,Corporate/Other
Timejoy,Elina Elek,elina@timejoy.co,timejoy.co,Corporate/Other
Eduson.Tv,Elena Masolova,elena@eduson.tv,eduson.tv,Corporate/Other
Zekecapital,Edward N. Antoian,antoian@zekecapital.com,zekecapital.com,VC/Investor
Chattercommerce,Zephrin Lasker,zlasker@chattercommerce.com,chattercommerce.com,Corporate/Other
Kellerfay,Ed Keller,ekeller@kellerfay.com,kellerfay.com,Corporate/Other
Erepublicventures,Dennis McKenna,dennis.mckenna@erepublicventures.com,erepublicventures.com,VC/Investor
Invcg,Dustin Stitgen,dstitgen@invcg.com,invcg.com,VC/Investor
Maidenlane,Dustin Dolginow,ddolginow@maidenlane.com,maidenlane.com,Corporate/Other
Rocketrip,Drew Sechrist,drew@rocketrip.com,rocketrip.com,Corporate/Other
Checkmate.Io,Drew Patterson,drew@checkmate.io,checkmate.io,Corporate/Other
Vrse,Drew Larner,drew@vrse.com,vrse.com,Corporate/Other
Alluvium.Io,Drew Conway,dc@alluvium.io,alluvium.io,Corporate/Other
Sleeter,Douglas Sleeter,douglas.sleeter@sleeter.com,sleeter.com,Corporate/Other
Lincoln.Ne.Gov,Doug McDaniel,dmcdaniel@lincoln.ne.gov,lincoln.ne.gov,Corporate/Other
D2P.Wisc.Edu,John Biondi,john.biondi@d2p.wisc.edu,d2p.wisc.edu,Corporate/Other
Drawbridge,Devin Guan,devin@drawbridge.com,drawbridge.com,Corporate/Other
Mongodb,Dev C. Ittycheria,dev.ittycheria@mongodb.com,mongodb.com,Corporate/Other
Cornami,Denoid Tucker,denoid@cornami.com,cornami.com,Corporate/Other
X.Ai,Dennis R. Mortensen,dennis@x.ai,x.ai,Corporate/Other
Mediatemple,Demian Sellfors,demian@mediatemple.com,mediatemple.com,Corporate/Other
Pippio,David Yaffe,dave@pippio.com,pippio.com,Corporate/Other
Growthtechnologypartners,David Weisburd,david@growthtechnologypartners.com,growthtechnologypartners.com,VC/Investor
Premise,David Soloff,david@premise.com,premise.com,Corporate/Other
Shmoop,David E. Siminoff,dsiminoff@shmoop.com,shmoop.com,Corporate/Other
Billowby,David Matthews,david@billowby.com,billowby.com,Corporate/Other
Groups360,David Kloeppel,david.kloeppel@groups360.com,groups360.com,Corporate/Other
Wwex,David R. Kiger,dkiger@wwex.com,wwex.com,Corporate/Other
Brocade,David L. House,dhouse@brocade.com,brocade.com,Corporate/Other
Post.Edu,David Higley,dhigley@post.edu,post.edu,Corporate/Other
Medlert,David Emanuel,david@medlert.com,medlert.com,Corporate/Other
Versa-Networks,Darrell Long,dlong@versa-networks.com,versa-networks.com,Corporate/Other
Worklife,Dave Kashen,dave@worklife.com,worklife.com,Corporate/Other
Vubiquity,Darcy Antonellis,dantonellis@vubiquity.com,vubiquity.com,Corporate/Other
Blue-Heron-Ventures,Daniel Offner,doffner@blue-heron-ventures.com,blue-heron-ventures.com,VC/Investor
Datical,Daniel Nelson,daniel@datical.com,datical.com,Corporate/Other
Dalmoreinvestment,John Blank,john.blank@dalmoreinvestment.com,dalmoreinvestment.com,VC/Investor
Vidmob,Craig Coblenz,craig@vidmob.com,vidmob.com,Corporate/Other
Coppermobile,Arvind Sarin,arvind@coppermobile.com,coppermobile.com,Corporate/Other
Commonwealthgrowth,Jonathan Hagmaier,jon@commonwealthgrowth.com,commonwealthgrowth.com,VC/Investor
Commerce.Net,Jay M. Tenenbaum,jmt@commerce.net,commerce.net,Corporate/Other
Everstring,Colin M. George,colin@everstring.com,everstring.com,Corporate/Other
Infusionsoft,Clate Mask,clate.mask@infusionsoft.com,infusionsoft.com,Corporate/Other
Engagementlab,Vanessa Pierce,vanessapierce@engagementlab.com,engagementlab.com,Corporate/Other
Bastille.Io,Christopher Risley,risley@bastille.io,bastille.io,Corporate/Other
Nachocove,Christopher Edward Perret,chris@nachocove.com,nachocove.com,Corporate/Other
Intellifylearning,Chris Vento,chris@intellifylearning.com,intellifylearning.com,Corporate/Other
Maximpartnersllc,Chris Catalano,chris@maximpartnersllc.com,maximpartnersllc.com,VC/Investor
Mozilla,Chris Beard,chris@mozilla.com,mozilla.com,Corporate/Other
Creativelive,Chase Jarvis,chase@creativelive.com,creativelive.com,Corporate/Other
Losant,Charlie Key,charlie@losant.com,losant.com,Corporate/Other
Civitaslearning,Charles Thornburgh,charles.thornburgh@civitaslearning.com,civitaslearning.com,Corporate/Other
Socialmap.Ai,Chandhu Sambhukumaran Nair,chandhu@socialmap.ai,socialmap.ai,Corporate/Other
Liquidplanner,Charles Seybold,charles@liquidplanner.com,liquidplanner.com,Corporate/Other
Themmrf.Org,Charles B. Ortner,ortnerc@themmrf.org,themmrf.org,Corporate/Other
Younoodle,Charles Cholsoo Lho,charles@younoodle.com,younoodle.com,Corporate/Other
Coinbase,Charles Lee,charlie.lee@coinbase.com,coinbase.com,Corporate/Other
Fairmountminerals,Charles D. Fowler,charles.fowler@fairmountminerals.com,fairmountminerals.com,Corporate/Other
Solution54,Carey Richardson,carey.richardson@solution54.com,solution54.com,Corporate/Other
Selfscore,Cameron Gray,cameron.gray@selfscore.com,selfscore.com,Corporate/Other
Phdvirtual,Carlos Escapa,carlose@phdvirtual.com,phdvirtual.com,Corporate/Other
Potbelly,Bryant L. Keil,bryant.keil@potbelly.com,potbelly.com,Corporate/Other
Angelspan,Bryan Menell,bryan@angelspan.com,angelspan.com,VC/Investor
Userfriendlymedia,Bruce Howard,bruce.howard@userfriendlymedia.com,userfriendlymedia.com,Corporate/Other
Wildcat,Bruce Cleveland,bcleveland@wildcat.vc,wildcat.vc,VC/Investor
Brooklynincubator,Hernán Romero van Gompel,hernan@brooklynincubator.com,brooklynincubator.com,Corporate/Other
Bradleywoods,Brian Yee,byee@bradleywoods.com,bradleywoods.com,Corporate/Other
Stonehengegep,Brian S. Model,bsmodel@stonehengegep.com,stonehengegep.com,Corporate/Other
Weave.In,Brian Ma,brian@weave.in,weave.in,Corporate/Other
Redcanary,Brian Beyer,brian@redcanary.co,redcanary.co,Corporate/Other
Conversionlogic,Brian Baumgart,brian@conversionlogic.com,conversionlogic.com,Corporate/Other
Whatsapp,Brian Acton,brian@whatsapp.com,whatsapp.com,Corporate/Other
Schwab,Brett Wander,brett.wander@schwab.com,schwab.com,Corporate/Other
Onedigital,Brett Rosen,brosen@onedigital.com,onedigital.com,Corporate/Other
Saymore.Io,Brent Hurley,brent@saymore.io,saymore.io,Corporate/Other
Otherlevels,Brendan O'Kane,brendan@otherlevels.com,otherlevels.com,Corporate/Other
Cyberinc,Branden Spikes,branden.spikes@cyberinc.com,cyberinc.com,Corporate/Other
Inspirato,Bradley A. Handler,bradley.handler@inspirato.com,inspirato.com,Corporate/Other
Techvalidate,Brad O'Neill,brad@techvalidate.com,techvalidate.com,Corporate/Other
Zaarly,Bowman Fishback,bo@zaarly.com,zaarly.com,Corporate/Other
Pennfoster.Edu,Bobby S. Babbrah,bobby.babbrah@pennfoster.edu,pennfoster.edu,Corporate/Other
Investingchannel,Bob Verrico,bob@investingchannel.com,investingchannel.com,VC/Investor
Wizeline,Bismarck Lepe,bismarck@wizeline.com,wizeline.com,Corporate/Other
Sheridan,Bill Walters,bill.walters@sheridan.com,sheridan.com,Corporate/Other
Surveymonkey,Bill Veghte,billv@surveymonkey.com,surveymonkey.com,Corporate/Other
Ozmodevices,Bill McLean,bmclean@ozmodevices.com,ozmodevices.com,Corporate/Other
Derbyjackpot,Bill Hessert,bill@derbyjackpot.com,derbyjackpot.com,Corporate/Other
Berkeleystartuphousing.Org,Didem Ersoz,didem.ersoz@berkeleystartuphousing.org,berkeleystartuphousing.org,Corporate/Other
Mccawfoundation.Org,Ben Wolf,ben.wolf@mccawfoundation.org,mccawfoundation.org,Corporate/Other
Datafox,Ben Trombley,ben@datafox.co,datafox.co,Corporate/Other
Pocketgems,Ben Liu,ben@pocketgems.com,pocketgems.com,Corporate/Other
Apple,Ben Keighran,bkeighran@apple.com,apple.com,Corporate/Other
Teamchat,Beerud Sheth,beerud@teamchat.com,teamchat.com,Corporate/Other
Epam,Balazs Fejes,balazs_fejes@epam.com,epam.com,Corporate/Other
Getspool,Avichal Garg,avichal@getspool.com,getspool.com,Corporate/Other
Quickly,Austin Murray,austin.murray@quickly.co,quickly.co,Corporate/Other
Layeredinsight,Asif Awan,asif@layeredinsight.com,layeredinsight.com,Corporate/Other
Kismetcap,Ashish Lakhanpal,ashish@kismetcap.com,kismetcap.com,Corporate/Other
Fireeye,Ashar Aziz,ashar.aziz@fireeye.com,fireeye.com,Corporate/Other
Liontree,Aryeh B. Bourkoff,abourkoff@liontree.com,liontree.com,Corporate/Other
Realscout,Arthur Kaneko,arthur@realscout.com,realscout.com,Corporate/Other
Experienceproject,Armen Berjikly,armenb@experienceproject.com,experienceproject.com,Corporate/Other
Sophos,Ari Buchler,ari.buchler@sophos.com,sophos.com,Corporate/Other
Hitfix,Anurag Jain,anurag@hitfix.com,hitfix.com,Corporate/Other
Sentient.Ai,Antoine Blondeau,antoine.blondeau@sentient.ai,sentient.ai,Corporate/Other
Walmartlabs,Anthony Marcar,anthony.marcar@walmartlabs.com,walmartlabs.com,Corporate/Other
Inventuslaw,Anil Advani,anil@inventuslaw.com,inventuslaw.com,Corporate/Other
Appscotch,Andrey Kazakov,kazakov@appscotch.com,appscotch.com,Corporate/Other
Zaptravel,Andrew Lacy,andrew@zaptravel.com,zaptravel.com,Corporate/Other
Kellogg,Amit Banati,amit.banati@kellogg.com,kellogg.com,Corporate/Other
American.Edu,Douglas Kudravetz,doug@american.edu,american.edu,Corporate/Other
Maginatics,Amarjit Gill,agill@maginatics.com,maginatics.com,Corporate/Other
Congamerge,Allan Peters,apeters@congamerge.com,congamerge.com,Corporate/Other
Shippingeasy,Alister Coleman,alister.c@shippingeasy.com,shippingeasy.com,Corporate/Other
4Mads,Alfredo Guilbert,alfredo@4mads.com,4mads.com,Corporate/Other
Mirimmunebio,Alexey Wolfson,a.wolfson@mirimmunebio.com,mirimmunebio.com,Corporate/Other
Videomedicine,Alexander Ding,alex.ding@videomedicine.com,videomedicine.com,Corporate/Other
Persado,Alex Vratskides,alex.vratskides@persado.com,persado.com,Corporate/Other
Cogitocorp,Alex Pentland,apentland@cogitocorp.com,cogitocorp.com,Corporate/Other
Ibillionaire,Alejandro Estrada,alejandro@ibillionaire.com,ibillionaire.com,Corporate/Other
Target,Alan Wizemann,alan.wizemann@target.com,target.com,Corporate/Other
Actsofbalance,Alan Cohen,alancohen@actsofbalance.com,actsofbalance.com,Corporate/Other
Digispoke,Alan Berezin,aberezin@digispoke.com,digispoke.com,Corporate/Other
Uniken,Ajay Dubey,ajay.dubey@uniken.com,uniken.com,Corporate/Other
Travelcapitalist,Abrar Ahmad,aahmad@travelcapitalist.com,travelcapitalist.com,VC/Investor
Pageonce,Ahikam Kaufman,ahikam@pageonce.com,pageonce.com,Corporate/Other
Petasense,Abhinav Khushraj,abhinav@petasense.com,petasense.com,Corporate/Other
3Daystartup.Org,Joel Hestness,joel@3daystartup.org,3daystartup.org,Corporate/Other
Kasisto,Zor Gorelov,zor@kasisto.com,kasisto.com,Corporate/Other
Zimplemoney,Steven Rabago,steve.rabago@zimplemoney.com,zimplemoney.com,Corporate/Other
Duosecurity,Zack Urlocker,zurlocker@duosecurity.com,duosecurity.com,Corporate/Other
Eonite,Youssri Helmy,youssri@eonite.com,eonite.com,Corporate/Other
Theformtool,Robert Christensen,bobchristensen@theformtool.com,theformtool.com,Corporate/Other
Numera,William J. Rutter,wrutter@numera.com,numera.com,Corporate/Other
Waveny.Org,William C. Piper,wpiper@waveny.org,waveny.org,Corporate/Other
Wit.Edu,Robert Totino,totinor@wit.edu,wit.edu,Corporate/Other
Coliloquy,Waynn Lue,waynn@coliloquy.com,coliloquy.com,Corporate/Other
Seo,Michael Mann,contact@seo.com,seo.com,Corporate/Other
Bountysource,Warren Konkel,warren@bountysource.com,bountysource.com,Corporate/Other
Berkshirehathaway,Warren E. Buffett,berkshire@berkshirehathaway.com,berkshirehathaway.com,Corporate/Other
Brandembassy,Vladimir Stanek,stanek@brandembassy.com,brandembassy.com,Corporate/Other
Virool,Vladimir Gurgov,vladimir@virool.com,virool.com,Corporate/Other
Verdeeco,Virginia V. Persons,virginia.persons@verdeeco.com,verdeeco.com,Corporate/Other
Opensesame,Victor Belfor,victor.belfor@opensesame.com,opensesame.com,Corporate/Other
Vobileinc,Vernon Altman,vernon@vobileinc.com,vobileinc.com,Corporate/Other
Gracenote,Ty Roberts,ty@gracenote.com,gracenote.com,Corporate/Other
Pntmarketingservices,Tony Coretto,tony@pntmarketingservices.com,pntmarketingservices.com,Corporate/Other
Quinstreet,Tim Stevens,tstevens@quinstreet.com,quinstreet.com,Corporate/Other
Pmi,Till Olbrich,till.olbrich@pmi.com,pmi.com,Corporate/Other
Northgate,Thorsten Claus,tcl@northgate.com,northgate.com,Corporate/Other
Newark,Thomas Wisniewski,tw@newark.vc,newark.vc,VC/Investor
Thestartupagency,Zachary R. Troyer,zach@thestartupagency.com,thestartupagency.com,Corporate/Other
Therefiners,Carlos Diaz,carlos@therefiners.co,therefiners.co,Corporate/Other
Terminix,Thomas Brackett,tom.brackett@terminix.com,terminix.com,Corporate/Other
Cwd.Org,Sarah Hole,sarah@cwd.org,cwd.org,Corporate/Other
Noyo,Ted Chan,ted@noyo.com,noyo.com,Corporate/Other
Bu.Edu,Steven G. Segal,sgsegal@bu.edu,bu.edu,Corporate/Other
Mymatrixx,Steven A. MacDonald,smacdonald@mymatrixx.com,mymatrixx.com,Corporate/Other
Quotient,Steven R. Boal,steven.boal@quotient.com,quotient.com,Corporate/Other
Playhaven,Simon Mosk-Aoyama,simon@playhaven.com,playhaven.com,Corporate/Other
Attunity,Shimon Alon,shimon.alon@attunity.com,attunity.com,Corporate/Other
Care,Sheila Lirio Marcelo,sheila@care.com,care.com,Corporate/Other
Nival,Sergey Orlovskiy,sergey.orlovskiy@nival.com,nival.com,Corporate/Other
Edjanalytics,Sean O'Leary,soleary@edjanalytics.com,edjanalytics.com,Corporate/Other
Intercallapac,Scott Etzler,scott.etzler@intercallapac.com,intercallapac.com,Corporate/Other
Purestorage,Scott Dietzen,scott@purestorage.com,purestorage.com,Corporate/Other
Localytics,Scott Bleczinski,sbleczinski@localytics.com,localytics.com,Corporate/Other
Trov,Scott A. Walchek,scott@trov.com,trov.com,Corporate/Other
Intven,Sanjay Chheda,schheda@intven.com,intven.com,Corporate/Other
Joinhonor,Sandy Jen,sandy@joinhonor.com,joinhonor.com,Corporate/Other
Keen.Io,Ryan Spraetz,ryan@keen.io,keen.io,Corporate/Other
Updater,Ryan Hubbard,ryan@updater.com,updater.com,Corporate/Other
Docurated,Ryan Cooke,ryan@docurated.com,docurated.com,Corporate/Other
Mobcrush,Royce Disini,royce@mobcrush.com,mobcrush.com,Corporate/Other
Getdigsy,Romy Maxwell,romy@getdigsy.com,getdigsy.com,Corporate/Other
Gooddata,Roman Stanek,roman@gooddata.com,gooddata.com,Corporate/Other
Talenthouse,Roman Scharf,roman@talenthouse.com,talenthouse.com,Corporate/Other
Aexp,Rohit Bodas,rohit.bodas@aexp.com,aexp.com,Corporate/Other
Surefield,Rob McGarty,rob@surefield.com,surefield.com,Corporate/Other
Geopalz,Rich Schmelzer,rich@geopalz.com,geopalz.com,Corporate/Other
Pwpartners,Riccardo Benedetti,rbenedetti@pwpartners.com,pwpartners.com,VC/Investor
Objectvideo,Raul J. Fernandez,rfernandez@objectvideo.com,objectvideo.com,Corporate/Other
Healthvana,Ramin Bastani,ramin@healthvana.com,healthvana.com,Corporate/Other
Bluesnap,Ralph Dangelmaier,ralph.dangelmaier@bluesnap.com,bluesnap.com,Corporate/Other
Vptec,Ralf Faber,rfaber@vptec.com,vptec.com,Corporate/Other
Cervinventures,Preetish Nijhawan,preetish@cervinventures.com,cervinventures.com,VC/Investor
Pillarventures,David Mooring,dave@pillarventures.com,pillarventures.com,VC/Investor
Notevault,Peter J. Lasensky,p.lasensky@notevault.com,notevault.com,Corporate/Other
Endosphereinc,Patrick O'Donnell,patrick@endosphereinc.com,endosphereinc.com,Corporate/Other
Umusic,Patrick Murphy,patrick.murphy@umusic.com,umusic.com,Corporate/Other
Opus-Faveo,David Overton,doverton@opus-faveo.com,opus-faveo.com,Corporate/Other
Netoyster,Kevin B. McCurdy,kmccurdy@netoyster.com,netoyster.com,Corporate/Other
Cognifit,Nathanael Eisenberg,n.eisenberg@cognifit.com,cognifit.com,Corporate/Other
Teamspacepirates,Mike Germano,mike@teamspacepirates.com,teamspacepirates.com,Corporate/Other
Beaconbayholdings,Michael K. Parekh,mparekh@beaconbayholdings.com,beaconbayholdings.com,Corporate/Other
Continuity.Net,Michael D. Nicastro,mnicastro@continuity.net,continuity.net,Corporate/Other
Sofinnova,Michael F. Powell,powell@sofinnova.com,sofinnova.com,Corporate/Other
Continuum.Net,Michael G. George,michael.george@continuum.net,continuum.net,Corporate/Other
Netspeedsystems,Matthew Raggett,matthew@netspeedsystems.com,netspeedsystems.com,Corporate/Other
Tinypulse,Matt Hulett,matt@tinypulse.com,tinypulse.com,Corporate/Other
Graycapital.Net,Mark A. Gray,mgray@graycapital.net,graycapital.net,VC/Investor
Timeinc,Mark Ford,mark.ford@timeinc.com,timeinc.com,Corporate/Other
Press4Kids,Marc-Henri Magdelenat,mhmagdelenat@press4kids.com,press4kids.com,Corporate/Other
Dealpath,Luke Rajlich,luke@dealpath.com,dealpath.com,Corporate/Other
Airmedia,Luke McDonough,lmcdonough@airmedia.com,airmedia.com,Corporate/Other
Ustyme,Linda Salesky,linda@ustyme.com,ustyme.com,Corporate/Other
Homecareassistance,Lily Sarafan,lsarafan@homecareassistance.com,homecareassistance.com,Corporate/Other
Adaptiveplanning,Leslie Murdock,lmurdock@adaptiveplanning.com,adaptiveplanning.com,Corporate/Other
Thelabmiami,Thomas Wenrich,tigre@thelabmiami.com,thelabmiami.com,Corporate/Other
Spydrsafe,Kevin Sapp,kevin@spydrsafe.com,spydrsafe.com,Corporate/Other
Entven,Ken Morse,ken@entven.com,entven.com,Corporate/Other
Flexe,Karl Siebrecht,karl@flexe.com,flexe.com,Corporate/Other
Vetwerx,Justin L. Yurek,jyurek@vetwerx.com,vetwerx.com,Corporate/Other
Ring,Joshua A. Roth,jr@ring.com,ring.com,Corporate/Other
Sugarfina,Joshua Resnick,joshua@sugarfina.com,sugarfina.com,Corporate/Other
Crowdcow,Joseph Heitzeberg,joe@crowdcow.com,crowdcow.com,Corporate/Other
Sagansystems,Joseph Ansanelli,joseph@sagansystems.com,sagansystems.com,Corporate/Other
Shopswell,Jordan Greenhall,jordan@shopswell.com,shopswell.com,Corporate/Other
Awe.Sm,Jonathan Strauss,jonathan@awe.sm,awe.sm,Corporate/Other
Crowdoptic,Jon Fisher,jon@crowdoptic.com,crowdoptic.com,Corporate/Other
Ncbancorp,John Vasquez,john@ncbancorp.com,ncbancorp.com,Corporate/Other
Observepoint,John R. Pestana,john@observepoint.com,observepoint.com,Corporate/Other
Programmableweb,John Musser,john@programmableweb.com,programmableweb.com,Corporate/Other
Nlyte,John Moreton,john@nlyte.com,nlyte.com,Corporate/Other
Domainholdings,John Ferber,john@domainholdings.com,domainholdings.com,Corporate/Other
Cckcpa,John E. Curzon,john@cckcpa.com,cckcpa.com,Corporate/Other
Opensky,John Caplan,john@opensky.com,opensky.com,Corporate/Other
Teranet.Ca,Joel Spolsky,joel.spolsky@teranet.ca,teranet.ca,Corporate/Other
Geemedia,Jeff Sagansky,jeff.sagansky@geemedia.com,geemedia.com,Corporate/Other
Hooch,Jared Christopherson,jared@hooch.co,hooch.co,Corporate/Other
Letsmaybe,Jan Jannink,jjannink@letsmaybe.com,letsmaybe.com,Corporate/Other
Redhat,James M. Whitehurst,jwhitehurst@redhat.com,redhat.com,Corporate/Other
Vitallabs,Doug Barry,doug@vitallabs.co,vitallabs.co,Corporate/Other
Freedomdebtrelief,Bradford Stroh,bradford@freedomdebtrelief.com,freedomdebtrelief.com,Corporate/Other
Loeb,John T. Frankenheimer,jfrankenheimer@loeb.com,loeb.com,Corporate/Other
Hatchnorfolk,Zack Miller,zack@hatchnorfolk.com,hatchnorfolk.com,Corporate/Other
Relativitymedia,Happy Walters,happyw@relativitymedia.com,relativitymedia.com,Corporate/Other
Sdipresence,David A. Gupta,david.gupta@sdipresence.com,sdipresence.com,Corporate/Other
Modmed,Daniel E. Cane,daniel.cane@modmed.com,modmed.com,Corporate/Other
Transi.St,Calvin Chin,calvin@transi.st,transi.st,Corporate/Other
Freedomfinancialnetwork,Andrew D. Housser,ahousser@freedomfinancialnetwork.com,freedomfinancialnetwork.com,Corporate/Other
Samsung,Young Sohn,young.sohn@samsung.com,samsung.com,Corporate/Other
Pat.Ai,Wibe Wagemans,wibe@pat.ai,pat.ai,Corporate/Other
Kalologie,Tracy Brennan,tbrennan@kalologie.com,kalologie.com,Corporate/Other
Lifelock,Todd Davis,todd@lifelock.com,lifelock.com,Corporate/Other
Companyon,Thomas Lazay,tlazay@companyon.co,companyon.co,Corporate/Other
Medfusion,Stephen Malik,smalik@medfusion.com,medfusion.com,Corporate/Other
Secondandfourth,Steve King,steve@secondandfourth.com,secondandfourth.com,Corporate/Other
Ellevest,Sallie Krawcheck,skrawcheck@ellevest.com,ellevest.com,Corporate/Other
Nativex,Robert J. Weber,robert.weber@nativex.com,nativex.com,Corporate/Other
Tribogenics,Robert Volkel,robert@tribogenics.com,tribogenics.com,Corporate/Other
Partssource,Philip Settimi,psettimi@partssource.com,partssource.com,Corporate/Other
Isl,Peter Corbett,peter@isl.co,isl.co,Corporate/Other
Shoedazzle,MJ Eng,meng@shoedazzle.com,shoedazzle.com,Corporate/Other
Kareo,Mike Kennedy,mike.kennedy@kareo.com,kareo.com,Corporate/Other
Barracudanetworks,Michael Perone,mperone@barracudanetworks.com,barracudanetworks.com,Corporate/Other
Liztic,Michael Demmer,michael@liztic.com,liztic.com,Corporate/Other
Skift,Michael Cunniff,mc@skift.com,skift.com,Corporate/Other
Hanovergroup.Net,Matthew Hanover,matt@hanovergroup.net,hanovergroup.net,Corporate/Other
Thesyncproject,Marko Ahtisaari,marko@thesyncproject.com,thesyncproject.com,Corporate/Other
Sunrun,Lynn Jurich,lynn.jurich@sunrun.com,sunrun.com,Corporate/Other
Kyron,Louis Monier,louis@kyron.com,kyron.com,Corporate/Other
Jukinmedia,Lee Essner,lee@jukinmedia.com,jukinmedia.com,Corporate/Other
Crunchyroll,Kun Gao,kun@crunchyroll.com,crunchyroll.com,Corporate/Other
Mutualfundstore,Jon Bentz,jbentz@mutualfundstore.com,mutualfundstore.com,VC/Investor
Perceptualnet,Jim S. Young,jyoung@perceptualnet.com,perceptualnet.com,Corporate/Other
Hoodline,Jes Wolfe,jes@hoodline.com,hoodline.com,Corporate/Other
Newsela,Jennifer Coogan,jennifer.coogan@newsela.com,newsela.com,Corporate/Other
Warnerbros,Jeff Robinov,jeff.robinov@warnerbros.com,warnerbros.com,Corporate/Other
Machinima,Jason Dimberg,jason.dimberg@machinima.com,machinima.com,Corporate/Other
Viawest,Jason Carolan,jcarolan@viawest.com,viawest.com,Corporate/Other
Flingo.Tv,Jackson Huynh,jackson@flingo.tv,flingo.tv,Corporate/Other
Alpha-Sense,Jaakko Vainamo Kokko,jaakko.kokko@alpha-sense.com,alpha-sense.com,Corporate/Other
Firemancapital,Hamilton South,hamilton.south@firemancapital.com,firemancapital.com,VC/Investor
Hackerlab.Org,Gina Lujan,gina@hackerlab.org,hackerlab.org,Corporate/Other
Brightwhistle,Greg J. Foster,greg@brightwhistle.com,brightwhistle.com,Corporate/Other
Thewhitenercompany,Gordon D. Whitener,gw@thewhitenercompany.com,thewhitenercompany.com,Corporate/Other
Honestbuildings,Geoffrey P. Lewis,geoff@honestbuildings.com,honestbuildings.com,Corporate/Other
Valvesoftware,Gabe Newell,gaben@valvesoftware.com,valvesoftware.com,Corporate/Other
Onegoodlove,Frank Mastronuzzi,frank@onegoodlove.com,onegoodlove.com,Corporate/Other
Fabrixsystems,Eyal Levy,eyall@fabrixsystems.com,fabrixsystems.com,Corporate/Other
Resilient-Networks,Ethan D Ayer,eayer@resilient-networks.com,resilient-networks.com,Corporate/Other
Medina-Medical,Erik T. Engelson,erik@medina-medical.com,medina-medical.com,Corporate/Other
Edmunds,Seth Berkowitz,sberkowitz@edmunds.com,edmunds.com,Corporate/Other
Myroomchoice,David Bailey,david@myroomchoice.com,myroomchoice.com,Corporate/Other
Miltonpointadvisors,Damon Ball,dball@miltonpointadvisors.com,miltonpointadvisors.com,Corporate/Other
Craigslist.Org,Craig Newmark,craig@craigslist.org,craigslist.org,Corporate/Other
Mynd,Colin Wiel,colin@mynd.co,mynd.co,Corporate/Other
Bosskey,Cliff Bleszinski,cliff.bleszinski@bosskey.com,bosskey.com,Corporate/Other
1800Flowers,Chris McCann,cmccann@1800flowers.com,1800flowers.com,Corporate/Other
Sgn,Chris DeWolfe,chris.dewolfe@sgn.com,sgn.com,Corporate/Other
Doughertymarkets,Charlie Anderson,canderson@doughertymarkets.com,doughertymarkets.com,Corporate/Other
Findery,Caterina Fake,caterina@findery.com,findery.com,Corporate/Other
Wheelhouse-Llc,Bud Colligan,bcolligan@wheelhouse-llc.com,wheelhouse-llc.com,Corporate/Other
1800Dentist,Bret McAllister,brettm@1800dentist.com,1800dentist.com,Corporate/Other
Mixonic,Bob Jacobson,bjacobson@mixonic.com,mixonic.com,Corporate/Other
62Mileventures,Beck Sloman,beck@62mileventures.com,62mileventures.com,VC/Investor
Meundies,Barak Diskin,barak@meundies.com,meundies.com,Corporate/Other
Thriveglobal,Arianna Huffington,arianna.huffington@thriveglobal.com,thriveglobal.com,Corporate/Other
Huuugegames,Anton Gauffin,anton.gauffin@huuugegames.com,huuugegames.com,Corporate/Other
Monsoonco,Ankush Gera,ankush@monsoonco.com,monsoonco.com,Corporate/Other
Equinix,Andy Choy,achoy@equinix.com,equinix.com,Corporate/Other
Duta.In,Anand Ranganathan,anand.ranganathan@duta.in,duta.in,Corporate/Other
Rmn,Alexi Suvacioglu,asuvacioglu@rmn.com,rmn.com,Corporate/Other
Narreach,Alex Lange,alange@narreach.com,narreach.com,Corporate/Other
Watsco,Albert H. Nahmad,albert.nahmad@watsco.com,watsco.com,Corporate/Other
Sketchfab,Alban Denoyel,alban@sketchfab.com,sketchfab.com,Corporate/Other
Betterdoctor,Tapio Tolvanen,tapio@betterdoctor.com,betterdoctor.com,Corporate/Other
Rizvitraverse,Suhail R. Rizvi,suhail.rizvi@rizvitraverse.com,rizvitraverse.com,Corporate/Other
Sveltemedical,Richard Spencer,rspencer@sveltemedical.com,sveltemedical.com,Corporate/Other
Arraynetworks,Rich Siegel,rsiegel@arraynetworks.com,arraynetworks.com,Corporate/Other
Amidzad,Rahim Amidi,rahim@amidzad.com,amidzad.com,Corporate/Other
Flipboard,Mike McCue,mike@flipboard.com,flipboard.com,Corporate/Other
Fludx,Micah Siegel,micah@fludx.com,fludx.com,Corporate/Other
Bluestartups,Maya Rogers,maya@bluestartups.com,bluestartups.com,Corporate/Other
Nav,Levi King,levi@nav.com,nav.com,Corporate/Other
Joysticklabs,Glen E. Caplan,glen@joysticklabs.com,joysticklabs.com,Corporate/Other
Ifbyphone,Josh Mallamud,jmallamud@ifbyphone.com,ifbyphone.com,Corporate/Other
Bordercitymusic,Jim Lidestri,jim@bordercitymusic.com,bordercitymusic.com,Corporate/Other
Leanstartupmachine,Trevor Owens,trevor@leanstartupmachine.com,leanstartupmachine.com,Corporate/Other
Smartthings,Maria Thomas,maria@smartthings.com,smartthings.com,Corporate/Other
Pjtpartners,Ivan Brockman,ivan.brockman@pjtpartners.com,pjtpartners.com,VC/Investor
Onekingslane,Alison Gelb Pincus,alison@onekingslane.com,onekingslane.com,Corporate/Other
Drizly,Walter A. Doyle,walter@drizly.com,drizly.com,Corporate/Other
Sittercity,Genevieve Thiers,genevieve.thiers@sittercity.com,sittercity.com,Corporate/Other
Dscncapital,David Schottenstein,ds@dscncapital.com,dscncapital.com,VC/Investor
Myomnipod,Brian K. Roberts,broberts@myomnipod.com,myomnipod.com,Corporate/Other
Doordash,Tony Xu,tony@doordash.com,doordash.com,Corporate/Other
Dashradio,Scott Keeney,sk@dashradio.com,dashradio.com,Corporate/Other
Magiccube,Sam Shawki,sam.shawki@magiccube.co,magiccube.co,Corporate/Other
Rippling,Parker Conrad,parker@rippling.com,rippling.com,Corporate/Other
Unlimitedlabs,Nitesh Banta,nb@unlimitedlabs.com,unlimitedlabs.com,Corporate/Other
Hsn.Net,Mindy Grossman,mindy.grossman@hsn.net,hsn.net,Corporate/Other
Adkeeper,MaryAnn Bekkedahl,maryann.bekkedahl@adkeeper.com,adkeeper.com,Corporate/Other
Spinlister,Marcelo Loureiro,marcelo@spinlister.com,spinlister.com,Corporate/Other
Idealspot,Marc Smookler,marc@idealspot.com,idealspot.com,Corporate/Other
Infor,Kevin Samuelson,kevin.samuelson@infor.com,infor.com,Corporate/Other
Greatsbrand,Jon Buscemi,jon@greatsbrand.com,greatsbrand.com,Corporate/Other
Cardinalblue,Joanne Chang,joanne@cardinalblue.com,cardinalblue.com,Corporate/Other
Breezeway.Io,Jeremiah Gall,jeremiah@breezeway.io,breezeway.io,Corporate/Other
Epicentercomm.Org,Malia Lazu,malia@epicentercomm.org,epicentercomm.org,Corporate/Other
Devbootcamp,Dave Hoover,dave@devbootcamp.com,devbootcamp.com,Corporate/Other
Imojiapp,Daniel Brusilovsky,daniel@imojiapp.com,imojiapp.com,Corporate/Other
Closing,Anthony T. Farwell,afarwell@closing.com,closing.com,Corporate/Other
Purewatercraft,Andy Rebele,andy@purewatercraft.com,purewatercraft.com,Corporate/Other
Ststartup,Rena Scroggins,76west@ststartup.com,ststartup.com,Corporate/Other
Fanplayr,Simon Yencken,simon@fanplayr.com,fanplayr.com,Corporate/Other
Diamondfoundry,R. Martin Roscheisen,martin.roscheisen@diamondfoundry.com,diamondfoundry.com,Corporate/Other
Artkiveapp,Jeffrey D. Lipp,jeffrey.lipp@artkiveapp.com,artkiveapp.com,Corporate/Other
20Mm.Org,Gary Karlin Michelson,garymichelson@20mm.org,20mm.org,Corporate/Other
Lendinghome,Joshua Stech,joshua@lendinghome.com,lendinghome.com,Corporate/Other
Mesosphere.Io,Peter Guagenti,peter@mesosphere.io,mesosphere.io,Corporate/Other
Headspin.Io,Manish Lachwani,manish@headspin.io,headspin.io,Corporate/Other
Scality,Jérôme Lecat,jlecat@scality.com,scality.com,Corporate/Other
Toutapp,Frank Swain,frank.swain@toutapp.com,toutapp.com,Corporate/Other
Liveli,Clinton Paulus,clinton@liveli.co,liveli.co,Corporate/Other
Hostgator,Brent Oxley,brent@hostgator.com,hostgator.com,Corporate/Other
Apigee,Anant Jhingran,ajhingran@apigee.com,apigee.com,Corporate/Other
Actian,Rohit De Souza,rohit.desouza@actian.com,actian.com,Corporate/Other
Getdrip,Rob Walling,rob@getdrip.com,getdrip.com,Corporate/Other
Noknok,Phillip Mark Dunkelberger,dunk@noknok.com,noknok.com,Corporate/Other
Genband,Paul Pluschkell,paul.pluschkell@genband.com,genband.com,Corporate/Other
Cyrusone,Kevin Timmons,ktimmons@cyrusone.com,cyrusone.com,Corporate/Other
Corp.Aol,Tim Armstrong,tim.armstrong@corp.aol.com,corp.aol.com,Corporate/Other
Nobleiron,Nabil Kassam,nabil@nobleiron.com,nobleiron.com,Corporate/Other
Enerknol,Angelique Mercurio,am@enerknol.com,enerknol.com,Corporate/Other
Oakland.Impacthub.Net,Kristin Hull,kristin@oakland.impacthub.net,oakland.impacthub.net,Corporate/Other
Covestor,Bimal Shah,bimal@covestor.com,covestor.com,Corporate/Other
Yorkangelinvestors,Joseph Hackett,joe@yorkangelinvestors.com,yorkangelinvestors.com,VC/Investor
Amplifierventures,Jonathan M. Aberman,jaberman@amplifierventures.com,amplifierventures.com,VC/Investor
Hardtechlabs,Derek Footer,dfooter@hardtechlabs.com,hardtechlabs.com,Corporate/Other
Nest,Matthew Rogers,matt@nest.com,nest.com,Corporate/Other
Thevrcompany,Guy Primus,guy@thevrcompany.com,thevrcompany.com,Corporate/Other
Mytime,Ethan Anderson,ethan@mytime.com,mytime.com,Corporate/Other
Cambridgesemantics,Chuck Pieper,cpieper@cambridgesemantics.com,cambridgesemantics.com,Corporate/Other
Oweb,Robert M. Nutting,bnutting@oweb.com,oweb.com,Corporate/Other
Entropyresins,Rey Banatao,rey@entropyresins.com,entropyresins.com,Corporate/Other
Thisisdk,Paul Matthaeus,pmatthaeus@thisisdk.com,thisisdk.com,Corporate/Other
Hoolcourylaw,Michael D. Hool,mhool@hoolcourylaw.com,hoolcourylaw.com,Corporate/Other
Plause,Jose Benitez Cong,j@plause.com,plause.com,Corporate/Other
Scoutalarm,David Shapiro,dave@scoutalarm.com,scoutalarm.com,Corporate/Other
Twopens,Cynthia Hartwig,cynthia@twopens.com,twopens.com,Corporate/Other
Theappraisallane,Andrew Iorgulescu,andrew.iorgulescu@theappraisallane.co,theappraisallane.co,Corporate/Other
Espresa,Alex Shubat,alex.shubat@espresa.com,espresa.com,Corporate/Other
Needhamco,Andrew J. Malik,amalik@needhamco.com,needhamco.com,Corporate/Other
Bright,Eduardo Vivas,eduardo@bright.com,bright.com,Corporate/Other
Braveventures,David Beck,david@braveventures.com,braveventures.com,VC/Investor
Oakland.Edu,Julie Gustafson,gustafso@oakland.edu,oakland.edu,Corporate/Other
Childrenshospital.Org,Philip Rotner,philip.rotner@childrenshospital.org,childrenshospital.org,Corporate/Other
Socialnative,Jeff Ragovin,jeff.ragovin@socialnative.com,socialnative.com,Corporate/Other
Cuberonlabs,Digvijay Lamba,digvijay@cuberonlabs.com,cuberonlabs.com,Corporate/Other
Ocutx,Amarpreet Sawhney,asawhney@ocutx.com,ocutx.com,Corporate/Other
Shahcap,Ajay Shah,ajay@shahcap.com,shahcap.com,Corporate/Other
Curoverse,Adam Berrey,adam@curoverse.com,curoverse.com,Corporate/Other
Bloomreach,Raj De Datta,raj@bloomreach.com,bloomreach.com,Corporate/Other
Cronusventures,Rao Remala,raor@cronusventures.com,cronusventures.com,VC/Investor
Donuts.Email,Paul Stahura,paul@donuts.email,donuts.email,Corporate/Other
Netpeak.Ru,Andrey Chumachenko,a.chumachenko@netpeak.ru,netpeak.ru,Corporate/Other
Astrodigital,Mikhail Kokorich,mike@astrodigital.com,astrodigital.com,Corporate/Other
Squadle,Le Zhang,le@squadle.com,squadle.com,Corporate/Other
Moblabs,Juan Pablo Cappello,jp@moblabs.com,moblabs.com,Corporate/Other
Innovatearkansas.Org,Jeff Amerine,jeff@innovatearkansas.org,innovatearkansas.org,Corporate/Other
Appsplit,Hussein Yahfoufi,hussein@appsplit.com,appsplit.com,Corporate/Other
Celebvidy,Zach Hurst,zach@celebvidy.com,celebvidy.com,Corporate/Other
Walkme,Gur Shomron,gur@walkme.com,walkme.com,Corporate/Other
Hellobulb,Eric Goldreyer,eric@hellobulb.com,hellobulb.com,Corporate/Other
Usbank,Chris Fischer,chris.fischer@usbank.com,usbank.com,Corporate/Other
Homeaway,Carl G. Shepherd,cshepherd@homeaway.com,homeaway.com,Corporate/Other
Firestarterfund,Brian Hand,brian@firestarterfund.com,firestarterfund.com,VC/Investor
Virgocapital,Arun Prakash,arun@virgocapital.com,virgocapital.com,VC/Investor
Alchemy.Cloud,Alexandra N. Novakovich,sasha@alchemy.cloud,alchemy.cloud,Corporate/Other
Mediaocean,William Wise,wwise@mediaocean.com,mediaocean.com,Corporate/Other
Highground,Vip Sandhir,vip@highground.com,highground.com,Corporate/Other
Digifabster,Victor Malevankin,victor@digifabster.com,digifabster.com,Corporate/Other
Techba.Org,Itzam De Gortari,itzam.gortari@techba.org,techba.org,Corporate/Other
Anovaculinary,Stephen Svajian,ssvajian@anovaculinary.com,anovaculinary.com,Corporate/Other
Progressfin,Raul Vazquez,rvazquez@progressfin.com,progressfin.com,Corporate/Other
Auto-Grid,Rajeev Singh,rajeev@auto-grid.com,auto-grid.com,Corporate/Other
Springmetrics,Peter Bourne,pbourne@springmetrics.com,springmetrics.com,Corporate/Other
Workfit.Io,Omar Tawakol,omar@workfit.io,workfit.io,Corporate/Other
Zocdoc,Nick Ganju,nick@zocdoc.com,zocdoc.com,Corporate/Other
Kaltura,Michal Tsur,michal.tsur@kaltura.com,kaltura.com,Corporate/Other
Betradar,Michael Jordan,michael.jordan@betradar.com,betradar.com,Corporate/Other
Healthasweage,Marilyn Crawford,marilyn.crawford@healthasweage.com,healthasweage.com,Corporate/Other
Endeavor.Org,Linda Rottenberg,linda.rottenberg@endeavor.org,endeavor.org,Corporate/Other
Bluetriangletech,Lance Ullom,lance.ullom@bluetriangletech.com,bluetriangletech.com,Corporate/Other
Valutrust,Lance Melber,lmelber@valutrust.com,valutrust.com,Corporate/Other
Brighthealth,Kyle Rolfing,kyle.rolfing@brighthealth.com,brighthealth.com,Corporate/Other
Hgdata,Kyle Eklund,eklund@hgdata.com,hgdata.com,Corporate/Other
Logichub,Kumar Saurabh,kumar@logichub.com,logichub.com,Corporate/Other
Serentcapital,Kevin Frick,kevin.frick@serentcapital.com,serentcapital.com,VC/Investor
Covance,John Ratliff,john.ratliff@covance.com,covance.com,Corporate/Other
Dragonarmy,Jeff Hilimire,jeff@dragonarmy.com,dragonarmy.com,Corporate/Other
Benzingapro,Jason Raznick,jason@benzingapro.com,benzingapro.com,Corporate/Other
Littlebanc,Ian Beadle,ib@littlebanc.com,littlebanc.com,Corporate/Other
Arise,Ian Baird,ibaird@arise.com,arise.com,Corporate/Other
Hen-House,Tara Spalding,tara@hen-house.co,hen-house.co,Corporate/Other
Triplebyte,Guillaume Luccisano,guillaume@triplebyte.com,triplebyte.com,Corporate/Other
Siennaventures,Gilbert F. Amelio,gil@siennaventures.com,siennaventures.com,VC/Investor
Phrame,Gary Golduber,gary@phrame.com,phrame.com,Corporate/Other
Orgsource,Kevin G. Ordonez,kevin@orgsource.com,orgsource.com,Corporate/Other
Yasabe,Fernando Fernandez,fernando.fernandez@yasabe.com,yasabe.com,Corporate/Other
G2Link,Edward Sullivan,edsull@g2link.com,g2link.com,Corporate/Other
Zetrip,Edouard Tabet,et@zetrip.com,zetrip.com,Corporate/Other
Hired,Douglas Feirstein,doug@hired.com,hired.com,Corporate/Other
Freewheel.Tv,Doug Knopper,dknopper@freewheel.tv,freewheel.tv,Corporate/Other
Spoton,Doron Friedman,doron@spoton.com,spoton.com,Corporate/Other
Eagleeyenetworks,Dean Drako,ddrako@eagleeyenetworks.com,eagleeyenetworks.com,Corporate/Other
Vlocity,David R. Schmaier,dschmaier@vlocity.com,vlocity.com,Corporate/Other
Alloyventures,David W Pidwell,pidwell@alloyventures.com,alloyventures.com,VC/Investor
Mscripts,Dana Shapiro Marotto,dmarotto@mscripts.com,mscripts.com,Corporate/Other
Bigpanda.Io,Dan Turchin,dan.turchin@bigpanda.io,bigpanda.io,Corporate/Other
Rallyteam,Dan Clay Ellis,dan@rallyteam.com,rallyteam.com,Corporate/Other
Plutora,Dalibor Siroky,dalibor.siroky@plutora.com,plutora.com,Corporate/Other
Neuehouse,Joshua Abram,joshua.abram@neuehouse.com,neuehouse.com,Corporate/Other
Contrib,Chad Folkening,chad@contrib.com,contrib.com,Corporate/Other
Bigmachines,Christopher Shutts,cshutts@bigmachines.com,bigmachines.com,Corporate/Other
Zesty,Chris Hollindale,chris@zesty.com,zesty.com,Corporate/Other
Polachi,Charley Polachi,charley@polachi.com,polachi.com,Corporate/Other
Buildbunker,Chad Nitschke,chad@buildbunker.com,buildbunker.com,Corporate/Other
Cavangels,James Cheng,jcheng@cavangels.com,cavangels.com,VC/Investor
Completesolar,Cary Rosenzweig,cary@completesolar.com,completesolar.com,Corporate/Other
Revealmobile,Brian E. Handly,bhandly@revealmobile.com,revealmobile.com,Corporate/Other
Jmiequity,Bradford D. Woloson,bwoloson@jmiequity.com,jmiequity.com,VC/Investor
Tigertext,Brad Brooks,brad@tigertext.com,tigertext.com,Corporate/Other
Erelevancecorp,Blair Drenner,bdrenner@erelevancecorp.com,erelevancecorp.com,Corporate/Other
Csecapital,Bill Stapleton,bstapleton@csecapital.com,csecapital.com,VC/Investor
Hp,Asiff S. Hirji,asiff.hirji@hp.com,hp.com,Corporate/Other
Sonobi,Anthony Katsur,akatsur@sonobi.com,sonobi.com,Corporate/Other
Clareo,Andrew Razeghi,arazeghi@clareo.com,clareo.com,Corporate/Other
Teamyou,Andrew Cheeseman,andrew@teamyou.co,teamyou.co,Corporate/Other
Mistralequity,Andrew R. Heyer,aheyer@mistralequity.com,mistralequity.com,VC/Investor
Eight,Alex Kolicich,alex@eight.vc,eight.vc,VC/Investor
Zumba,Alberto Perlman,aperlman@zumba.com,zumba.com,Corporate/Other
Parrotanalytics,Alan Gourdie,alan@parrotanalytics.com,parrotanalytics.com,Corporate/Other
Roomiapp,Ajay Yadav,ajay@roomiapp.com,roomiapp.com,Corporate/Other
Gravie,Abir Sen,asen@gravie.com,gravie.com,Corporate/Other
Vestwell,Aaron Schumm,aaron.schumm@vestwell.com,vestwell.com,Corporate/Other
Bizible,Aaron Bird,aaron@bizible.com,bizible.com,Corporate/Other
Ulm.Edu,Susan Duggins,duggins@ulm.edu,ulm.edu,Corporate/Other
Brentwoodcapital,Thomas C. Wylly,twylly@brentwoodcapital.com,brentwoodcapital.com,VC/Investor
Bigbrainlab,Sungmoon Cho,sungmoon@bigbrainlab.com,bigbrainlab.com,Corporate/Other
Healthgorilla,Steven Yaskin,syaskin@healthgorilla.com,healthgorilla.com,Corporate/Other
Urbanengines,Shiva Shivakumar,shiva@urbanengines.com,urbanengines.com,Corporate/Other
Possible,Shane Atchison,jeff.atchison@possible.com,possible.com,Corporate/Other
Jaanuu,Shaan Sethi,shaan.sethi@jaanuu.com,jaanuu.com,Corporate/Other
Authenticated.Digital,Scott Switzer,scott@authenticated.digital,authenticated.digital,Corporate/Other
Glasswing,Sarah Fay,sarah@glasswing.vc,glasswing.vc,VC/Investor
Adrev.Net,Ryan Born,ryan.born@adrev.net,adrev.net,Corporate/Other
Framesdirect,Roy Hessel,roy.h@framesdirect.com,framesdirect.com,Corporate/Other
Saturnasset,Robert J. Chicoski,rchicoski@saturnasset.com,saturnasset.com,Corporate/Other
Sponsorhub,Robert Johnston,bob@sponsorhub.com,sponsorhub.com,Corporate/Other
Eamarkets,Robert Imershein,robert.imershein@eamarkets.com,eamarkets.com,Corporate/Other
Skedge.Me,Richard Ruben,rruben@skedge.me,skedge.me,Corporate/Other
Elevenjames,Randy Brandoff,rb@elevenjames.com,elevenjames.com,Corporate/Other
Healthonomy,Raja Kapadia,raja@healthonomy.com,healthonomy.com,Corporate/Other
Quintess,Pete Estler,pestler@quintess.com,quintess.com,Corporate/Other
Bigfishgames,Paul Thelen,paul.thelen@bigfishgames.com,bigfishgames.com,Corporate/Other
Eterniam,Parvez Anandam,parvez@eterniam.com,eterniam.com,Corporate/Other
Inbot.Io,Mikko Alasaarela,mikko@inbot.io,inbot.io,Corporate/Other
Fiksu,Micah Adler,micah@fiksu.com,fiksu.com,Corporate/Other
Sobrato,Matthew W. Sonsini,msonsini@sobrato.com,sobrato.com,Corporate/Other
Punchbowl,Matthew J. Douglas,mjd@punchbowl.com,punchbowl.com,Corporate/Other
Appviewx,Manuel F. Rivelo,manny@appviewx.com,appviewx.com,Corporate/Other
Crowdflower,Lukas Biewald,lukas@crowdflower.com,crowdflower.com,Corporate/Other
Wynnchurch,Justin Weil,jweil@wynnchurch.com,wynnchurch.com,Corporate/Other
Invitationhomes,Jonathan Abelmann,jonathan@invitationhomes.com,invitationhomes.com,Corporate/Other
Lionsgate,Jon Feltheimer,jfeltheimer@lionsgate.com,lionsgate.com,Corporate/Other
Dynamicsignal,Jim Larrison,jlarrison@dynamicsignal.com,dynamicsignal.com,Corporate/Other
Shoptii,Jesse Ma,jma@shoptii.com,shoptii.com,Corporate/Other
Actionx,Jeremy Arnon,jeremy@actionx.com,actionx.com,Corporate/Other
Outdoorsy,Jeffrey M. Cavins,jeff@outdoorsy.co,outdoorsy.co,Corporate/Other
Agentek,Jeff Jarvis,jeff@agentek.com,agentek.com,Corporate/Other
Jelli.Net,Jateen Parekh,jateen.parekh@jelli.net,jelli.net,Corporate/Other
Sugarwish,Jason Kiefer,jason@sugarwish.com,sugarwish.com,Corporate/Other
Equipboard,Michael Pierce,michael@equipboard.com,equipboard.com,Corporate/Other
Johnelwaychevrolet,John Elway,johnelway@johnelwaychevrolet.com,johnelwaychevrolet.com,Corporate/Other
K4Connect,F. Scott Moody,scott.moody@k4connect.com,k4connect.com,Corporate/Other
Awesomeinc.Org,Brian Raney,brian.raney@awesomeinc.org,awesomeinc.org,Corporate/Other
Hdscores,Andrew Phillips,aphillips@hdscores.com,hdscores.com,Corporate/Other
Bellwetherfinancialgroup,Joe Ueberroth,jueberroth@bellwetherfinancialgroup.com,bellwetherfinancialgroup.com,Corporate/Other
Zulily,Darrell Cavens,darrell@zulily.com,zulily.com,Corporate/Other
Ielp,Carl C. Icahn,cicahn@ielp.com,ielp.com,Corporate/Other
Affinityventures,Don McCandless,dmccandless@affinityventures.com,affinityventures.com,VC/Investor
Kupandacapital,Bobby Pittman,b.pittman@kupandacapital.com,kupandacapital.com,VC/Investor
Answerport,Matt Cordio,mcordio@answerport.com,answerport.com,Corporate/Other
Wikibuy,Jonathan C. Coon,jonathan@wikibuy.com,wikibuy.com,Corporate/Other
Assetmark,Jerry Chafkin,jerry.chafkin@assetmark.com,assetmark.com,Corporate/Other
Easthamcapital,Eric S. Silverman,eric.silverman@easthamcapital.com,easthamcapital.com,VC/Investor
Payoneer,Yuval Tal,yuval@payoneer.com,payoneer.com,Corporate/Other
Christinaventures,Ridaa Murad,rmurad@christinaventures.com,christinaventures.com,VC/Investor
Bluefinlab,Michael Fleischman,michael@bluefinlab.com,bluefinlab.com,Corporate/Other
Valufindergroup,Lawrence Fish,lfish@valufindergroup.com,valufindergroup.com,Corporate/Other
Tradehill,Jered Kenna,jered@tradehill.com,tradehill.com,Corporate/Other
Camelbackventures.Org,Aaron T. Walker,aaron@camelbackventures.org,camelbackventures.org,VC/Investor
Roniin,Paul Lee,paul@roniin.com,roniin.com,Corporate/Other
Tableausoftware,Ankit Bhatia,abhatia@tableausoftware.com,tableausoftware.com,Corporate/Other
Riainabox,Will Bressman,wbressman@riainabox.com,riainabox.com,Corporate/Other
Autotrader,Victor A. Perry,victor.perry@autotrader.com,autotrader.com,Corporate/Other
Blucora,Todd Mackay,todd.mackay@blucora.com,blucora.com,Corporate/Other
Jampartners,Sy Jacobs,sy@jampartners.com,jampartners.com,VC/Investor
Takelessons,Steven Cox,steven@takelessons.com,takelessons.com,Corporate/Other
Freedompop,Stephen Stokols,stephen.stokols@freedompop.com,freedompop.com,Corporate/Other
Crosschx,Sean Lane,sean.lane@crosschx.com,crosschx.com,Corporate/Other
Chronicled,Ryan J. Orr,ryan@chronicled.com,chronicled.com,Corporate/Other
Kearnyvp,Richard C. Spalding,dick@kearnyvp.com,kearnyvp.com,Corporate/Other
Plentynyc,Jack Manno,jack@plentynyc.com,plentynyc.com,Corporate/Other
Welshcarson,Patrick J. Welsh,pwelsh@welshcarson.com,welshcarson.com,Corporate/Other
Osbornepartners,Justin W. McNichols,justin@osbornepartners.com,osbornepartners.com,VC/Investor
Fashionmetric,Morgan Linton,morgan@fashionmetric.com,fashionmetric.com,Corporate/Other
Skillshare,Michael Karnjanaprakorn,michael@skillshare.com,skillshare.com,Corporate/Other
Openfin,Mazy M. Dar,mdar@openfin.co,openfin.co,Corporate/Other
Playags,Mani Honigstein,mhonigstein@playags.com,playags.com,Corporate/Other
Pipelinedata,MacAllister Smith,macallister.smith@pipelinedata.com,pipelinedata.com,Corporate/Other
Lindiskin,Lindy Lou Snider,lindy@lindiskin.com,lindiskin.com,Corporate/Other
Wearecurio.Us,Linda Avey,linda@wearecurio.us,wearecurio.us,Corporate/Other
Ti,Kent Novak,kent.novak@ti.com,ti.com,Corporate/Other
Acornenergy,John A. Moore,jmoore@acornenergy.com,acornenergy.com,Corporate/Other
Prequeldc,Johann Moonesinghe,johann@prequeldc.com,prequeldc.com,Corporate/Other
Waterbridge,Joel Schreiber,js@waterbridge.com,waterbridge.com,Corporate/Other
Change.Org,Jennifer Dulski,jdulski@change.org,change.org,Corporate/Other
X1,Jason Early,jearly@x1.com,x1.com,Corporate/Other
Sandstorm.Io,Jade Wang,jade@sandstorm.io,sandstorm.io,Corporate/Other
Justworks,Isaac Oates,ioates@justworks.com,justworks.com,Corporate/Other
Worldquant,Igor Tulchinsky,itulchinsky@worldquant.com,worldquant.com,Corporate/Other
Motifinvesting,Hardeep Walia,hardeep@motifinvesting.com,motifinvesting.com,VC/Investor
Agmanpartners,Hans Pusch,hbp@agmanpartners.com,agmanpartners.com,VC/Investor
Qol,Gregory Wexler,gwexler@qol.com,qol.com,Corporate/Other
Oc-Cf.Org,Doug Holte,dholte@oc-cf.org,oc-cf.org,Corporate/Other
Ingomoney,Dickson Chu,dickson@ingomoney.com,ingomoney.com,Corporate/Other
Juliacomputing,Deepak Vinchhi,deepak.vinchhi@juliacomputing.com,juliacomputing.com,Corporate/Other
Integralads,David Hahn,david@integralads.com,integralads.com,Corporate/Other
Vayu.Us,Daniel Pepper,daniel.pepper@vayu.us,vayu.us,Corporate/Other
Retale,Christian Gaiser,christian.gaiser@retale.com,retale.com,Corporate/Other
Legacyventure,Chris A. Eyre,ceyre@legacyventure.com,legacyventure.com,Corporate/Other
Chestnuthillrealty,Edward Zuker,ezuker@chestnuthillrealty.com,chestnuthillrealty.com,Corporate/Other
Ambition,Brian Trautschold,brian.trautschold@ambition.com,ambition.com,Corporate/Other
Cloudsightapi,Bradford Folkens,brad@cloudsightapi.com,cloudsightapi.com,Corporate/Other
Arausa,Blake Okland,bokland@arausa.com,arausa.com,Corporate/Other
Harbourpointcapital,Ben Schlang,bschlang@harbourpointcapital.com,harbourpointcapital.com,VC/Investor
Prohatch,Barry M. Barovick,bbarovick@prohatch.com,prohatch.com,Corporate/Other
Aquiline-Llc,Anthony L. Abenante,aabenante@aquiline-llc.com,aquiline-llc.com,Corporate/Other
Squanda,Anish Acharya,anish@squanda.com,squanda.com,Corporate/Other
C3Cp,Andrew L. Farkas,afarkas@c3cp.com,c3cp.com,Corporate/Other
Bpimedia,Andrew Bleeker,ableeker@bpimedia.com,bpimedia.com,Corporate/Other
Agassi.Net,Andre Agassi,andre@agassi.net,agassi.net,Corporate/Other
Worldview.Space,Alan Stern,alan.stern@worldview.space,worldview.space,Corporate/Other
Madisoncolor,Aaron Travis,at@madisoncolor.com,madisoncolor.com,Corporate/Other
Ropart,Todd A. Goergen,tgoergen@ropart.com,ropart.com,Corporate/Other
In-Prepaid,Thomas M McCulley,mcculley@in-prepaid.com,in-prepaid.com,Corporate/Other
Silverwoodpartners,Steven L. Bock,sbock@silverwoodpartners.com,silverwoodpartners.com,VC/Investor
Innovatepartners,Robert Allison,bob@innovatepartners.com,innovatepartners.com,VC/Investor
Affiniongroup,Richard Fernandes,rfernandes@affiniongroup.com,affiniongroup.com,Corporate/Other
Reald,Michael V. Lewis,mlewis@reald.com,reald.com,Corporate/Other
Solarentals,Martin Muoto,martin@solarentals.com,solarentals.com,Corporate/Other
Hqap,Mark Hsu,mhsu@hqap.com,hqap.com,Corporate/Other
Pcrinsight,Joseph L Dionne,jdionne@pcrinsight.com,pcrinsight.com,Corporate/Other
Korwater,John Eric Barnes,eric@korwater.com,korwater.com,Corporate/Other
Revolutionstudios,Joe Roth,joe.roth@revolutionstudios.com,revolutionstudios.com,Corporate/Other
Dropr,Cristian Petschen,cristian@dropr.com,dropr.com,Corporate/Other
Easecentral,Courtney Guertin,courtney@easecentral.com,easecentral.com,Corporate/Other
Helloagent,Brandon Arbini,brandon@helloagent.com,helloagent.com,Corporate/Other
Soundscope,Abhay Jain,abhay@soundscope.com,soundscope.com,Corporate/Other
Arivale,Grant Ries,grant.ries@arivale.com,arivale.com,Corporate/Other
Adwerx,Edward Jed Carlson,jed@adwerx.com,adwerx.com,Corporate/Other
Lumacapitalpartners,Sumeet Jain,sumeet@lumacapitalpartners.com,lumacapitalpartners.com,VC/Investor
Fivewcapital,D. Randall Winn,randall.winn@fivewcapital.com,fivewcapital.com,VC/Investor
Vivint,Todd R. Pedersen,tpedersen@vivint.com,vivint.com,Corporate/Other
Questia,Rod Canion,rcanion@questia.com,questia.com,Corporate/Other
Accompani,Matthias Ruhl,matthias@accompani.com,accompani.com,Corporate/Other
Pick1,Lorenzo Barbantini Scanni,lorenzo@pick1.com,pick1.com,Corporate/Other
Mic,Christopher Altchek,caltchek@mic.com,mic.com,Corporate/Other
Iteratestudio,Brian Sathianathan,brian@iteratestudio.com,iteratestudio.com,Corporate/Other
Mdxmedical,Richard Forman,rforman@mdxmedical.com,mdxmedical.com,Corporate/Other
Dewittross,Jon P. Axelrod,jpa@dewittross.com,dewittross.com,Corporate/Other
Kfp.Org,Jeff Harbach,jharbach@kfp.org,kfp.org,Corporate/Other
Analog,Chris Look,clook@analog.com,analog.com,Corporate/Other
Thirdchannel,Lucy McQuilken,lucy@thirdchannel.com,thirdchannel.com,Corporate/Other
Thebeekmangroup,John G. Troiano,jtroiano@thebeekmangroup.com,thebeekmangroup.com,Corporate/Other
Ifeelgoods,Iggy Fanlo,iggy@ifeelgoods.com,ifeelgoods.com,Corporate/Other
Rapt.Fm,Erik Torenberg,erik@rapt.fm,rapt.fm,Corporate/Other
Tango.Me,Eric Setton,eric.setton@tango.me,tango.me,Corporate/Other
Golivemobile,Darren Litt,darren@golivemobile.com,golivemobile.com,Corporate/Other
Emc,Raman Khanna,raman.khanna@emc.com,emc.com,Corporate/Other
Slashnext,Promod Haque,promod.haque@slashnext.com,slashnext.com,Corporate/Other
Wayfinder.Is,Justin Wohlstadter,justin@wayfinder.is,wayfinder.is,Corporate/Other
Rmfpc,Andrew S. Hazen,ahazen@rmfpc.com,rmfpc.com,Corporate/Other
Revenue,Lee Fentress,lee@revenue.com,revenue.com,Corporate/Other
Weotta,Jacob Perkins,jacob@weotta.com,weotta.com,Corporate/Other
Instagis,Ignacio Canals,icanals@instagis.com,instagis.com,Corporate/Other
Anomali,Hugh S. Njemanze,hugh.njemanze@anomali.com,anomali.com,Corporate/Other
Thecollectivefunds,Blake Miller,blake@thecollectivefunds.co,thecollectivefunds.co,VC/Investor
Hdmedicalgroup,Arvind Thiagarajan,arvind@hdmedicalgroup.com,hdmedicalgroup.com,Corporate/Other
Aksarbeninnovation.Org,Kenneth Moreano,kmoreano@aksarbeninnovation.org,aksarbeninnovation.org,Corporate/Other
Mastercard,Ajay Banga,ajay_banga@mastercard.com,mastercard.com,Corporate/Other
Yangler.Me,Maria Samarina,maria@yangler.me,yangler.me,Corporate/Other
Wyng,Wendell Lansford,wendell.lansford@wyng.com,wyng.com,Corporate/Other
Therocketlounge,Dieter Kondek,dieter@therocketlounge.com,therocketlounge.com,Corporate/Other
Purplearchventures,David Beazley,david@purplearchventures.com,purplearchventures.com,VC/Investor
Buildzoom,David Petersen,david.petersen@buildzoom.com,buildzoom.com,Corporate/Other
Medivators,Don Byrne,dbyrne@medivators.com,medivators.com,Corporate/Other
Soredi.Org,Colleen Padilla,colleen@soredi.org,soredi.org,Corporate/Other
Sonomabrands,Jonathan Sebastiani,jon@sonomabrands.com,sonomabrands.com,Corporate/Other
Crescentcap,Mark Louis Attanasio,mark.attanasio@crescentcap.com,crescentcap.com,Corporate/Other
Zimmventures,Michael Zimmerman,mikez@zimmventures.com,zimmventures.com,VC/Investor
Astoct,Thomas Mackie,rock.mackie@astoct.com,astoct.com,Corporate/Other
Prismskylabs,Stephen Russell,steve@prismskylabs.com,prismskylabs.com,Corporate/Other
Redventures,Ricardo Elias,relias@redventures.com,redventures.com,VC/Investor
Textiq,Omar Haroun,omar@textiq.com,textiq.com,Corporate/Other
Creditkarma,Nikhyl Singhal,nikhyl.singhal@creditkarma.com,creditkarma.com,Corporate/Other
Chartspan,Jon-Michial Carter,jonmichial@chartspan.com,chartspan.com,Corporate/Other
Getreferralmd,Jonathan Govette,jonathan@getreferralmd.com,getreferralmd.com,Corporate/Other
Plusn,John Levy,jlevy@plusn.com,plusn.com,Corporate/Other
Adcoglobal,Glenn Frommer,glenn.frommer@adcoglobal.com,adcoglobal.com,Corporate/Other
Wellfra.Me,Dogu Celebi,dogu@wellfra.me,wellfra.me,Corporate/Other
Pubsonic,Dennis Ferrill,dennis@pubsonic.com,pubsonic.com,Corporate/Other
Sparkcentral,Davy Kestens,davy@sparkcentral.com,sparkcentral.com,Corporate/Other
Nrfc,David T. Hamamoto,hamamoto@nrfc.com,nrfc.com,Corporate/Other
Boardvitals,Daniel Lambert,dan@boardvitals.com,boardvitals.com,Corporate/Other
Gohealthinsurance,Clint Jones,clint.jones@gohealthinsurance.com,gohealthinsurance.com,Corporate/Other
Summitag,Bruce L. Rastetter,brastetter@summitag.com,summitag.com,Corporate/Other
Partners.Org,Beverly Hardy,bhardy@partners.org,partners.org,VC/Investor
Meetcortex,Brennan White,brennan@meetcortex.com,meetcortex.com,Corporate/Other
Accessclinicalpartners,Boyd Faust,boyd.faust@accessclinicalpartners.com,accessclinicalpartners.com,VC/Investor
Healthessentials,Alan Hoops,ahoops@healthessentials.com,healthessentials.com,Corporate/Other
Ua.Edu,Vance W. Bristow,vbristow@ua.edu,ua.edu,Corporate/Other
Noosphereventures,Mark Watt,mjw@noosphereventures.com,noosphereventures.com,VC/Investor
Cybersponse,Joseph Loomis,joe@cybersponse.com,cybersponse.com,Corporate/Other
Bcap,Jeffrey M. Drazan,jeff@bcap.com,bcap.com,Corporate/Other
Janrain,Jamie Beckland,jamie.beckland@janrain.com,janrain.com,Corporate/Other
Inlandinnovation,Richard Zajac,rich@inlandinnovation.com,inlandinnovation.com,Corporate/Other
Fogartyinstitute.Org,Fred St Goar,fred.stgoar@fogartyinstitute.org,fogartyinstitute.org,Corporate/Other
Birthdayalarm,Xochi Birch,xochi@birthdayalarm.com,birthdayalarm.com,Corporate/Other
Barrowhanley,Mark Giambrone,mgiambrone@barrowhanley.com,barrowhanley.com,Corporate/Other
Halofund,Carol Sands,carol@halofund.com,halofund.com,VC/Investor
Oakviewgroup,Timothy J. Leiweke,tleiweke@oakviewgroup.com,oakviewgroup.com,Corporate/Other
Expresscoin,Joseph Hsieh,joseph@expresscoin.com,expresscoin.com,Corporate/Other
Inoaventures,Edip Pektas,epektas@inoaventures.com,inoaventures.com,VC/Investor
Stlgives.Org,Bruce B. Holland,bruce.b.holland@stlgives.org,stlgives.org,Corporate/Other
Tif.Net,Steven Waite,swaite@tif.net,tif.net,Corporate/Other
Junyo,Steve Schoettler,steve.schoettler@junyo.com,junyo.com,Corporate/Other
Getchui,Shaun Moore,shaun@getchui.com,getchui.com,Corporate/Other
Halohome.Io,Rob Chong,rob@halohome.io,halohome.io,Corporate/Other
Lofty,Mark Lurie,mark@lofty.com,lofty.com,Corporate/Other
Rag-Bone,Marcus Wainwright,marcus.wainwright@rag-bone.com,rag-bone.com,Corporate/Other
Serenaandlily,Lori Greeley,lori.greeley@serenaandlily.com,serenaandlily.com,Corporate/Other
Stonemor,Lawrence Miller,lmiller@stonemor.com,stonemor.com,Corporate/Other
Altapartners,Larry Randall,lrandall@altapartners.com,altapartners.com,VC/Investor
Xogroupinc,Gillian Munson,gillian.munson@xogroupinc.com,xogroupinc.com,Corporate/Other
Estately,Galen Ward,galen@estately.com,estately.com,Corporate/Other
Breakwaterfunds,Deborah Benton,dbenton@breakwaterfunds.com,breakwaterfunds.com,VC/Investor
Mozio,David Litwak,david@mozio.com,mozio.com,Corporate/Other
Makermedia,Dale Dougherty,ddougherty@makermedia.com,makermedia.com,Corporate/Other
Driehauspe,Craig D. Wortmann,cwortmann@driehauspe.com,driehauspe.com,Corporate/Other
Greenlightmm,Coran Capshaw,coran.capshaw@greenlightmm.com,greenlightmm.com,Corporate/Other
Dealbase,Clem Bason,clem@dealbase.com,dealbase.com,Corporate/Other
Thomabravo,Carl Press,cpress@thomabravo.com,thomabravo.com,Corporate/Other
Amnhealthcare,Amy C. Chang,amy.chang@amnhealthcare.com,amnhealthcare.com,Corporate/Other
Gopriv,Alain Schibl,alain@gopriv.com,gopriv.com,Corporate/Other
Thedesignaccelerator,Mark Breitenberg,mbreitenberg@thedesignaccelerator.com,thedesignaccelerator.com,Corporate/Other
Prospectventures,Russell C. Hirsch,russell@prospectventures.com,prospectventures.com,VC/Investor
Zenreach,Ron LaPierre,ron@zenreach.com,zenreach.com,Corporate/Other
Urbanfloat,Joe Beaudry,joe@urbanfloat.com,urbanfloat.com,Corporate/Other
Momentum,Ryan Bloomer,ryan@momentum.vc,momentum.vc,VC/Investor
Twitchtech,Lawrence Catchpole,lawrence@twitchtech.com,twitchtech.com,Corporate/Other
Risesmart,Sanjay Sathe,ssathe@risesmart.com,risesmart.com,Corporate/Other
Bluesparktechnologies,Norbert Dawalibi,ndawalibi@bluesparktechnologies.com,bluesparktechnologies.com,Corporate/Other
Blueskypartners.Org,Manpreet S. Mattu,msmattu@blueskypartners.org,blueskypartners.org,VC/Investor
Blackstoneen.Org,Kathryn James,kathryn.james@blackstoneen.org,blackstoneen.org,Corporate/Other
Denovovc,Frederick J. Dotzler,fred@denovovc.com,denovovc.com,VC/Investor
Vida,Connie Chen,connie@vida.com,vida.com,Corporate/Other
Visualon,C.Y. Bill Lin,blin@visualon.com,visualon.com,Corporate/Other
Healthtechcapital,Anne DeGheest,adegheest@healthtechcapital.com,healthtechcapital.com,VC/Investor
Modernmeadow,Andras Forgacs,aforgacs@modernmeadow.com,modernmeadow.com,Corporate/Other
Virginiaactiveangelnetwork,Letitia H. Green,lgreen@virginiaactiveangelnetwork.com,virginiaactiveangelnetwork.com,Corporate/Other
Juvent,Peter Simonson,peter.simonson@juvent.com,juvent.com,Corporate/Other
Thirstie,Devaraj Southworth,devaraj@thirstie.com,thirstie.com,Corporate/Other
Enertiv,Pavel Khodorkovskiy,pavel@enertiv.com,enertiv.com,Corporate/Other
Amilink,David J. Pecker,dpecker@amilink.com,amilink.com,Corporate/Other
Truecar,Bernard Brenner,bbrenner@truecar.com,truecar.com,Corporate/Other
Collexion,Douglas Jay Taylor,doug@collexion.com,collexion.com,Corporate/Other
Worldcompliance,Daniel Ortiz,daniel.ortiz@worldcompliance.com,worldcompliance.com,Corporate/Other
Easypaint,Oliver Harriehausen,oliver@easypaint.com,easypaint.com,Corporate/Other
Netscout,Jim McNiel,jim.mcniel@netscout.com,netscout.com,Corporate/Other
Idealimage,Deborah G. Ellinger,deborah@idealimage.com,idealimage.com,Corporate/Other
Bitcoin-India.Org,Brett Mason,brett@bitcoin-india.org,bitcoin-india.org,Corporate/Other
Gssgsolar,Tomakin Archambault,tomakin@gssgsolar.com,gssgsolar.com,Corporate/Other
Greathillpartners,Matthew T. Vettel,mvettel@greathillpartners.com,greathillpartners.com,VC/Investor
Spireglobal,Eric J. Hautemont,eric.hautemont@spireglobal.com,spireglobal.com,Corporate/Other
Luxurylink,Scott Morrow,scott.morrow@luxurylink.com,luxurylink.com,Corporate/Other
Alltrails,Russell Cook,russell@alltrails.com,alltrails.com,Corporate/Other
Knightscope,William Santana Li,william@knightscope.com,knightscope.com,Corporate/Other
Colortv,Giancarlo Maniaci,gm@colortv.com,colortv.com,Corporate/Other
Kmbs.Konicaminolta.Us,Ekta Sahasi,esahasi@kmbs.konicaminolta.us,kmbs.konicaminolta.us,Corporate/Other
Locbit,Boian Spassov,spassov@locbit.com,locbit.com,Corporate/Other
Doubleline,Louis C Lucido,louis.lucido@doubleline.com,doubleline.com,Corporate/Other
Allmetals,Sergei Kuznetsov,sergei@allmetals.com,allmetals.com,Corporate/Other
Middleshift,Vince Thompson,vince@middleshift.com,middleshift.com,Corporate/Other
Bridgepointmb,Matt Plooster,mplooster@bridgepointmb.com,bridgepointmb.com,Corporate/Other
Playdom,Ling Xiao,xiao.ling@playdom.com,playdom.com,Corporate/Other
Extrahelpinc,Teresa Katubig,tkatubig@extrahelpinc.com,extrahelpinc.com,Corporate/Other
Mux,Steve Heffernan,steve@mux.com,mux.com,Corporate/Other
Easilydo,Mikael C. Berner,mikael@easilydo.com,easilydo.com,Corporate/Other
Fathomdelivers,Jeff Leo Herrmann,jherrmann@fathomdelivers.com,fathomdelivers.com,Corporate/Other
Wisdomtree,Gregory Barton,gregory.barton@wisdomtree.com,wisdomtree.com,Corporate/Other
Datassential,Deron Quon,deron.quon@datassential.com,datassential.com,Corporate/Other
Thinkful,Darrell Silver,darrell@thinkful.com,thinkful.com,Corporate/Other
Investec.Uk,Chris Sim,chris.sim@investec.co.uk,investec.co.uk,VC/Investor
Flywheelventures,Trevor R. Loy,trevor@flywheelventures.com,flywheelventures.com,VC/Investor
Mediaspike,Blake Commagere,blake@mediaspike.com,mediaspike.com,Corporate/Other
Appgrooves,Niren Hiro,niren@appgrooves.com,appgrooves.com,Corporate/Other
Ot.To,Lior Ron,lior@ot.to,ot.to,Corporate/Other
Rebeccaminkoff,Uri Minkoff,uri@rebeccaminkoff.com,rebeccaminkoff.com,Corporate/Other
Gunder,Scott C. Dettmer,sdettmer@gunder.com,gunder.com,Corporate/Other
Onbeep,Gregory Albrecht,greg@onbeep.com,onbeep.com,Corporate/Other
Cloudvolumes,Shaun Coleman,shaun@cloudvolumes.com,cloudvolumes.com,Corporate/Other
Contextoptional,Scott J. Kleper,scott@contextoptional.com,contextoptional.com,Corporate/Other
Zeninvestments,Keith M. Miller,k.miller@zeninvestments.com,zeninvestments.com,VC/Investor
Svicenter,Andrey Kunov,akunov@svicenter.com,svicenter.com,Corporate/Other
Bitium,Scott Kriz,scott@bitium.com,bitium.com,Corporate/Other
Splunk,Godfrey R. Sullivan,grsullivan@splunk.com,splunk.com,Corporate/Other
Teoco,Atul Jain,jaina@teoco.com,teoco.com,Corporate/Other
Medicalcyberworlds,Thomas D. Oakley,toakley@medicalcyberworlds.com,medicalcyberworlds.com,Corporate/Other
Bylaxmi,Leila Janah,leila@bylaxmi.com,bylaxmi.com,Corporate/Other
Canvas.Technology,Jonathan McQueen,jmcqueen@canvas.technology,canvas.technology,Corporate/Other
Cebglobal,Haniel Lynn,haniel.lynn@cebglobal.com,cebglobal.com,Corporate/Other
Cornell.Edu,Greg Pass,pass@cornell.edu,cornell.edu,Corporate/Other
Duch,Craig J. Duchossois,craig@duch.com,duch.com,Corporate/Other
Fundrise,Benjamin Miller,ben@fundrise.com,fundrise.com,VC/Investor
Chairish,Andy Denmark,andy@chairish.com,chairish.com,Corporate/Other
Spmllc,Ken Cron,ken@spmllc.com,spmllc.com,Corporate/Other
Downstate.Edu,Eva Brown Cramer,ecramer@downstate.edu,downstate.edu,Corporate/Other
Missouriquiltco,Alan Doan,alan@missouriquiltco.com,missouriquiltco.com,Corporate/Other
Iorahealth,Alexander Packard,alexander@iorahealth.com,iorahealth.com,Corporate/Other
Ameschamber,Ronald Hallenbeck,ron@ameschamber.com,ameschamber.com,Corporate/Other
Seeq,Jon Peterson,jon@seeq.com,seeq.com,Corporate/Other
Urgent.Ly,Ric Fleisher,rfleisher@urgent.ly,urgent.ly,Corporate/Other
Myndbee,Mahesh Rajagopalan,mahesh@myndbee.com,myndbee.com,Corporate/Other
Mynfo,Marvin Scaff,marvin@mynfo.com,mynfo.com,Corporate/Other
Missouriinnovation,Bill Turpin,bill@missouriinnovation.com,missouriinnovation.com,Corporate/Other
Lynettcapital,Ben Lynett,ben@lynettcapital.com,lynettcapital.com,VC/Investor
Uakron.Edu,Nathan J. Mortimer,njm9@uakron.edu,uakron.edu,Corporate/Other
Carloha,Chandler Wang,chandler@carloha.com,carloha.com,Corporate/Other
Gobiquity,Andrew Burns,andrew.burns@gobiquity.com,gobiquity.com,Corporate/Other
Zero404,Eric Liboiron,eric@zero404.com,zero404.com,Corporate/Other
Blooming.Io,Kristian Ranta,kristian@blooming.io,blooming.io,Corporate/Other
Themednet.Org,Samir Housri,shousri@themednet.org,themednet.org,Corporate/Other
Hqraleigh,Liz Tracy,ltracy@hqraleigh.com,hqraleigh.com,Corporate/Other
4Combinator,Gregg Fergus,gfergus@4combinator.com,4combinator.com,Corporate/Other
Mines.Io,Kunle Olukotun,kunle@mines.io,mines.io,Corporate/Other
Acceleratorcorp,Thong Q. Le,thong@acceleratorcorp.com,acceleratorcorp.com,Corporate/Other
Sportsilab,Isaiah J. Kacyvenski,isaiah@sportsilab.com,sportsilab.com,Corporate/Other
Gpv,Raymond J. Lane,rlane@gpv.com,gpv.com,Corporate/Other
Cnf,Todd Tomlinson,t.tomlinson@cnf.com,cnf.com,Corporate/Other
Clearwellgroup,Ryan D. Cortner,ryan@clearwellgroup.com,clearwellgroup.com,Corporate/Other
Broadoak,Lars Hanan,lhanan@broadoak.com,broadoak.com,Corporate/Other
Beechwoodcap,Larry Kahn,lkahn@beechwoodcap.com,beechwoodcap.com,Corporate/Other
Amherstfund,Matthew Turner,matt@amherstfund.com,amherstfund.com,VC/Investor
Amcref,Clifford M. Kenwood,cliff@amcref.com,amcref.com,Corporate/Other
Xmihighgrowth,Michael D. Shmerling,mshmerling@xmihighgrowth.com,xmihighgrowth.com,VC/Investor
Victvd,Calvin Goforth,calvin.goforth@victvd.com,victvd.com,Corporate/Other
Vtalliance,James V. Diller,jdiller@vtalliance.com,vtalliance.com,Corporate/Other
Vateracapital,Kevin Ferro,kferro@vateracapital.com,vateracapital.com,VC/Investor
Truenorthvp,Matthew S. Ahearn,matt.ahearn@truenorthvp.com,truenorthvp.com,Corporate/Other
Tmvp,Carrie Bates,cbates@tmvp.com,tmvp.com,Corporate/Other
Townsgatemedia,Ken Lawson,ken@townsgatemedia.com,townsgatemedia.com,Corporate/Other
Stringventures,Emrah Yalaz,emrahyalaz@stringventures.com,stringventures.com,VC/Investor
Pergamentadvisors,Steven J Brown,steve@pergamentadvisors.com,pergamentadvisors.com,Corporate/Other
Pbmcap,Paul B. Manning,pmanning@pbmcap.com,pbmcap.com,Corporate/Other
Moorevp,Terry W. Moore,terry@moorevp.com,moorevp.com,Corporate/Other
Sightlinepartners,Joe Biller,joe@sightlinepartners.com,sightlinepartners.com,VC/Investor
Rosemontpartnersllc,Melinda S. Bugg,mbugg@rosemontpartnersllc.com,rosemontpartnersllc.com,VC/Investor
Rizkventures,Thomas A Rizk,trizk@rizkventures.com,rizkventures.com,VC/Investor
Psilos,Joseph R. Riley,joeriley@psilos.com,psilos.com,Corporate/Other
Highway12Ventures,Phil Reed,phil@highway12ventures.com,highway12ventures.com,VC/Investor
Healthinvestequity,Timothy F. Howe,thowe@healthinvestequity.com,healthinvestequity.com,VC/Investor
Firstbev,Jason Camillos,jason@firstbev.com,firstbev.com,Corporate/Other
Fenwaypartners,Walter Wiacek,wwiacek@fenwaypartners.com,fenwaypartners.com,VC/Investor
Exceleratehealth,Gary Abrahams,gabrahams@exceleratehealth.com,exceleratehealth.com,Corporate/Other
Endurecap,Tarek Fahim,tf@endurecap.com,endurecap.com,Corporate/Other
Mesaverdevp,Carey J. Ng,carey@mesaverdevp.com,mesaverdevp.com,Corporate/Other
Mentorcapital,Chet Billingsley,chet@mentorcapital.com,mentorcapital.com,VC/Investor
Maximventures,Shailendra Mahajan,shailendra.mahajan@maximventures.com,maximventures.com,VC/Investor
Lsgpa,Stephen Carpenter,scarpenter@lsgpa.com,lsgpa.com,Corporate/Other
Kansasbioauthority.Org,Thomas F. Krol,krol@kansasbioauthority.org,kansasbioauthority.org,Corporate/Other
Iroquoiscg,William A. McGugin,bmcgugin@iroquoiscg.com,iroquoiscg.com,Corporate/Other
Terrapower,Nathan Myhrvold,nmyhrvold@terrapower.com,terrapower.com,Corporate/Other
Horizenventures,Philip Kent Kiracofe,philip@horizenventures.com,horizenventures.com,VC/Investor
Coveraventures,Steve Coffey,steve@coveraventures.com,coveraventures.com,VC/Investor
Marketdial,Morgan Davis,morgan@marketdial.com,marketdial.com,Corporate/Other
Bulldoginnovationgroup,Garren Givens,garren@bulldoginnovationgroup.com,bulldoginnovationgroup.com,Corporate/Other
Bgcapitalgroup,Bobby Genovese,bobby.genovese@bgcapitalgroup.com,bgcapitalgroup.com,VC/Investor
Arcusventures,Chad C. Hellmann,ch@arcusventures.com,arcusventures.com,VC/Investor
Archervc,Greg Martin,gmartin@archervc.com,archervc.com,VC/Investor
Alignedvc,Susan Mason,susan@alignedvc.com,alignedvc.com,VC/Investor
Chromistherapeutics,Nikolay Savchuk,nsavchuk@chromistherapeutics.com,chromistherapeutics.com,Corporate/Other
Moasisgel,Roger A. Strauch,roger@moasisgel.com,moasisgel.com,Corporate/Other
Opensocietyfoundations.Org,James Beaver,james.beaver@opensocietyfoundations.org,opensocietyfoundations.org,Corporate/Other
Solidaritycap,Steve Monti,steve.monti@solidaritycap.com,solidaritycap.com,Corporate/Other
Seaf,Robert Vodicka,rvodicka@seaf.com,seaf.com,Corporate/Other
Srfunds,Jon Bayless,jwb@srfunds.com,srfunds.com,VC/Investor
Wkkf.Org,Joel R. Wittenberg,joel.wittenberg@wkkf.org,wkkf.org,Corporate/Other
Tamratacoma,Kaitlyn Thomson,kaitlyn.thomson@tamratacoma.com,tamratacoma.com,Corporate/Other
Openprairie,Patrick G. Morand,pmorand@openprairie.com,openprairie.com,Corporate/Other
Pointfin,Michael O'Malley,momalley@pointfin.com,pointfin.com,Corporate/Other
Physicventures,William B. Rosenzweig,wrosenzweig@physicventures.com,physicventures.com,VC/Investor
Osu.Edu,Melanie Baker,baker.756@osu.edu,osu.edu,Corporate/Other
Mccune,Jason Cahill,jason@mccune.vc,mccune.vc,VC/Investor
Llmcapital,Matthew B. Hills,mhills@llmcapital.com,llmcapital.com,VC/Investor
Lightercapital,B John Lackland,blackland@lightercapital.com,lightercapital.com,VC/Investor
Lvpcapital,Patrick Latterell,pat@lvpcapital.com,lvpcapital.com,VC/Investor
Landscapecapital,George Papadopoulos,george@landscapecapital.com,landscapecapital.com,VC/Investor
Kuzarigroup,Mark Rimer,mark.rimer@kuzarigroup.com,kuzarigroup.com,Corporate/Other
Fundgoodjobs,Sean Daniel Murphy,sean@fundgoodjobs.com,fundgoodjobs.com,VC/Investor
Frogdesign,Ethan Imboden,ethan.imboden@frogdesign.com,frogdesign.com,Corporate/Other
Fjordventures,Olav B. Bergheim,obergheim@fjordventures.com,fjordventures.com,VC/Investor
Firelakecapital,Lisa Lee,llee@firelakecapital.com,firelakecapital.com,VC/Investor
Essexcapitalcorp,Ralph T. Iannelli,ralph@essexcapitalcorp.com,essexcapitalcorp.com,VC/Investor
Eplanetcapital,Dennis Atkinson,dennis@eplanetcapital.com,eplanetcapital.com,VC/Investor
Emeraldmanagers,Stephen Case,stephen.case@emeraldmanagers.com,emeraldmanagers.com,Corporate/Other
Drkfoundation.Org,Christy Remey Chin,christy@drkfoundation.org,drkfoundation.org,Corporate/Other
Cycadvc,K. Leonard Judson,leonard@cycadvc.com,cycadvc.com,VC/Investor
Cityhillventures,Jonathan E. Lim,jlim@cityhillventures.com,cityhillventures.com,VC/Investor
Clsvc,A. Barr Dolan,barr@clsvc.com,clsvc.com,VC/Investor
Ccmgroupllc,Alla Jezmir,ajezmir@ccmgroupllc.com,ccmgroupllc.com,Corporate/Other
Canepahealthcare,Adam Lessler,adam@canepahealthcare.com,canepahealthcare.com,Corporate/Other
Camcapital,Bruce Kovner,bkovner@camcapital.com,camcapital.com,VC/Investor
Caerusip,James Robinson,james.robinson@caerusip.com,caerusip.com,Corporate/Other
Blackwoodholdings,Mark V. Geier,mgeier@blackwoodholdings.com,blackwoodholdings.com,Corporate/Other
Bdventures,Rob Ukropina,rob@bdventures.com,bdventures.com,VC/Investor
Birddogequity,Chad Hatch,chad.hatch@birddogequity.com,birddogequity.com,VC/Investor
Beyondcapitalfund.Org,Eva Helene Yazhari,eva@beyondcapitalfund.org,beyondcapitalfund.org,VC/Investor
Arcapita,Kevin J. Keough,kkeough@arcapita.com,arcapita.com,Corporate/Other
Accoladepartners,Andrew Winter Salembier,andrew@accoladepartners.com,accoladepartners.com,VC/Investor
Wavepointventures,Peter Gardner,peter@wavepointventures.com,wavepointventures.com,VC/Investor
Waveep,Mark Robinson,mark@waveep.com,waveep.com,Corporate/Other
Wafra,Fawaz Al-Mubaraki,f.al-mubaraki@wafra.com,wafra.com,Corporate/Other
Volcanocap,Douglas Wall,dwall@volcanocap.com,volcanocap.com,Corporate/Other
Viavisolutions,Jim Schneibel,jim.schneibel@viavisolutions.com,viavisolutions.com,Corporate/Other
Treehouseinvestments,Dominique Bangasser Slavin,dslavin@treehouseinvestments.com,treehouseinvestments.com,VC/Investor
Theteamgrp,Greg Arnold,greg.arnold@theteamgrp.com,theteamgrp.com,Corporate/Other
Broe,Pat Broe,pbroe@broe.com,broe.com,Corporate/Other
Synergylsp,Mudit K. Jain,mjain@synergylsp.com,synergylsp.com,Corporate/Other
Thepinehillgroup,Charles M. Jacobson,cjacobson@thepinehillgroup.com,thepinehillgroup.com,Corporate/Other
Soodventures,Rakesh Sood,rakesh@soodventures.com,soodventures.com,VC/Investor
Sandhill,Madhavan R. Rangaswami,mr@sandhill.com,sandhill.com,Corporate/Other
Renvcf,Christopher L. Rizik,chrisr@renvcf.com,renvcf.com,VC/Investor
Osfhealthcare.Org,Stanley D. Lynall,stanley.lynall@osfhealthcare.org,osfhealthcare.org,Corporate/Other
Nmtcapital,Thomas E. Hancock,tom.hancock@nmtcapital.com,nmtcapital.com,VC/Investor
Mbhe,Ben Russell,brussell@mbhe.com,mbhe.com,Corporate/Other
Lowes,Robert A. Niblock,rniblock@lowes.com,lowes.com,Corporate/Other
Psm,Kevin J. Gadawski,kevin.gadawski@psm.com,psm.com,Corporate/Other
Leadingedgevc,Richard Birkmeyer,rick@leadingedgevc.com,leadingedgevc.com,VC/Investor
Kodiakvp,Louis J. Volpe,lvolpe@kodiakvp.com,kodiakvp.com,Corporate/Other
Inetworkspe,Anthony M. Lacenere,tlacenere@inetworkspe.com,inetworkspe.com,Corporate/Other
Earthport,Hank Uberoi,hank.uberoi@earthport.com,earthport.com,Corporate/Other
Gurnetpointcapital,Todd Holmes,tholmes@gurnetpointcapital.com,gurnetpointcapital.com,VC/Investor
Greybullstewardship,Mason Myers,mason@greybullstewardship.com,greybullstewardship.com,Corporate/Other
Greybirdventures,Michael Devlin,mdevlin@greybirdventures.com,greybirdventures.com,VC/Investor
Glengaryllc,Stephen R. Haynes,shaynes@glengaryllc.com,glengaryllc.com,Corporate/Other
Fequity,Warren H. Haber,whaber@fequity.com,fequity.com,VC/Investor
Fwcapital,Stephen A. Baker,steve.baker@fwcapital.com,fwcapital.com,VC/Investor
Envisionvc,Daniel H. Ahn,daniel.ahn@envisionvc.com,envisionvc.com,VC/Investor
Cvc2,Shakeel Rangrez,sr@cvc2.com,cvc2.com,VC/Investor
Connectedservices,Chad MacDonald,cmacdonald@connectedservices.com,connectedservices.com,Corporate/Other
Caretta,Ryan Schultz,ryan@caretta.co,caretta.co,Corporate/Other
Carecapital,Argeris N. Karabelas,jerry.karabelas@carecapital.com,carecapital.com,VC/Investor
Biospartners,Leslie Wayne Kreis,lkreis@biospartners.com,biospartners.com,VC/Investor
Azimuth,Milena Adamian,adamian@azimuth.vc,azimuth.vc,VC/Investor
Asimovventures,Alan Meckler,alan@asimovventures.com,asimovventures.com,VC/Investor
Ashhill.Net,Steven R. Smith,steven.smith@ashhill.net,ashhill.net,Corporate/Other
Anschutzinvestments,Philip Anschutz,philip@anschutzinvestments.com,anschutzinvestments.com,VC/Investor
Amkeyvc,Woody Sing-Wood Yeh,woody.yeh@amkeyvc.com,amkeyvc.com,VC/Investor
Adapcapital,Andy Lower,andylower@adapcapital.com,adapcapital.com,VC/Investor
Wichitatechnology,Patricia L. Brasted,brasted@wichitatechnology.com,wichitatechnology.com,Corporate/Other
Weatherford,Will Weatherford,will@weatherford.com,weatherford.com,Corporate/Other
Wctipartners,Didier Dippe,ddippe@wctipartners.com,wctipartners.com,VC/Investor
Vodiaventures,David Matias,dbm@vodiaventures.com,vodiaventures.com,VC/Investor
Vestedworld,Jeffrey Stine,jeff@vestedworld.com,vestedworld.com,Corporate/Other
Venturehealth,Mir Imran,mir@venturehealth.com,venturehealth.com,Corporate/Other
Synocapital,Justin Xiang,justin.xiang@synocapital.com,synocapital.com,VC/Investor
Valencefund,Eric W. Roberts,eroberts@valencefund.com,valencefund.com,VC/Investor
Techgrowthohio,Lynn Gellermann,gellermann@techgrowthohio.com,techgrowthohio.com,VC/Investor
Redhillsventures,Victor M. G. Chaltiel,vchaltiel@redhillsventures.com,redhillsventures.com,VC/Investor
Primecoalition.Org,Sarah Kearney,sarah@primecoalition.org,primecoalition.org,Corporate/Other
Asiaalt,Laure L. Wang,lwang@asiaalt.com,asiaalt.com,Corporate/Other
Ottercapital,John M. Pasquesi,pasquesi@ottercapital.com,ottercapital.com,VC/Investor
Merlinnexus,Dominique Sémon,dsemon@merlinnexus.com,merlinnexus.com,Corporate/Other
Mppgrp,Jeffrey Possick,jpossick@mppgrp.com,mppgrp.com,Corporate/Other
Mercedcapital,Andrew Platt,andrew.platt@mercedcapital.com,mercedcapital.com,VC/Investor
Mach5Ventures,Oliver Mitchell,om@mach5ventures.com,mach5ventures.com,VC/Investor
Lyricalpartners,John V. Jonson,john.jonson@lyricalpartners.com,lyricalpartners.com,VC/Investor
Lookoutcapital,W. Merrette Moore,mmoore@lookoutcapital.com,lookoutcapital.com,VC/Investor
Oxbio,Jonathan J. Fleming,jfleming@oxbio.com,oxbio.com,Corporate/Other
Wvhtf.Org,Guy Peduto,gpeduto@wvhtf.org,wvhtf.org,Corporate/Other
Infieldcapital,David C. Moll,david@infieldcapital.com,infieldcapital.com,VC/Investor
Illuminaventures,Nicholas J. Naclerio,nick@illuminaventures.com,illuminaventures.com,VC/Investor
Hudsonriverventures,Sean Eldridge,sean@hudsonriverventures.com,hudsonriverventures.com,VC/Investor
Highlandconsumer,David Krauser,david@highlandconsumer.com,highlandconsumer.com,Corporate/Other
Ggs,David Potter,david@ggs.com,ggs.com,Corporate/Other
Njhf.Org,James M. Golubieski,jgolubieski@njhf.org,njhf.org,Corporate/Other
Firsthandcapital,Kevin Landis,kevin.landis@firsthandcapital.com,firsthandcapital.com,VC/Investor
Crestlight,Jens Horstmann,jhorstmann@crestlight.com,crestlight.com,Corporate/Other
Ureach,Burton McGillivray,bmcgillivray@ureach.com,ureach.com,Corporate/Other
Eivcapital,Jill Vacek Stamets,jstamets@eivcapital.com,eivcapital.com,VC/Investor
Dpginvestments,Daniel P. Galvanoni,daniel@dpginvestments.com,dpginvestments.com,VC/Investor
Dow,Kevin McElgunn,kmmcelgunn@dow.com,dow.com,Corporate/Other
Dlbcapital,Douglas L. Brown,dlb@dlbcapital.com,dlbcapital.com,VC/Investor
Chiesiventures,Giacomo Chiesi,g.chiesi@chiesiventures.com,chiesiventures.com,VC/Investor
Capfunds,R. Burton Harvey,bharvey@capfunds.com,capfunds.com,VC/Investor
Bvmcap,Ross P. Barrett,ross@bvmcap.com,bvmcap.com,Corporate/Other
Brookstonepartners,Matthew Lipman,lipmanm@brookstonepartners.com,brookstonepartners.com,VC/Investor
Brilliant.Ventures,Kara Weber,kara@brilliant.ventures,brilliant.ventures,VC/Investor
Watterraenergy,Craig M. Hurlbert,churlbert@watterraenergy.com,watterraenergy.com,Corporate/Other
Parallelresourcepartners,Jonathan Siegler,jsiegler@parallelresourcepartners.com,parallelresourcepartners.com,VC/Investor
Blueberryventures,Arif Fazal,arif@blueberryventures.vc,blueberryventures.vc,VC/Investor
Bfgpartners,Thomas Spier,tom@bfgpartners.com,bfgpartners.com,VC/Investor
Allotropepartners,Marc Stuart,mds@allotropepartners.com,allotropepartners.com,VC/Investor
Alafi,Christopher Alafi,chris@alafi.com,alafi.com,Corporate/Other
Agilitycap,Robert L. Skinner,robert@agilitycap.com,agilitycap.com,Corporate/Other
819Capital,Joseph Lerner,jlerner@819capital.com,819capital.com,VC/Investor
Zurich,Ferdinand Seibert,ferdinand.seibert@zurich.com,zurich.com,Corporate/Other
Twvcapital,Gregory O'Shea,gregory.o'shea@twvcapital.com,twvcapital.com,VC/Investor
Trillium-Group,James C. Stoffel,jcstoffel@trillium-group.com,trillium-group.com,Corporate/Other
Thirdwaveventures,Barak H. Bussel,barak@thirdwaveventures.com,thirdwaveventures.com,VC/Investor
Usregroup,Lee Bailey,lee@usregroup.com,usregroup.com,Corporate/Other
Litchfieldfund,Tom Malengo,tmalengo@litchfieldfund.com,litchfieldfund.com,VC/Investor
Techaccel.Net,Michael Helmstetter,michael@techaccel.net,techaccel.net,Corporate/Other
Siblingcapital,Brian M. Isern,bisern@siblingcapital.com,siblingcapital.com,VC/Investor
Sdlventures,Donald R. Scifres,dscifres@sdlventures.com,sdlventures.com,VC/Investor
Rlb-Holdings,Stephen Kane,steve@rlb-holdings.com,rlb-holdings.com,Corporate/Other
Scvco,Jason Webber,jason@scvco.com,scvco.com,VC/Investor
Scvgroup.Net,Tom Kellermann,tom@scvgroup.net,scvgroup.net,Corporate/Other
Stonewoodcapital,John Tippins,jtippins@stonewoodcapital.com,stonewoodcapital.com,VC/Investor
Stanmoremedical,David Cash,david.cash@stanmoremedical.com,stanmoremedical.com,Corporate/Other
Sqdncap,David R. Pelizzon,dpelizzon@sqdncap.com,sqdncap.com,Corporate/Other
Spiralsunventures,Mark Thomann,mark@spiralsunventures.com,spiralsunventures.com,VC/Investor
Swmv,Waneta C. Tuttle,wtuttle@swmv.com,swmv.com,Corporate/Other
Orchestramv,John P. Brancaccio,jbrancaccio@orchestramv.com,orchestramv.com,Corporate/Other
Olsfventures,MacKenzie Ward,mackenzie@olsfventures.com,olsfventures.com,VC/Investor
Nueterra,Steve Harmon,sharmon@nueterra.com,nueterra.com,Corporate/Other
Nmccap,J. Michael Schafer,michael@nmccap.com,nmccap.com,Corporate/Other
Nchcapital,Edward Parisi,eparisi@nchcapital.com,nchcapital.com,VC/Investor
Relativitycapitalllc,Leslie L. Armitage,larmitage@relativitycapitalllc.com,relativitycapitalllc.com,VC/Investor
Peregrine,Jake Yu,jake@peregrine.vc,peregrine.vc,VC/Investor
Mvpcap,Thomas A. Penn,tap@mvpcap.com,mvpcap.com,Corporate/Other
Maysoncapital,Jeffrey Maurer,jeff.maurer@maysoncapital.com,maysoncapital.com,VC/Investor
Emergenc.Me,Jim Carr,jim.carr@emergenc.me,emergenc.me,Corporate/Other
Lynwoodcapital,David Hanson,dh@lynwoodcapital.com,lynwoodcapital.com,VC/Investor
Lge,Henry Chung,henry.chung@lge.com,lge.com,Corporate/Other
Lasolasvc,Dean Hatton,dean@lasolasvc.com,lasolasvc.com,VC/Investor
Lagunitabio,Mark S. Blumenkranz,mblumenkranz@lagunitabio.com,lagunitabio.com,Corporate/Other
Kohlbergventures,John S. Eastburn,john.eastburn@kohlbergventures.com,kohlbergventures.com,VC/Investor
Keencompany.Us,Jonathan Smiga,jsmiga@keencompany.us.com,keencompany.us.com,Corporate/Other
Jvencapital,Evan Jones,ejones@jvencapital.com,jvencapital.com,VC/Investor
Jvcmanagement,Jonathan Jonas,jjonas@jvcmanagement.com,jvcmanagement.com,VC/Investor
Jaivc,Robert F. Johnston,rjohnston@jaivc.com,jaivc.com,VC/Investor
I4Fund,Jay Chaudhari,jay@i4fund.com,i4fund.com,VC/Investor
Hsholdingsllc,Neal Shah,nshah@hsholdingsllc.com,hsholdingsllc.com,Corporate/Other
Houven,Charles L. Davis,cdavis@houven.com,houven.com,Corporate/Other
Heroncap,Kevin L. Etzkorn,kevin@heroncap.com,heroncap.com,Corporate/Other
Fisher-Capital,William Fisher,bill@fisher-capital.com,fisher-capital.com,VC/Investor
Harvey-Partners,Brett Campbell,brett.campbell@harvey-partners.com,harvey-partners.com,VC/Investor
Hardwareclub,Barbara Belvisi,barbara@hardwareclub.co,hardwareclub.co,Corporate/Other
Greenmontcapital,Todd Woloson,todd@greenmontcapital.com,greenmontcapital.com,VC/Investor
Greenlightfund.Org,Margaret Hall,mhall@greenlightfund.org,greenlightfund.org,VC/Investor
Greenhousecapital.Net,Peter D. Henig,pete@greenhousecapital.net,greenhousecapital.net,VC/Investor
Granitepoint,Robert Girvin,robert@granitepoint.com,granitepoint.com,Corporate/Other
Ghif,Curt LaBelle,curt@ghif.com,ghif.com,Corporate/Other
Galaxyventurecapital,Adam Lewis,adam@galaxyventurecapital.com,galaxyventurecapital.com,VC/Investor
Fremontgroup,David R. Covin,dcovin@fremontgroup.com,fremontgroup.com,Corporate/Other
Eicfunds,Kevin Skillern,kevin.skillern@eicfunds.com,eicfunds.com,VC/Investor
Eagleventures.Biz,Melvin Pirchesky,melvin.pirchesky@eagleventures.biz,eagleventures.biz,VC/Investor
Dupont,AnnaMaria DeSalva,annamaria.desalva@dupont.com,dupont.com,Corporate/Other
Dcmllc,Rohit K. Seth,rohit.seth@dcmllc.com,dcmllc.com,Corporate/Other
Chicagoventure,John M. Fife,jfife@chicagoventure.com,chicagoventure.com,Corporate/Other
Centanagrowth,Ben Cukier,bcukier@centanagrowth.com,centanagrowth.com,VC/Investor
Ccccgrowthfund,Patrick M. Blandford,pblandford@ccccgrowthfund.com,ccccgrowthfund.com,VC/Investor
Doriltoncapital,Matthew L. C. Savage,matthew@doriltoncapital.com,doriltoncapital.com,VC/Investor
Genworth,Ron D. Cordes,ron.cordes@genworth.com,genworth.com,Corporate/Other
Colventures,Kenneth D. Peterson,ken@colventures.com,colventures.com,VC/Investor
Bridgewestgroup,Masood K. Tayebi,masood.tayebi@bridgewestgroup.com,bridgewestgroup.com,Corporate/Other
5Primeventures,Jenny Rooke,jenny@5primeventures.com,5primeventures.com,VC/Investor
Alta-Energy,Sam H. Lee,sam.lee@alta-energy.com,alta-energy.com,Corporate/Other
Ab-Inbev,Dai Truong,dai.truong@ab-inbev.com,ab-inbev.com,Corporate/Other
Carbonx,Carl Crosser,ccrosser@carbonx.com,carbonx.com,Corporate/Other
Avistacorp,Scott L. Morris,scott.morris@avistacorp.com,avistacorp.com,Corporate/Other
Adfa.Arkansas.Gov,Cheryl Schluterman,cheryl.schluterman@adfa.arkansas.gov,adfa.arkansas.gov,Corporate/Other
Alphaventurecapital,Carl Dockery,carl.dockery@alphaventurecapital.com,alphaventurecapital.com,VC/Investor
Acutacapital,Richard Lin,rlin@acutacapital.com,acutacapital.com,VC/Investor
Actionpotentialvc,Imran Eba,imran.a.eba@actionpotentialvc.com,actionpotentialvc.com,VC/Investor
Ziegler,Donald I. Grande,donald.grande@ziegler.com,ziegler.com,Corporate/Other
Wfdventures,Timothy Langloss,tim@wfdventures.com,wfdventures.com,VC/Investor
Vo2Partners,Laurence W. Levi,llevi@vo2partners.com,vo2partners.com,VC/Investor
Vabiotech,Carrie Roth,carrie.roth@vabiotech.com,vabiotech.com,Corporate/Other
Upstartvc,Dennis B. Farrar,dennis@upstartvc.com,upstartvc.com,VC/Investor
Trevihealth,Scott Cragg,scragg@trevihealth.com,trevihealth.com,Corporate/Other
Tichenorventures,McHenry T. Tichenor,mtichenor@tichenorventures.com,tichenorventures.com,VC/Investor
Jdrf.Org,Jonathan Behr,jbehr@jdrf.org,jdrf.org,Corporate/Other
Sfscapital,Andrew Reiser,andrew.reiser@sfscapital.com,sfscapital.com,VC/Investor
Steelheadcm,Kirk Coleman,kcoleman@steelheadcm.com,steelheadcm.com,Corporate/Other
Spindriftequities,Daniel Dan Googel,dgoogel@spindriftequities.com,spindriftequities.com,Corporate/Other
Somerset,Robert Stevens,robert@somerset.vc,somerset.vc,VC/Investor
Stadiumgoods,John McPheters,john@stadiumgoods.com,stadiumgoods.com,Corporate/Other
Skaiventures,Ellary Kim,ekim@skaiventures.com,skaiventures.com,VC/Investor
Quantumcapitalpartners,Stuart G. Lasher,slasher@quantumcapitalpartners.com,quantumcapitalpartners.com,VC/Investor
Scfcny,Nasir Ali,nasir@scfcny.com,scfcny.com,Corporate/Other
Securitygrowth,Elad Yoran,elad@securitygrowth.com,securitygrowth.com,VC/Investor
Savitrcapital,Andrew Reuben Midler,amidler@savitrcapital.com,savitrcapital.com,VC/Investor
Roserventures,James L.D. Roser,jroser@roserventures.com,roserventures.com,VC/Investor
Roadstercapital,Ryan Else,ryan@roadstercapital.com,roadstercapital.com,VC/Investor
Rice.Edu,Allison Thacker,athacker@rice.edu,rice.edu,Corporate/Other
Pondventures,Kent Godfrey,kent@pondventures.com,pondventures.com,VC/Investor
Pilotwallgroup,Heath Schiesser,heath@pilotwallgroup.com,pilotwallgroup.com,Corporate/Other
Phoenixstrategy,Daniel Muzquiz,dmuzquiz@phoenixstrategy.com,phoenixstrategy.com,Corporate/Other
Hixme,Dan Peate,peate@hixme.com,hixme.com,Corporate/Other
Arrowstreetcapital,Bruce Eric Clarke,bclarke@arrowstreetcapital.com,arrowstreetcapital.com,VC/Investor
Palmcovecapital,Steve K Baker,stevenkbaker@palmcovecapital.com,palmcovecapital.com,VC/Investor
Omnivc,Arun Netravali,anetravali@omnivc.com,omnivc.com,VC/Investor
Oakwoodmedical,Daniel A. Burkhardt,dburkhardt@oakwoodmedical.com,oakwoodmedical.com,Corporate/Other
Njeda,Melissa Orsen,morsen@njeda.com,njeda.com,Corporate/Other
Newhillmgt,Jeffrey S. Garner,jeffrey.garner@newhillmgt.com,newhillmgt.com,Corporate/Other
Newcyclecapital,Josh Becker,josh@newcyclecapital.com,newcyclecapital.com,VC/Investor
Neuroventures,Daniel J. O'Connell,djo@neuroventures.com,neuroventures.com,VC/Investor
Mtspartners,Sooin Kwon,kwon@mtspartners.com,mtspartners.com,VC/Investor
Medxventures,Harel Gadot,harel@medxventures.com,medxventures.com,VC/Investor
Markerhillcapital,Robert Fanch,bfanch@markerhillcapital.com,markerhillcapital.com,VC/Investor
Lunacapventures,Paul Capon,paul@lunacapventures.com,lunacapventures.com,VC/Investor
Lisventures,Tzvi Raviv,tzvi.raviv@lisventures.com,lisventures.com,VC/Investor
Lindenventurefund,Oksana Mindyuk Malysheva,oksana@lindenventurefund.com,lindenventurefund.com,VC/Investor
Limestoneca,Tom Inman,tinman@limestoneca.com,limestoneca.com,Corporate/Other
Lfecapital,Kellie Bauer,kellie@lfecapital.com,lfecapital.com,VC/Investor
Leocapholdings,Randy O. Rissman,randy.rissman@leocapholdings.com,leocapholdings.com,Corporate/Other
Leaderventures,Robert Molke,rmolke@leaderventures.com,leaderventures.com,VC/Investor
Lakeshorecp,Andrew Matricaria,amatricaria@lakeshorecp.com,lakeshorecp.com,Corporate/Other
Lakestreetcapital,Gretchen Knoell,gknoell@lakestreetcapital.com,lakestreetcapital.com,VC/Investor
Kingcapitalpartners,Frank-Paul A. King,fak@kingcapitalpartners.com,kingcapitalpartners.com,VC/Investor
Kensonventures,Jospeh C.C. Huang,jhuang@kensonventures.com,kensonventures.com,VC/Investor
Kanterventures,Geoffrey Kanter,gkanter@kanterventures.com,kanterventures.com,VC/Investor
Kaiserpermanente.Org,Gene F Pawlick,genepawlick@kaiserpermanente.org,kaiserpermanente.org,Corporate/Other
Jadoinvestments,Geoff Rosenhain,geoff.rosenhain@jadoinvestments.com,jadoinvestments.com,VC/Investor
Iowacornopportunities,Brian R. Jones,bjones@iowacornopportunities.com,iowacornopportunities.com,Corporate/Other
Innerproductpartners,Douglas Kirkpatrick,dkirkpatrick@innerproductpartners.com,innerproductpartners.com,VC/Investor
Hullstreet,Christopher J. Meyers,cmeyers@hullstreet.com,hullstreet.com,Corporate/Other
Highcape,Matthew William Zuga,matt.zuga@highcape.com,highcape.com,Corporate/Other
Hexagoninc,Ronald A. Bader,rab@hexagoninc.com,hexagoninc.com,Corporate/Other
Hemi,Amy Gu,amy@hemi.vc,hemi.vc,VC/Investor
Joinharper,Brian Anderson,brian@joinharper.com,joinharper.com,Corporate/Other
Gratituderailroad,Thomas J. Knowles,tknowles@gratituderailroad.com,gratituderailroad.com,Corporate/Other
Grassrootscap,Amitabh Brar,abrar@grassrootscap.com,grassrootscap.com,Corporate/Other
Gastoncapitalpartners,Michael K. McMahan,mick@gastoncapitalpartners.com,gastoncapitalpartners.com,VC/Investor
Frontierequitiesvc,Marit Molin,mmolin@frontierequitiesvc.com,frontierequitiesvc.com,VC/Investor
Frantzgroup,Mark G. Frantz,mark.frantz@frantzgroup.com,frantzgroup.com,Corporate/Other
Fountainheadinvestors,Brian J. Kieser,briankieser@fountainheadinvestors.com,fountainheadinvestors.com,VC/Investor
Fordfound.Org,Eric W. Doppstadt,e.doppstadt@fordfound.org,fordfound.org,Corporate/Other
Firebrandvc,John Fein,john.fein@firebrandvc.com,firebrandvc.com,VC/Investor
Fireboltventures,Cherian Mathew,cm@fireboltventures.com,fireboltventures.com,VC/Investor
Sentineltrust,David A. Bristol,dbristol@sentineltrust.com,sentineltrust.com,Corporate/Other
Fbr,Richard J. Hendrix,rhendrix@fbr.com,fbr.com,Corporate/Other
Expansive,Jonathan Soberg,jon@expansive.vc,expansive.vc,VC/Investor
Envycapital,Sanford Aaron,saaron@envycapital.com,envycapital.com,VC/Investor
Envision-Bc,Brad Pickar,bpickar@envision-bc.com,envision-bc.com,Corporate/Other
Enerfund,Mike Zoi,mike.zoi@enerfund.com,enerfund.com,VC/Investor
Efwpartners,Charles H. Finnie,cfinnie@efwpartners.com,efwpartners.com,VC/Investor
Echohealthventures,Robert Coppedge,robert.coppedge@echohealthventures.com,echohealthventures.com,VC/Investor
Drwvc,Kimberly Trautmann,kimberly@drwvc.com,drwvc.com,VC/Investor
Drakepartnersllc,Laurence Hicks,larry@drakepartnersllc.com,drakepartnersllc.com,VC/Investor
Disruptor,Pete Snyder,pete@disruptor.com,disruptor.com,Corporate/Other
Digitalisventures,Geoffrey W. Smith,gsmith@digitalisventures.com,digitalisventures.com,VC/Investor
Decisiontree.Cc,Todd A. Taranto,todd@decisiontree.cc,decisiontree.cc,Corporate/Other
Deandacapital,Michael De Anda,michael@deandacapital.com,deandacapital.com,VC/Investor
Dawnpatrol,Amit Kapur,amit@dawnpatrol.vc,dawnpatrol.vc,VC/Investor
Croftoncap,Philip M. Ivey,phil.ivey@croftoncap.com,croftoncap.com,Corporate/Other
Cowboytechnologyangels,Jim Troxel,jimtroxel@cowboytechnologyangels.com,cowboytechnologyangels.com,VC/Investor
Cornerstone-Equity,Stephen L. Larson,slarson@cornerstone-equity.com,cornerstone-equity.com,VC/Investor
Cocreationcapital,Ashok Jain,ashok@cocreationcapital.com,cocreationcapital.com,VC/Investor
Venture-Catalysts,Hugo Ramos,hugo@venture-catalysts.com,venture-catalysts.com,Corporate/Other
Centricap,Steven G. Chrust,schrust@centricap.com,centricap.com,Corporate/Other
Cavendishimpactcapital,Tony Quiñones,tony.quinones@cavendishimpactcapital.com,cavendishimpactcapital.com,VC/Investor
Catterton,Michael Meyer,michaelm@catterton.com,catterton.com,Corporate/Other
Excellny,Rami Katz,rkatz@excellny.com,excellny.com,Corporate/Other
Breslaucapital,Jonathan Bettsak,jonathan.bettsak@breslaucapital.com,breslaucapital.com,VC/Investor
Braintrustvc,John M. Reher,john.reher@braintrustvc.com,braintrustvc.com,VC/Investor
Bluescorpioninv,Gautam Ahuja,ga@bluescorpioninv.com,bluescorpioninv.com,Corporate/Other
Bluehillpartners,Emily Bockian Landsburg,elandsburg@bluehillpartners.com,bluehillpartners.com,VC/Investor
Bluediamondcat,John Hollenbach,jhollenbach@bluediamondcat.com,bluediamondcat.com,Corporate/Other
Invertededge,Debra Langley,debra.langley@invertededge.com,invertededge.com,Corporate/Other
Bioventuresinvestors,Walter Gilbert,wgilbert@bioventuresinvestors.com,bioventuresinvestors.com,VC/Investor
Bespokecp,Mark Harms,mark.harms@bespokecp.com,bespokecp.com,Corporate/Other
Baxalta,Geeta Vemuri,geeta.vemuri@baxalta.com,baxalta.com,Corporate/Other
Adctherapeutics,Michael Forer,mforer@adctherapeutics.com,adctherapeutics.com,Corporate/Other
Austercapitalpartners,Charles F. Auster,chuck@austercapitalpartners.com,austercapitalpartners.com,VC/Investor
Augurycapital,David W. Truetzel,truetzel@augurycapital.com,augurycapital.com,VC/Investor
Aquilocap,Lee Seward,lseward@aquilocap.com,aquilocap.com,Corporate/Other
Aquacopia,David Tze,david.tze@aquacopia.com,aquacopia.com,Corporate/Other
Antarescapital,Randall E. Poliner,rpoliner@antarescapital.com,antarescapital.com,VC/Investor
Americancentury,Mark Killen,mark.killen@americancentury.com,americancentury.com,Corporate/Other
Albioninvestors,Mark Arnold,marnold@albioninvestors.com,albioninvestors.com,VC/Investor
Agtechaccelerator,John W. Dombrosky,jdombrosky@agtechaccelerator.com,agtechaccelerator.com,Corporate/Other
Affinitycapital.Net,Robin M. Dowdle,rdowdle@affinitycapital.net,affinitycapital.net,VC/Investor
Viipeakscapital,Gurpreet S. Chandhoke,chandhoke.gurpreet@viipeakscapital.com,viipeakscapital.com,VC/Investor
Vcfa,Dayton T. Carr,carr@vcfa.com,vcfa.com,VC/Investor
13Icapital,Ram Thukkaram,ramthukkaram@13icapital.com,13icapital.com,VC/Investor
Ventures,Peter H. Mills,pmills@ventures.com,ventures.com,VC/Investor
Azte,Mark Antonucci,mantonucci@azte.com,azte.com,Corporate/Other
Xplorercapital,Ettore Leale,ettore@xplorercapital.com,xplorercapital.com,VC/Investor
Xlpcapital,Mark Blaxill,mark.blaxill@xlpcapital.com,xlpcapital.com,VC/Investor
Vbllc,Marc R. Viscogliosi,marcv@vbllc.com,vbllc.com,Corporate/Other
Valmikicapital,Ravi Suria,ravi.suria@valmikicapital.com,valmikicapital.com,VC/Investor
Twosevenventures,Todd Mitchell,tmitchell@twosevenventures.com,twosevenventures.com,VC/Investor
Trivergance,Jerry Stone,jerry.stone@trivergance.com,trivergance.com,Corporate/Other
Insidehook,Andrew Russell,andy@insidehook.com,insidehook.com,Corporate/Other
Energypowersystems,Dennis Townsend,dtownsend@energypowersystems.com,energypowersystems.com,Corporate/Other
Thomasschumann,Thomas Deng Mahmoud Schumann,thomas@thomasschumann.com,thomasschumann.com,Corporate/Other
3Rdcreek,Dave Straley,dstraley@3rdcreek.com,3rdcreek.com,Corporate/Other
Provcogroup,Richard E. Caruso,rcaruso@provcogroup.com,provcogroup.com,VC/Investor
Thecrestgroupllc,Enrico Scarda,e.scarda@thecrestgroupllc.com,thecrestgroupllc.com,Corporate/Other
Brcap,Valerie J Friedman,valerie.friedman@brcap.com,brcap.com,Corporate/Other
Verthermia,Stephen Scott,stephen.scott@verthermia.com,verthermia.com,Corporate/Other
Statoncapital,Daniel C Stanton,daniel@statoncapital.com,statoncapital.com,VC/Investor
Southpoplar,Allen H. Kupetz,allen@southpoplar.com,southpoplar.com,Corporate/Other
Simmonswhite,Clayton J. White,cjwhite@simmonswhite.com,simmonswhite.com,Corporate/Other
Smithfieldtrustco,Mark E. McDonel,mem@smithfieldtrustco.com,smithfieldtrustco.com,Corporate/Other
Skymoonventures,Barbara A. Paldus,barbara.paldus@skymoonventures.com,skymoonventures.com,VC/Investor
Seapointventures,Thomas S. Huseby,tom@seapointventures.com,seapointventures.com,VC/Investor
Schneiderworld,Thomas Schneider,t.s@schneiderworld.com,schneiderworld.com,Corporate/Other
Sdvg.Org,Mike Krenn,mike.krenn@sdvg.org,sdvg.org,Corporate/Other
Salixventures,Christopher Grant,cgrant@salixventures.com,salixventures.com,VC/Investor
Rosewoodcap,Larry Clay,larry.clay@rosewoodcap.com,rosewoodcap.com,Corporate/Other
Rootcapital.Org,William Foote,wfoote@rootcapital.org,rootcapital.org,VC/Investor
Regionalgrowthcapital,Richard M. Palank,rpalank@regionalgrowthcapital.com,regionalgrowthcapital.com,VC/Investor
Raymondjames,David E. Thomas,dave.thomas@raymondjames.com,raymondjames.com,Corporate/Other
Princetonventures,James A. Waskovich,jwaskovich@princetonventures.com,princetonventures.com,VC/Investor
Activateimmunotherapy,Stella M. Sung,sung@activateimmunotherapy.com,activateimmunotherapy.com,Corporate/Other
P5Hv,David L. Eigen,david@p5hv.com,p5hv.com,Corporate/Other
Sigvion,Michael E. Pape,mpape@sigvion.com,sigvion.com,Corporate/Other
Oneearthcapital,Joe Hudson,joe@oneearthcapital.com,oneearthcapital.com,VC/Investor
Omega-Advisors,Leon G. Cooperman,lgc@omega-advisors.com,omega-advisors.com,Corporate/Other
Oceanstateangels,Tim Ehrlich,tim@oceanstateangels.com,oceanstateangels.com,VC/Investor
Observercap,Joseph Meyer,joseph.meyer@observercap.com,observercap.com,Corporate/Other
Northwell.Edu,Thomas Thornton,t.thornton@northwell.edu,northwell.edu,Corporate/Other
Northavenuecap,Eric Johnson,ejohnson@northavenuecap.com,northavenuecap.com,Corporate/Other
Newmagellan,Melvin Richmond,mel.richmond@newmagellan.com,newmagellan.com,Corporate/Other
Ndimedical,Marilyn A. Eisele,meisele@ndimedical.com,ndimedical.com,Corporate/Other
Browndogpartners,Jo Anne Miller,joanne@browndogpartners.com,browndogpartners.com,VC/Investor
Themendotagroup,R. Curtis Burgess,burgess@themendotagroup.com,themendotagroup.com,Corporate/Other
Memphisbioworks.Org,Brandon Wellford,bwellford@memphisbioworks.org,memphisbioworks.org,Corporate/Other
Mcnamarafv,Kevin McNamara,kevin@mcnamarafv.com,mcnamarafv.com,Corporate/Other
Myriancapital,JP Nauseef,jp.nauseef@myriancapital.com,myriancapital.com,VC/Investor
Morpheuscap,Bash Derti,bd@morpheuscap.com,morpheuscap.com,Corporate/Other
Moriahpartners,Joseph Konowiecki,jkonowiecki@moriahpartners.com,moriahpartners.com,VC/Investor
Montlakecapital,Andrew Dale,adale@montlakecapital.com,montlakecapital.com,VC/Investor
Massgcc,Robert Guenther,rguenther@massgcc.com,massgcc.com,Corporate/Other
Mlsvfund,Sinclair A. Dunlop,sdunlop@mlsvfund.com,mlsvfund.com,VC/Investor
Annlurie,Ann Lurie,ann@annlurie.com,annlurie.com,Corporate/Other
Loupventures,Gene Munster,gene.munster@loupventures.com,loupventures.com,VC/Investor
Louisianafund,Richard A. Babb,rbabb@louisianafund.com,louisianafund.com,VC/Investor
Longmeadowcapital,Richard B. Steele,rsteele@longmeadowcapital.com,longmeadowcapital.com,VC/Investor
Bm,Donald A. Baer,don.baer@bm.com,bm.com,Corporate/Other
Leafcleanenergy,Jim Potochny,jim.potochny@leafcleanenergy.com,leafcleanenergy.com,Corporate/Other
Launchcyte,Thomas Petzinger,tom@launchcyte.com,launchcyte.com,Corporate/Other
Lattice,Brittany Gorevic,brittany@lattice.vc,lattice.vc,VC/Investor
Laragazza,Katherine Martin,katiemartin@laragazza.co,laragazza.co,Corporate/Other
Kuberfinancial,Timothy Li,timothy.li@kuberfinancial.com,kuberfinancial.com,Corporate/Other
Kpmg,Mark Toon,mtoon@kpmg.com,kpmg.com,Corporate/Other
Juliprun,James R. Griffiths,jgriffiths@juliprun.com,juliprun.com,Corporate/Other
Jhpenter,Juan H. Pujol,jhpujol@jhpenter.com,jhpenter.com,Corporate/Other
Ritual,Lauren Hayes,lauren@ritual.com,ritual.com,Corporate/Other
Jburkecapital,Eric Lauerwald,eric@jburkecapital.com,jburkecapital.com,VC/Investor
Interlock,Jeff Williams,jeff@interlock.vc,interlock.vc,VC/Investor
Inskit,Greg Berman,gberman@inskit.com,inskit.com,Corporate/Other
Innoventures,Scott W. Stenberg,stenberg@innoventures.com,innoventures.com,VC/Investor
Getadmiral,Daniel Rua,dan@getadmiral.com,getadmiral.com,Corporate/Other
Inflectpoint,Michael O'Malley,momalley@inflectpoint.com,inflectpoint.com,Corporate/Other
Ikovecapital,James Mainord,james.mainord@ikovecapital.com,ikovecapital.com,VC/Investor
Hudsonptr,John P. Truehart,jtruehart@hudsonptr.com,hudsonptr.com,Corporate/Other
Hopewellventures,Jeffery Lampe,lampe@hopewellventures.com,hopewellventures.com,VC/Investor
Himalayacapital,Li Lu,li.lu@himalayacapital.com,himalayacapital.com,VC/Investor
Team.Telstra,Mark H. Sherman,mark.sherman@team.telstra.com,team.telstra.com,Corporate/Other
Harrispreston,Charles M. Preston,cpreston@harrispreston.com,harrispreston.com,Corporate/Other
Guidemedicalventures,Greg Schulte,greg.schulte@guidemedicalventures.com,guidemedicalventures.com,VC/Investor
Choptsalad,Nicholas Marsh,nick@choptsalad.com,choptsalad.com,Corporate/Other
Grouseridgecapital,Benjamin J. Garber,b_garber@grouseridgecapital.com,grouseridgecapital.com,VC/Investor
Firstcapitalgroup,Jeffrey P. Blanchard,jpblanchard@firstcapitalgroup.com,firstcapitalgroup.com,VC/Investor
Otterrockcapital,Brendan Wallace,brendan@otterrockcapital.com,otterrockcapital.com,VC/Investor
Fidesratio,Thomas Ducrot,tom@fidesratio.com,fidesratio.com,Corporate/Other
Exiumpartners,Omar Nazem,omar@exiumpartners.com,exiumpartners.com,VC/Investor
Espialventures,Adam Gold,adam@espialventures.com,espialventures.com,VC/Investor
Gbfund.Org,Julio Ayca,jayca@gbfund.org,gbfund.org,VC/Investor
Gaalloys,Mordechai Korf,motti@gaalloys.com,gaalloys.com,Corporate/Other
Gundfdn.Org,David T. Abbott,dabbott@gundfdn.org,gundfdn.org,Corporate/Other
Io,George D. Slessman,gslessman@io.com,io.com,Corporate/Other
Enverra,Wesley K. Clark,wclark@enverra.com,enverra.com,Corporate/Other
Digintent,Joseph Dwyer,joe@digintent.com,digintent.com,Corporate/Other
Fitzgate,James H. Cohen,jim@fitzgate.com,fitzgate.com,Corporate/Other
Firstcapital4Tech,Kirk Ryder,kirk@firstcapital4tech.com,firstcapital4tech.com,VC/Investor
Aduroadvisors,Michael Bunning,michael.bunning@aduroadvisors.com,aduroadvisors.com,Corporate/Other
Elmaphilanthropies.Org,Thomas McPartland,tmcpartland@elmaphilanthropies.org,elmaphilanthropies.org,Corporate/Other
Efundllc,Daniel Kranzler,dan.kranzler@efundllc.com,efundllc.com,VC/Investor
Dragonventure,Tony C. Luh,tonyluh@dragonventure.com,dragonventure.com,Corporate/Other
Deervalleyventures,Leonard Wanger,lenw@deervalleyventures.com,deervalleyventures.com,VC/Investor
Phenomenelleangels,Joseph P. Hildebrandt,joe@phenomenelleangels.com,phenomenelleangels.com,VC/Investor
Cyranoco,Steven M. Trembley,steven.trembley@cyranoco.com,cyranoco.com,Corporate/Other
Cxocollective,Corbin Cowan,corbin.cowan@cxocollective.com,cxocollective.com,Corporate/Other
Breakawaycap,Warren Woo,warren.woo@breakawaycap.com,breakawaycap.com,Corporate/Other
Centermancapital,Robert Craig,bob@centermancapital.com,centermancapital.com,VC/Investor
Cedargroveinv,Bill Heston,bheston@cedargroveinv.com,cedargroveinv.com,Corporate/Other
Case.Edu,Timothy R Milanich,timothy.milanich@case.edu,case.edu,Corporate/Other
Crescendoventures,Peter van Cuylenburg,pvancuylenburg@crescendoventures.com,crescendoventures.com,VC/Investor
Courtsquareventures,Douglas A. Burns,dburns@courtsquareventures.com,courtsquareventures.com,VC/Investor
Coralgrp,Mark Headrick,mark@coralgrp.com,coralgrp.com,Corporate/Other
Congruentinv,Preston Massey,pmassey@congruentinv.com,congruentinv.com,Corporate/Other
Fusfoo,Evan F. Denner,edenner@fusfoo.com,fusfoo.com,Corporate/Other
Affinitysolutions,Richard Bravman,rbravman@affinitysolutions.com,affinitysolutions.com,Corporate/Other
Drobnycapital,Benjamin Savage,bsavage@drobnycapital.com,drobnycapital.com,VC/Investor
Cielopef,Daniel Urbina,daniel@cielopef.com,cielopef.com,Corporate/Other
Cherokeefund,Bret Batchelder,bbatchelder@cherokeefund.com,cherokeefund.com,VC/Investor
Bohemiancompanies,Brian L. Klemsz,brian@bohemiancompanies.com,bohemiancompanies.com,Corporate/Other
Blackforestventures,Haydar Kustu,haydar@blackforestventures.com,blackforestventures.com,VC/Investor
Binaryfin,Harry Yeh,hyeh@binaryfin.com,binaryfin.com,Corporate/Other
Bessemer,Rebecca H. Patterson,patterson@bessemer.com,bessemer.com,Corporate/Other
Bendigopartners,Jarrett Lilien,j.lilien@bendigopartners.com,bendigopartners.com,VC/Investor
Bandgapventures,Samuel Kim,sam@bandgapventures.com,bandgapventures.com,VC/Investor
Aweida,Jesse I. Aweida,jesse@aweida.com,aweida.com,Corporate/Other
Avmltd,Clifford G. Viner,clifford.viner@avmltd.com,avmltd.com,Corporate/Other
Avalon,Andrew Navarra,anavarra@avalon.com,avalon.com,Corporate/Other
Am-A,Anthony Arnerich,tonya@am-a.com,am-a.com,Corporate/Other
Arlington-Capital,Rock J. Tonkel,rocktonkel@arlington-capital.com,arlington-capital.com,VC/Investor
Argoglobal,Tom Wooters,twooters@argoglobal.com,argoglobal.com,Corporate/Other
Arconic,Michael Anness,mike.anness@arconic.com,arconic.com,Corporate/Other
Alerionpartners,Harry Rein,rein@alerionpartners.com,alerionpartners.com,VC/Investor
Alaracap,Michael D. Burns,mburns@alaracap.com,alaracap.com,Corporate/Other
Actawireless,Mark McDowell,mark.mcdowell@actawireless.com,actawireless.com,Corporate/Other
Accelerateventures,Isaac W. Jacobson,isaacj@accelerateventures.com,accelerateventures.com,VC/Investor
Abundantventures,Frank H. Migliore,frank.migliore@abundantventures.com,abundantventures.com,VC/Investor
Abbottventures,William Welch,william.welch@abbottventures.com,abbottventures.com,VC/Investor
747Capital,Joshua C. Sobeck,joshua@747capital.com,747capital.com,VC/Investor
Saavn,Rishi Malhotra,rishi@saavn.com,saavn.com,Corporate/Other
Zonevc,Frank M. Creer,frank@zonevc.com,zonevc.com,VC/Investor
Yankeepacific,Kennard Goldsmith,ken.goldsmith@yankeepacific.com,yankeepacific.com,Corporate/Other
Windwardventures,David Titus,titus@windwardventures.com,windwardventures.com,VC/Investor
Colliganlaw,David J. Colligan,dcolligan@colliganlaw.com,colliganlaw.com,Corporate/Other
Wescottcapital,Gregg M. Schoenberg,gregg@wescottcapital.com,wescottcapital.com,VC/Investor
Webercapital,Gene Weber,eweber@webercapital.com,webercapital.com,VC/Investor
Wavelandventures,Chester Schwartz,cschwartz@wavelandventures.com,wavelandventures.com,VC/Investor
Warcap,Stuart Brown,sbrown@warcap.com,warcap.com,Corporate/Other
Warbros,Michael Warburg,mwarburg@warbros.com,warbros.com,Corporate/Other
Vtencp,James P. Karides,jk@vtencp.com,vtencp.com,Corporate/Other
Voyentpartners,Fred C. Goad,fred@voyentpartners.com,voyentpartners.com,VC/Investor
Vlsillc,Paul F. Rocheleau,procheleau@vlsillc.com,vlsillc.com,Corporate/Other
Vacapital,Tom Deardorff,tom@vacapital.com,vacapital.com,VC/Investor
Vietnampartners,David Wisowaty,david@vietnampartners.com,vietnampartners.com,VC/Investor
Staplestreetcapital,William E. Kennard,wkennard@staplestreetcapital.com,staplestreetcapital.com,VC/Investor
Surterra,Jake Bergmann,jbergmann@surterra.com,surterra.com,Corporate/Other
Central.Uh.Edu,Raymond Bartlett,rbartlett@central.uh.edu,central.uh.edu,Corporate/Other
Tyson,Mary Kay James,marykay.james@tyson.com,tyson.com,Corporate/Other
Truewealthvc,Sara T. Brand,sara@truewealthvc.com,truewealthvc.com,VC/Investor
Trexenterprises,Kenneth Y. Tang,ken.tang@trexenterprises.com,trexenterprises.com,Corporate/Other
Treehousecapital,Robert J. Majteles,rob@treehousecapital.com,treehousecapital.com,VC/Investor
Totalimpactcapital,Michael Brownrigg,mbrownrigg@totalimpactcapital.com,totalimpactcapital.com,VC/Investor
Topazfund,Steven K. Baker,steve@topazfund.com,topazfund.com,VC/Investor
Thirdlake,Jennifer M. Paul,jpaul@thirdlake.com,thirdlake.com,Corporate/Other
Tzg,Richard P. Zitelman,rick@tzg.com,tzg.com,Corporate/Other
Trpf,York Duncan,yduncan@trpf.com,trpf.com,Corporate/Other
Montpelier.Org,Kat Imhoff,kimhoff@montpelier.org,montpelier.org,Corporate/Other
Markshillgroup,Lance C. Carlile,lcarlile@markshillgroup.com,markshillgroup.com,Corporate/Other
Theincubationfactory,Tim Weber,tweber@theincubationfactory.com,theincubationfactory.com,Corporate/Other
Thefoodloft,Bruce P. Shaw,bruce@thefoodloft.com,thefoodloft.com,Corporate/Other
Grosvenorfund,Bruce B. Dunnan,bdunnan@grosvenorfund.com,grosvenorfund.com,VC/Investor
Bollard,Anastasios N.M.N. Parafestas,aparafestas@bollard.com,bollard.com,Corporate/Other
Biomed.Org,Ronald Ondechek,rondechek@biomed.org,biomed.org,Corporate/Other
Tellinv,Bryan Ziegler,bziegler@tellinv.com,tellinv.com,Corporate/Other
Midcoastcapital,James M. Buck,jbuck@midcoastcapital.com,midcoastcapital.com,VC/Investor
Talkot,Thomas Bruce Akin,takin@talkot.com,talkot.com,Corporate/Other
Liquico,Victor W. Hwang,vhwang@liquico.com,liquico.com,Corporate/Other
Symmetrypeak,Quint Slattery,quint@symmetrypeak.com,symmetrypeak.com,Corporate/Other
Swatequitypartners,Richard Kirshenbaum,richard@swatequitypartners.com,swatequitypartners.com,VC/Investor
Svlatamfund,Sandra Sainz,sandra@svlatamfund.co,svlatamfund.co,VC/Investor
Pinewoodsocial,Benjamin Goldberg,benjamin.goldberg@pinewoodsocial.com,pinewoodsocial.com,Corporate/Other
Stonningtongroup,Attila Soos,attila@stonningtongroup.com,stonningtongroup.com,Corporate/Other
Stereocap,Jim Smith,jsmith@stereocap.vc,stereocap.vc,VC/Investor
Spektracapital,Jason Lemelson,jason.lemelson@spektracapital.com,spektracapital.com,VC/Investor
Vomela,Paul Knapp,paul.knapp@vomela.com,vomela.com,Corporate/Other
Suaellc,Rebecca Kauffman,rebecca.kauffman@suaellc.com,suaellc.com,Corporate/Other
Southatlantic,Sandra P. Barber,spbarber@southatlantic.com,southatlantic.com,Corporate/Other
Solcap,Frederick Bamber,fbamber@solcap.com,solcap.com,Corporate/Other
Snow.Ventures,Alexander Campbell,campbell@snow.ventures,snow.ventures,VC/Investor
Shamrock,Stanley P. Gold,sgold@shamrock.com,shamrock.com,Corporate/Other
Annamariafishcompany,Christopher G. Cogan,christopher.cogan@annamariafishcompany.com,annamariafishcompany.com,Corporate/Other
Selbyventures,Robert Marshall,bob@selbyventures.com,selbyventures.com,VC/Investor
Bdcnewengland,Thomas J. Wooters,twooters@bdcnewengland.com,bdcnewengland.com,Corporate/Other
Smartforest,Deborah A. Coleman,deborah.coleman@smartforest.com,smartforest.com,Corporate/Other
Slackinc,Joan-Marie Stiglich,jmstiglich@slackinc.com,slackinc.com,Corporate/Other
Svpartners,Blake Warner,blake@svpartners.com,svpartners.com,VC/Investor
Siliconvalleycf.Org,Paul Velaski,pvelaski@siliconvalleycf.org,siliconvalleycf.org,Corporate/Other
Sigma-Diversified,John Lucke,jlucke@sigma-diversified.com,sigma-diversified.com,Corporate/Other
Searchfundaccelerator,Jeremy H. Silverman,jeremy@searchfundaccelerator.com,searchfundaccelerator.com,VC/Investor
Mdlive,David W. Sculley,dsculley@mdlive.com,mdlive.com,Corporate/Other
Invencor,Richard Harding,richard@invencor.com,invencor.com,Corporate/Other
Rvc-Usa,Greg Fitzgerald,greg.fitzgeral@rvc-usa.com,rvc-usa.com,VC/Investor
Rhventures.Org,Mitchell Landess,mitchell.landess@rhventures.org,rhventures.org,VC/Investor
Rrcap,Gunther Roehlig,gunther.roehlig@rrcap.com,rrcap.com,Corporate/Other
Rockportventure,Mark Bosland,mbosland@rockportventure.com,rockportventure.com,Corporate/Other
Quantumtp,Barry Dickman,barry@quantumtp.com,quantumtp.com,Corporate/Other
Proximare,Nailesh A. Bhatt,nbhatt@proximare.com,proximare.com,Corporate/Other
Proxhealth,R. Joseph Sullivan,sullivanjo@proxhealth.com,proxhealth.com,Corporate/Other
Ridgewoodenergy,Robert E. Swanson,bswanson@ridgewoodenergy.com,ridgewoodenergy.com,Corporate/Other
Ridescoutapp,Joseph Kopser,joseph.kopser@ridescoutapp.com,ridescoutapp.com,Corporate/Other
Rrgc.Us,Raymond C. Hemmig,ray@rrgc.us,rrgc.us,Corporate/Other
Renewablevc,Dal Zemp,dal@renewablevc.com,renewablevc.com,VC/Investor
Remigesventures,Walter Olesiak,walter@remigesventures.com,remigesventures.com,VC/Investor
Redrockventures,Robert G. Todd,bob@redrockventures.com,redrockventures.com,VC/Investor
Ranchosantafepartners,Kevin Russeth,krusseth@ranchosantafepartners.com,ranchosantafepartners.com,VC/Investor
Pacrimpartners,Peter H. Gardner,pgardner@pacrimpartners.com,pacrimpartners.com,VC/Investor
Pnc,John Thompson,john.thompson@pnc.com,pnc.com,Corporate/Other
Bradley,James W. Childs,jchilds@bradley.com,bradley.com,Corporate/Other
Portad,Jenifer K. Parker,jparker@portad.com,portad.com,Corporate/Other
Podinvestment,Tom Nyman,tom.nyman@podinvestment.com,podinvestment.com,VC/Investor
Phxcapital,Peter L. Ax,pax@phxcapital.com,phxcapital.com,VC/Investor
Pcom.Edu,Peter Doulis,peterd@pcom.edu,pcom.edu,Corporate/Other
Pearigee,Maxwell Farley,mfarley@pearigee.com,pearigee.com,Corporate/Other
Parcaecapital,Frank P. Magliochetti,frank@parcaecapital.com,parcaecapital.com,VC/Investor
Niacc.Edu,Tim Putnam,tim.putnam@niacc.edu,niacc.edu,Corporate/Other
Pcvfund,Eduardo Rallo,eduardo.rallo@pcvfund.com,pcvfund.com,VC/Investor
Oriduncap,Abiodun Adisa,abi.adisa@oriduncap.com,oriduncap.com,Corporate/Other
Orangeequityllc,Robbert J.F. de Klerk,robbert@orangeequityllc.com,orangeequityllc.com,VC/Investor
Ovcfund,Michael Schattner,mike@ovcfund.com,ovcfund.com,VC/Investor
Oldcitycapital,Eytan Feldman,eytan@oldcitycapital.com,oldcitycapital.com,VC/Investor
Octanecapital,Emeric J. McDonald,emeric@octanecapital.com,octanecapital.com,VC/Investor
Oceanshorevc,Ken Pearlman,ken@oceanshorevc.com,oceanshorevc.com,VC/Investor
Jabil,Courtney J. Ryan,courtney_ryan@jabil.com,jabil.com,Corporate/Other
Nvinvest,Aviv Nevo,aviv@nvinvest.com,nvinvest.com,VC/Investor
Novusviafund,Peter F. Capuciati,pete@novusviafund.com,novusviafund.com,VC/Investor
Nd.Gov,Dean Reese,dreese@nd.gov,nd.gov,Corporate/Other
Nextwave.Ventures,Alicia Robb,alicia@nextwave.ventures,nextwave.ventures,VC/Investor
Newbury-Partners,Gerald Esposito,esposito@newbury-partners.com,newbury-partners.com,VC/Investor
Mountroyalventures,Peter Los,peter.los@mountroyalventures.com,mountroyalventures.com,VC/Investor
Mosaixventures,Ranjan Lal,rlal@mosaixventures.com,mosaixventures.com,VC/Investor
Nazmark,Mark Dice,mdice@nazmark.com,nazmark.com,Corporate/Other
Mon-Cap,Todd Saldana,todds@mon-cap.com,mon-cap.com,Corporate/Other
Missionthrottle,Susan Gordon,sgordon@missionthrottle.com,missionthrottle.com,Corporate/Other
Immunome,Jane Holmes Hollingsworth,jhollingsworth@immunome.com,immunome.com,Corporate/Other
Mezzmanagement,Piotr Sadowski,sadowski@mezzmanagement.com,mezzmanagement.com,Corporate/Other
Meyercap,Joseph Meyer,jm@meyercap.com,meyercap.com,Corporate/Other
Meelia,Chris Meelia,chris@meelia.com,meelia.com,Corporate/Other
Medleyp,Mark W. Heising,mark@medleyp.com,medleyp.com,Corporate/Other
Mediasilo,Kai Pradel,kai@mediasilo.com,mediasilo.com,Corporate/Other
Mediabendcapital,Emanuele Della Valle,emanuele.valle@mediabendcapital.com,mediabendcapital.com,VC/Investor
Mdhpartners,Jeffrey Small,jeffrey_small@mdhpartners.com,mdhpartners.com,VC/Investor
Mdausa.Org,Grace Pavlath,gpavlath@mdausa.org,mdausa.org,Corporate/Other
Finchbeer,Benjamin M. Finch,ben@finchbeer.com,finchbeer.com,Corporate/Other
Cranevc,Hehder Pasha Asghar,hpasghar@cranevc.com,cranevc.com,VC/Investor
Techcouncilmd,Jerry L Parrott,jerry.parrott@techcouncilmd.com,techcouncilmd.com,Corporate/Other
Manchesterstory,David Miles,david.miles@manchesterstory.com,manchesterstory.com,Corporate/Other
Mamamancinis,Matthew I. Brown,matt@mamamancinis.com,mamamancinis.com,Corporate/Other
Madisonparkercapital,Brent Brown,brent@madisonparkercapital.com,madisonparkercapital.com,VC/Investor
M34Capital,Errol Arkilic,errol@m34capital.com,m34capital.com,VC/Investor
Lorientcap,David Berman,david@lorientcap.com,lorientcap.com,Corporate/Other
Leemunder,Kenneth L. Swan,kswan@leemunder.com,leemunder.com,Corporate/Other
Lev,Daryl Starr,daryl@lev.vc,lev.vc,VC/Investor
Liravc,Tony Rached,trached@liravc.com,liravc.com,VC/Investor
Lgvpartners,Dan Hodgson,dan@lgvpartners.com,lgvpartners.com,VC/Investor
Ltdpartners,Joel B. Braunstein,jbraun@ltdpartners.com,ltdpartners.com,VC/Investor
Lsdfa.Org,John P. DesRosier,rosier@lsdfa.org,lsdfa.org,Corporate/Other
Levyfamilypartners,Sophia Stratton,sstratton@levyfamilypartners.com,levyfamilypartners.com,VC/Investor
Langdellinvestments,Pratik Budhdev,pbudhdev@langdellinvestments.com,langdellinvestments.com,VC/Investor
Landmarkventures,John Kunschner,jkunschner@landmarkventures.com,landmarkventures.com,VC/Investor
Lancetcapital,George L. Sing,sing@lancetcapital.com,lancetcapital.com,VC/Investor
Koresoftware,Todd Cusolle,todd.cusolle@koresoftware.com,koresoftware.com,Corporate/Other
Hibiotech,Robert J Robinson,rrobinson@hibiotech.com,hibiotech.com,Corporate/Other
Kochind,Charles C. Koch,charles.koch@kochind.com,kochind.com,Corporate/Other
Knowland,Amy M. Seibel,aseibel@knowland.com,knowland.com,Corporate/Other
Klmcapital,Donald W. Brooks,dbrooks@klmcapital.com,klmcapital.com,VC/Investor
Kleissner,Lisa Kleissner,lisa@kleissner.com,kleissner.com,Corporate/Other
Kitanocapital,Randy Work,rwork@kitanocapital.com,kitanocapital.com,VC/Investor
Kirlanvc,Kenneth A. Keller,kenkeller@kirlanvc.com,kirlanvc.com,VC/Investor
Kicventures,Aditya Humad,adityahumad@kicventures.com,kicventures.com,VC/Investor
Kblvc,Zachary C. Berk,zberk@kblvc.com,kblvc.com,VC/Investor
Zeakal,Han Chen,hchen@zeakal.com,zeakal.com,Corporate/Other
Juniusrep,John Fraser,john.fraser@juniusrep.com,juniusrep.com,Corporate/Other
Johnsonventures,Richard L. Johnson,rick.johnson@johnsonventures.com,johnsonventures.com,VC/Investor
Jenpartners,Reuben S. Leibowitz,rleibowitz@jenpartners.com,jenpartners.com,VC/Investor
Iyaventures,Kwame Leslie Dougan,kwame@iyaventures.com,iyaventures.com,VC/Investor
Iocventures,Alison Arnoff,alison@iocventures.com,iocventures.com,VC/Investor
Svlsa,George Wallace,george.wallace@svlsa.com,svlsa.com,Corporate/Other
Wrap,Eric Greenberg,eric.greenberg@wrap.co,wrap.co,Corporate/Other
Innoppl,Nash Ogden,nash@innoppl.com,innoppl.com,Corporate/Other
Ineocapital,Mark Sirinyan,mark@ineocapital.com,ineocapital.com,VC/Investor
Indigopartners.Net,William A. Franke,wfranke@indigopartners.net,indigopartners.net,VC/Investor
Inceptionfunds,Viet Ly,viet@inceptionfunds.com,inceptionfunds.com,VC/Investor
Impactfoundation.Org,Jeff Johns,jeff@impactfoundation.org,impactfoundation.org,Corporate/Other
Huntingtonventures,Douglas Broyles,dbroyles@huntingtonventures.com,huntingtonventures.com,VC/Investor
Hvstartupfund,Tony DiMarco,tony@hvstartupfund.com,hvstartupfund.com,VC/Investor
Hpitx,Dick Anderson,anderson@hpitx.com,hpitx.com,Corporate/Other
Hippoventures,Bob Young,bob@hippoventures.com,hippoventures.com,VC/Investor
Mclartycapital,Monro B. Lanier,mlanier@mclartycapital.com,mclartycapital.com,VC/Investor
Hickoryridgecapital,Jeffrey T. Harvey,jeff@hickoryridgecapital.com,hickoryridgecapital.com,VC/Investor
Healthfundr,Corey Davis,corey@healthfundr.com,healthfundr.com,VC/Investor
Headlandscap,David E. Park,dpark@headlandscap.com,headlandscap.com,Corporate/Other
Greenpointfunds,Michael Hull,michael@greenpointfunds.com,greenpointfunds.com,VC/Investor
Greenhillsventures,Emanuel Martinez,emartinez@greenhillsventures.com,greenhillsventures.com,VC/Investor
Greenhavenpartners,Wayne Cooper,wayne@greenhavenpartners.com,greenhavenpartners.com,VC/Investor
Greatpointholdings,Liz Gearon,lgearon@greatpointholdings.com,greatpointholdings.com,Corporate/Other
Arcatolabs,Christopher S. Meldrum,cmeldrum@arcatolabs.com,arcatolabs.com,Corporate/Other
Goldenbellpartners,Edward P. Hutchinson,ehutchinson@goldenbellpartners.com,goldenbellpartners.com,VC/Investor
